NaN,NaN,NaN,NaN,NaN,NaN,NaN,NaN,NaN,NaN,NaN,NaN,NaN,6.0,6.0,6.0,6.0,6.0,6.0,6.0,6.0,6.0,6.0,6.0,6.0,6.0,6.0,6.0,6.0,6.0,6.0,6.0,6.0,6.0,6.0,6.0,6.0,6.0,6.0,6.0,6.0,6.0,6.0,6.0,6.0,6.0,6.0,6.0,6.0,6.0,6.0,6.0,6.0,6.0,6.0,6.0,6.0,6.0,6.0,6.0,6.0,6.0,6.0,6.0,6.0,6.0,6.0,6.0,6.0,6.0,6.0,6.0,6.0,6.0,6.0,6.0,6.0,6.0,6.0,6.0,6.0,NaN,NaN,NaN,NaN,NaN,NaN,NaN,NaN,NaN,6.0,6.0,6.0,6.0,6.0,6.0,6.0,6.0,6.0,6.0
NaN,NaN,NaN,NaN,NaN,NaN,NaN,NaN,NaN,NaN,NaN,NaN,NaN,NaN,NaN,NaN,NaN,NaN,NaN,NaN,NaN,NaN,NaN,NaN,NaN,NaN,NaN,NaN,NaN,NaN,NaN,NaN,NaN,NaN,NaN,NaN,NaN,NaN,NaN,NaN,6.0,6.0,6.0,6.0,6.0,6.0,6.0,6.0,6.0,6.0,6.0,6.0,6.0,6.0,6.0,6.0,6.0,6.0,6.0,6.0,6.0,6.0,6.0,6.0,6.0,6.0,6.0,6.0,6.0,6.0,6.0,6.0,6.0,6.0,6.0,6.0,6.0,6.0,6.0,6.0,6.0,NaN,NaN,NaN,NaN,NaN,NaN,NaN,NaN,NaN,6.0,6.0,6.0,6.0,6.0,6.0,6.0,6.0,6.0,6.0
NaN,NaN,NaN,NaN,NaN,NaN,NaN,NaN,NaN,NaN,NaN,NaN,NaN,NaN,NaN,NaN,NaN,NaN,NaN,NaN,NaN,NaN,NaN,NaN,NaN,NaN,NaN,NaN,NaN,NaN,NaN,NaN,NaN,NaN,NaN,NaN,NaN,NaN,NaN,NaN,NaN,NaN,NaN,NaN,NaN,NaN,NaN,NaN,NaN,NaN,NaN,NaN,NaN,NaN,NaN,NaN,NaN,NaN,NaN,6.0,6.0,6.0,6.0,6.0,6.0,6.0,6.0,6.0,6.0,6.0,6.0,6.0,6.0,6.0,6.0,6.0,6.0,6.0,6.0,6.0,6.0,NaN,NaN,NaN,NaN,NaN,NaN,NaN,NaN,NaN,6.0,6.0,6.0,6.0,6.0,6.0,6.0,6.0,6.0,6.0
NaN,NaN,NaN,NaN,NaN,NaN,NaN,NaN,NaN,NaN,NaN,NaN,NaN,NaN,NaN,NaN,NaN,NaN,NaN,NaN,NaN,NaN,NaN,NaN,NaN,NaN,NaN,NaN,NaN,NaN,NaN,NaN,NaN,NaN,NaN,NaN,NaN,NaN,NaN,NaN,NaN,NaN,NaN,NaN,NaN,NaN,NaN,NaN,NaN,NaN,NaN,NaN,NaN,NaN,NaN,NaN,NaN,NaN,6.0,6.0,6.0,6.0,6.0,6.0,6.0,6.0,6.0,6.0,6.0,6.0,6.0,6.0,6.0,6.0,6.0,6.0,6.0,6.0,6.0,6.0,6.0,NaN,NaN,NaN,NaN,NaN,NaN,NaN,NaN,NaN,6.0,6.0,6.0,6.0,6.0,6.0,6.0,6.0,6.0,6.0
NaN,NaN,NaN,NaN,NaN,NaN,NaN,NaN,NaN,NaN,NaN,NaN,NaN,NaN,NaN,NaN,NaN,NaN,NaN,NaN,NaN,NaN,NaN,NaN,NaN,NaN,NaN,NaN,NaN,NaN,NaN,NaN,NaN,NaN,NaN,NaN,NaN,NaN,NaN,NaN,NaN,NaN,NaN,NaN,NaN,NaN,NaN,NaN,NaN,NaN,NaN,NaN,NaN,NaN,NaN,NaN,NaN,NaN,6.0,6.0,6.0,6.0,6.0,6.0,6.0,6.0,6.0,6.0,6.0,6.0,6.0,6.0,6.0,6.0,6.0,6.0,6.0,6.0,6.0,6.0,6.0,NaN,NaN,NaN,NaN,NaN,NaN,NaN,NaN,NaN,6.0,6.0,6.0,6.0,6.0,6.0,6.0,6.0,6.0,6.0
NaN,NaN,NaN,NaN,NaN,NaN,NaN,NaN,NaN,NaN,NaN,NaN,NaN,NaN,NaN,NaN,NaN,NaN,NaN,NaN,NaN,NaN,NaN,NaN,NaN,NaN,NaN,NaN,NaN,NaN,NaN,NaN,NaN,NaN,NaN,NaN,NaN,NaN,NaN,NaN,NaN,NaN,NaN,NaN,NaN,NaN,NaN,NaN,NaN,NaN,NaN,NaN,NaN,NaN,NaN,NaN,NaN,6.0,6.0,6.0,6.0,6.0,6.0,6.0,6.0,6.0,6.0,6.0,6.0,6.0,6.0,6.0,6.0,6.0,6.0,6.0,6.0,6.0,6.0,6.0,6.0,NaN,NaN,NaN,NaN,NaN,NaN,NaN,NaN,NaN,6.0,6.0,6.0,6.0,6.0,6.0,6.0,6.0,6.0,6.0
NaN,NaN,NaN,NaN,NaN,NaN,NaN,NaN,NaN,NaN,NaN,NaN,NaN,NaN,NaN,NaN,NaN,NaN,NaN,NaN,NaN,NaN,NaN,NaN,NaN,NaN,NaN,NaN,NaN,NaN,NaN,NaN,NaN,NaN,NaN,NaN,NaN,NaN,NaN,NaN,NaN,NaN,NaN,NaN,NaN,NaN,NaN,NaN,NaN,NaN,NaN,NaN,NaN,NaN,NaN,NaN,NaN,6.0,6.0,6.0,6.0,6.0,6.0,6.0,6.0,6.0,6.0,6.0,6.0,6.0,6.0,6.0,6.0,6.0,6.0,6.0,6.0,6.0,6.0,6.0,6.0,NaN,NaN,NaN,NaN,NaN,NaN,NaN,NaN,NaN,6.0,6.0,6.0,6.0,6.0,6.0,6.0,6.0,6.0,6.0
NaN,NaN,NaN,NaN,NaN,NaN,NaN,NaN,NaN,NaN,NaN,NaN,NaN,NaN,NaN,NaN,NaN,NaN,NaN,NaN,NaN,NaN,NaN,NaN,NaN,NaN,NaN,NaN,NaN,NaN,NaN,NaN,NaN,NaN,NaN,NaN,NaN,NaN,NaN,NaN,NaN,NaN,NaN,NaN,NaN,NaN,NaN,NaN,NaN,NaN,NaN,NaN,NaN,NaN,NaN,NaN,6.0,6.0,6.0,6.0,6.0,6.0,6.0,6.0,6.0,6.0,6.0,6.0,6.0,6.0,6.0,6.0,6.0,6.0,6.0,6.0,6.0,6.0,6.0,6.0,6.0,NaN,NaN,NaN,NaN,NaN,NaN,NaN,NaN,NaN,6.0,6.0,6.0,6.0,6.0,6.0,6.0,6.0,6.0,6.0
NaN,NaN,NaN,NaN,NaN,NaN,NaN,NaN,NaN,NaN,NaN,NaN,NaN,NaN,NaN,NaN,NaN,NaN,NaN,NaN,NaN,NaN,NaN,NaN,NaN,NaN,NaN,NaN,NaN,NaN,NaN,NaN,NaN,NaN,NaN,NaN,NaN,NaN,NaN,NaN,NaN,NaN,NaN,NaN,NaN,NaN,NaN,NaN,NaN,NaN,NaN,NaN,NaN,NaN,NaN,NaN,6.0,6.0,6.0,6.0,6.0,6.0,6.0,6.0,6.0,6.0,6.0,6.0,6.0,6.0,6.0,6.0,6.0,6.0,6.0,6.0,6.0,6.0,6.0,6.0,6.0,NaN,NaN,NaN,NaN,NaN,NaN,NaN,NaN,NaN,6.0,6.0,6.0,6.0,6.0,6.0,6.0,6.0,6.0,6.0
NaN,NaN,NaN,NaN,NaN,NaN,NaN,NaN,NaN,NaN,NaN,NaN,NaN,NaN,NaN,NaN,NaN,NaN,NaN,NaN,NaN,NaN,NaN,NaN,NaN,NaN,NaN,NaN,NaN,NaN,NaN,NaN,NaN,NaN,NaN,NaN,NaN,NaN,NaN,NaN,NaN,NaN,NaN,NaN,NaN,NaN,NaN,NaN,NaN,NaN,NaN,NaN,NaN,NaN,NaN,6.0,6.0,6.0,6.0,6.0,6.0,6.0,6.0,6.0,6.0,6.0,6.0,6.0,6.0,6.0,6.0,6.0,6.0,6.0,6.0,6.0,6.0,6.0,6.0,6.0,6.0,NaN,NaN,NaN,NaN,NaN,NaN,NaN,NaN,NaN,6.0,6.0,6.0,6.0,6.0,6.0,6.0,6.0,6.0,6.0
NaN,NaN,NaN,NaN,NaN,NaN,NaN,NaN,NaN,NaN,NaN,NaN,NaN,NaN,NaN,NaN,NaN,NaN,NaN,NaN,NaN,NaN,NaN,NaN,NaN,NaN,NaN,NaN,NaN,NaN,NaN,NaN,NaN,NaN,NaN,NaN,NaN,NaN,NaN,NaN,NaN,NaN,NaN,NaN,NaN,NaN,NaN,NaN,NaN,NaN,NaN,NaN,NaN,NaN,NaN,6.0,6.0,6.0,6.0,6.0,6.0,6.0,6.0,6.0,6.0,6.0,6.0,6.0,6.0,6.0,6.0,6.0,6.0,6.0,6.0,6.0,6.0,6.0,6.0,6.0,NaN,NaN,NaN,NaN,NaN,NaN,NaN,NaN,NaN,6.0,6.0,6.0,6.0,6.0,6.0,6.0,6.0,6.0,6.0,6.0
NaN,NaN,NaN,NaN,NaN,NaN,NaN,NaN,NaN,NaN,NaN,NaN,NaN,NaN,NaN,NaN,NaN,NaN,NaN,NaN,NaN,NaN,NaN,NaN,NaN,NaN,NaN,NaN,NaN,NaN,NaN,NaN,NaN,NaN,NaN,NaN,NaN,NaN,NaN,NaN,NaN,NaN,NaN,NaN,NaN,NaN,NaN,NaN,NaN,NaN,NaN,NaN,NaN,NaN,6.0,6.0,6.0,6.0,6.0,6.0,6.0,6.0,6.0,6.0,6.0,6.0,6.0,6.0,6.0,6.0,6.0,6.0,6.0,6.0,6.0,6.0,6.0,6.0,6.0,6.0,NaN,NaN,NaN,NaN,NaN,NaN,NaN,NaN,NaN,6.0,6.0,6.0,6.0,6.0,6.0,6.0,6.0,6.0,6.0,6.0
NaN,NaN,NaN,NaN,NaN,NaN,NaN,NaN,NaN,NaN,NaN,NaN,NaN,NaN,NaN,NaN,NaN,NaN,NaN,NaN,NaN,NaN,NaN,NaN,NaN,NaN,NaN,NaN,NaN,NaN,NaN,NaN,NaN,NaN,NaN,NaN,NaN,NaN,NaN,NaN,NaN,NaN,NaN,NaN,NaN,NaN,NaN,NaN,NaN,NaN,NaN,NaN,NaN,NaN,6.0,6.0,6.0,6.0,6.0,6.0,6.0,6.0,6.0,6.0,6.0,6.0,6.0,6.0,6.0,6.0,6.0,6.0,6.0,6.0,6.0,6.0,6.0,6.0,6.0,6.0,NaN,NaN,NaN,NaN,NaN,NaN,NaN,NaN,NaN,6.0,6.0,6.0,6.0,6.0,6.0,6.0,6.0,6.0,6.0,6.0
NaN,NaN,NaN,NaN,NaN,NaN,NaN,NaN,NaN,NaN,NaN,NaN,NaN,NaN,NaN,NaN,NaN,NaN,NaN,NaN,NaN,NaN,NaN,NaN,NaN,NaN,NaN,NaN,NaN,NaN,NaN,NaN,NaN,NaN,NaN,NaN,NaN,NaN,NaN,NaN,NaN,NaN,NaN,NaN,NaN,NaN,NaN,NaN,NaN,NaN,NaN,NaN,NaN,6.0,6.0,6.0,6.0,6.0,6.0,6.0,6.0,6.0,6.0,6.0,6.0,6.0,6.0,6.0,6.0,6.0,6.0,6.0,6.0,6.0,6.0,6.0,6.0,6.0,6.0,6.0,NaN,NaN,NaN,NaN,NaN,NaN,NaN,NaN,NaN,6.0,6.0,6.0,6.0,6.0,6.0,6.0,6.0,6.0,6.0,6.0
NaN,NaN,NaN,NaN,NaN,NaN,NaN,NaN,NaN,NaN,NaN,NaN,NaN,NaN,NaN,NaN,NaN,NaN,NaN,NaN,NaN,NaN,NaN,NaN,NaN,NaN,NaN,NaN,NaN,NaN,NaN,NaN,NaN,NaN,NaN,NaN,NaN,NaN,NaN,NaN,NaN,NaN,NaN,NaN,NaN,NaN,NaN,NaN,NaN,NaN,NaN,NaN,NaN,6.0,6.0,6.0,6.0,6.0,6.0,6.0,6.0,6.0,6.0,6.0,6.0,6.0,6.0,6.0,6.0,6.0,6.0,6.0,6.0,6.0,6.0,6.0,6.0,6.0,6.0,6.0,NaN,NaN,NaN,NaN,NaN,NaN,NaN,NaN,6.0,6.0,6.0,6.0,6.0,6.0,6.0,6.0,6.0,6.0,6.0,6.0
NaN,NaN,NaN,NaN,NaN,NaN,NaN,NaN,NaN,NaN,NaN,NaN,NaN,NaN,NaN,NaN,NaN,NaN,NaN,NaN,NaN,NaN,NaN,NaN,NaN,NaN,NaN,NaN,NaN,NaN,NaN,NaN,NaN,NaN,NaN,NaN,NaN,NaN,NaN,NaN,NaN,NaN,NaN,NaN,NaN,NaN,NaN,NaN,NaN,NaN,NaN,NaN,6.0,6.0,6.0,6.0,6.0,6.0,6.0,6.0,6.0,6.0,6.0,6.0,6.0,6.0,6.0,6.0,6.0,6.0,6.0,6.0,6.0,6.0,6.0,6.0,6.0,6.0,6.0,NaN,NaN,NaN,NaN,NaN,NaN,NaN,NaN,NaN,6.0,6.0,6.0,6.0,6.0,6.0,6.0,6.0,6.0,6.0,6.0,6.0
NaN,NaN,NaN,NaN,NaN,NaN,NaN,NaN,NaN,NaN,NaN,NaN,NaN,NaN,NaN,NaN,NaN,NaN,NaN,NaN,NaN,NaN,NaN,NaN,NaN,NaN,NaN,NaN,NaN,NaN,NaN,NaN,NaN,NaN,NaN,NaN,NaN,NaN,NaN,NaN,NaN,NaN,NaN,NaN,NaN,NaN,NaN,NaN,NaN,NaN,NaN,NaN,6.0,6.0,6.0,6.0,6.0,6.0,6.0,6.0,6.0,6.0,6.0,6.0,6.0,6.0,6.0,6.0,6.0,6.0,6.0,6.0,6.0,6.0,6.0,6.0,6.0,6.0,6.0,NaN,NaN,NaN,NaN,NaN,NaN,NaN,NaN,NaN,6.0,6.0,6.0,6.0,6.0,6.0,6.0,6.0,6.0,6.0,6.0,6.0
NaN,NaN,NaN,NaN,NaN,NaN,NaN,NaN,NaN,NaN,NaN,NaN,NaN,NaN,NaN,NaN,NaN,NaN,NaN,NaN,NaN,NaN,NaN,NaN,NaN,NaN,NaN,NaN,NaN,NaN,NaN,NaN,NaN,NaN,NaN,NaN,NaN,NaN,NaN,NaN,NaN,NaN,NaN,NaN,NaN,NaN,NaN,NaN,NaN,NaN,NaN,NaN,6.0,6.0,6.0,6.0,6.0,6.0,6.0,6.0,6.0,6.0,6.0,6.0,6.0,6.0,6.0,6.0,6.0,6.0,6.0,6.0,6.0,6.0,6.0,6.0,6.0,6.0,6.0,NaN,NaN,NaN,NaN,NaN,NaN,NaN,NaN,NaN,6.0,6.0,6.0,6.0,6.0,6.0,6.0,6.0,6.0,6.0,6.0,6.0
NaN,NaN,NaN,NaN,NaN,NaN,NaN,NaN,NaN,NaN,NaN,NaN,NaN,NaN,NaN,NaN,NaN,NaN,NaN,NaN,NaN,NaN,NaN,NaN,NaN,NaN,NaN,NaN,NaN,NaN,NaN,NaN,NaN,NaN,NaN,NaN,NaN,NaN,NaN,NaN,NaN,NaN,NaN,NaN,NaN,NaN,NaN,NaN,NaN,NaN,NaN,6.0,6.0,6.0,6.0,6.0,6.0,6.0,6.0,6.0,6.0,6.0,6.0,6.0,6.0,6.0,6.0,6.0,6.0,6.0,6.0,6.0,6.0,6.0,6.0,6.0,6.0,6.0,6.0,NaN,NaN,NaN,NaN,NaN,NaN,NaN,NaN,18.0,18.0,18.0,18.0,18.0,18.0,21.69725055083951,25.96983583677869,30.242421122717865,34.51500640865711,38.78759169459629,43.06017698053553,47.3327622664747
NaN,NaN,NaN,NaN,NaN,NaN,NaN,NaN,NaN,NaN,NaN,NaN,NaN,NaN,NaN,NaN,NaN,NaN,NaN,NaN,NaN,NaN,NaN,NaN,NaN,NaN,NaN,NaN,NaN,NaN,NaN,NaN,NaN,NaN,NaN,NaN,NaN,NaN,NaN,NaN,NaN,NaN,NaN,NaN,NaN,NaN,NaN,NaN,NaN,NaN,NaN,6.0,6.0,6.0,6.0,6.0,6.0,6.0,6.0,6.0,6.0,6.0,6.0,6.0,6.0,6.0,6.0,6.0,6.0,6.0,6.0,6.0,6.0,6.0,6.0,6.0,6.0,6.0,6.0,6.0,NaN,NaN,NaN,NaN,NaN,NaN,18.0,18.0,18.0,18.0,18.0,18.0,18.0,21.69725055083951,25.96983583677869,30.242421122717865,34.51500640865711,38.78759169459629,43.06017698053553,47.3327622664747
NaN,NaN,NaN,NaN,NaN,NaN,NaN,NaN,NaN,NaN,NaN,NaN,NaN,NaN,NaN,NaN,NaN,NaN,NaN,NaN,NaN,NaN,NaN,NaN,NaN,NaN,NaN,NaN,NaN,NaN,NaN,NaN,NaN,NaN,NaN,NaN,NaN,NaN,NaN,NaN,NaN,NaN,NaN,NaN,NaN,NaN,NaN,NaN,NaN,NaN,6.0,6.0,6.0,6.0,6.0,6.0,6.0,6.0,6.0,6.0,6.0,6.0,6.0,6.0,6.0,6.0,6.0,6.0,6.0,6.0,6.0,6.0,6.0,6.0,6.0,6.0,6.0,6.0,6.0,6.0,NaN,NaN,NaN,NaN,NaN,18.0,18.0,18.0,18.0,18.0,18.0,18.0,18.0,21.69725055083951,25.96983583677869,30.242421122717865,34.51500640865711,38.78759169459629,43.06017698053553,47.3327622664747
NaN,NaN,NaN,NaN,NaN,NaN,NaN,NaN,NaN,NaN,NaN,NaN,NaN,NaN,NaN,NaN,NaN,NaN,NaN,NaN,NaN,NaN,NaN,NaN,NaN,NaN,NaN,NaN,NaN,NaN,NaN,NaN,NaN,NaN,NaN,NaN,NaN,NaN,NaN,NaN,NaN,NaN,NaN,NaN,NaN,NaN,NaN,NaN,NaN,NaN,6.0,6.0,6.0,6.0,6.0,6.0,6.0,6.0,6.0,6.0,6.0,6.0,6.0,6.0,6.0,6.0,6.0,6.0,6.0,6.0,6.0,6.0,6.0,6.0,6.0,6.0,6.0,6.0,6.0,6.0,6.0,NaN,NaN,NaN,18.0,18.0,18.0,18.0,18.0,18.0,18.0,18.0,18.0,21.69725055083951,25.96983583677869,30.242421122717865,34.51500640865711,38.78759169459629,43.06017698053553,47.3327622664747
NaN,NaN,NaN,NaN,NaN,NaN,NaN,NaN,NaN,NaN,NaN,NaN,NaN,NaN,NaN,NaN,NaN,NaN,NaN,NaN,NaN,NaN,NaN,NaN,NaN,NaN,NaN,NaN,NaN,NaN,NaN,NaN,NaN,NaN,NaN,NaN,NaN,NaN,NaN,NaN,NaN,NaN,NaN,NaN,NaN,NaN,NaN,NaN,NaN,NaN,6.0,6.0,6.0,6.0,6.0,6.0,6.0,6.0,6.0,6.0,6.0,6.0,6.0,6.0,6.0,6.0,6.0,6.0,6.0,6.0,6.0,6.0,6.0,6.0,6.0,6.0,6.0,6.0,6.0,6.0,6.0,NaN,NaN,18.0,18.0,18.0,18.0,18.0,18.0,18.0,18.0,18.0,18.0,21.69725055083951,25.96983583677869,30.242421122717865,34.51500640865711,38.78759169459629,43.06017698053553,47.3327622664747
NaN,NaN,NaN,NaN,NaN,NaN,NaN,NaN,NaN,NaN,NaN,NaN,NaN,NaN,NaN,NaN,NaN,NaN,NaN,NaN,NaN,NaN,NaN,NaN,NaN,NaN,NaN,NaN,NaN,NaN,NaN,NaN,NaN,NaN,NaN,NaN,NaN,NaN,NaN,NaN,NaN,NaN,NaN,NaN,NaN,NaN,NaN,NaN,NaN,6.0,6.0,6.0,6.0,6.0,6.0,6.0,6.0,6.0,6.0,6.0,6.0,6.0,6.0,6.0,6.0,6.0,6.0,6.0,6.0,6.0,6.0,6.0,6.0,6.0,6.0,6.0,6.0,6.0,6.0,6.0,6.0,6.0,18.0,18.0,18.0,18.0,18.0,18.0,18.0,18.0,18.0,18.0,18.0,21.69725055083951,25.96983583677869,30.242421122717865,34.51500640865711,38.78759169459629,43.06017698053553,47.3327622664747
NaN,NaN,NaN,NaN,NaN,NaN,NaN,NaN,NaN,NaN,NaN,NaN,NaN,NaN,NaN,NaN,NaN,NaN,NaN,NaN,NaN,NaN,NaN,NaN,NaN,NaN,NaN,NaN,NaN,NaN,NaN,NaN,NaN,NaN,NaN,NaN,NaN,NaN,NaN,NaN,NaN,NaN,NaN,NaN,NaN,NaN,NaN,NaN,NaN,6.0,6.0,6.0,6.0,6.0,6.0,6.0,6.0,6.0,6.0,6.0,6.0,6.0,6.0,6.0,6.0,6.0,6.0,6.0,6.0,6.0,6.0,6.0,6.0,6.0,6.0,6.0,6.0,6.0,6.0,6.0,6.0,6.0,18.0,18.0,18.0,18.0,18.0,18.0,18.0,18.0,18.0,18.0,18.0,21.69725055083951,25.96983583677869,30.242421122717865,34.51500640865711,38.78759169459629,43.06017698053553,47.3327622664747
NaN,NaN,NaN,NaN,NaN,NaN,NaN,NaN,NaN,NaN,NaN,NaN,NaN,NaN,NaN,NaN,NaN,NaN,NaN,NaN,NaN,NaN,NaN,NaN,NaN,NaN,NaN,NaN,NaN,NaN,NaN,NaN,NaN,NaN,NaN,NaN,NaN,NaN,NaN,NaN,NaN,NaN,NaN,NaN,NaN,NaN,NaN,NaN,NaN,6.0,6.0,6.0,6.0,6.0,6.0,6.0,6.0,6.0,6.0,6.0,6.0,6.0,6.0,6.0,6.0,6.0,6.0,6.0,6.0,6.0,6.0,6.0,6.0,6.0,6.0,6.0,6.0,6.0,6.0,6.0,6.0,6.0,18.0,18.0,18.0,18.0,18.0,18.0,18.0,18.0,18.0,18.0,18.0,21.69725055083951,25.96983583677869,30.242421122717865,34.51500640865711,38.78759169459629,43.06017698053553,47.3327622664747
NaN,NaN,NaN,NaN,NaN,NaN,NaN,NaN,NaN,NaN,NaN,NaN,NaN,NaN,NaN,NaN,NaN,NaN,NaN,NaN,NaN,NaN,NaN,NaN,NaN,NaN,NaN,NaN,NaN,NaN,NaN,NaN,NaN,NaN,NaN,NaN,NaN,NaN,NaN,NaN,NaN,NaN,NaN,NaN,NaN,NaN,NaN,NaN,6.0,6.0,6.0,6.0,6.0,6.0,6.0,6.0,6.0,6.0,6.0,6.0,6.0,6.0,6.0,6.0,6.0,6.0,6.0,6.0,6.0,6.0,6.0,6.0,6.0,6.0,6.0,6.0,6.0,6.0,6.0,6.0,6.0,6.0,18.0,18.0,18.0,18.0,18.0,18.0,18.0,18.0,18.0,18.0,18.0,21.69725055083951,25.96983583677869,30.242421122717865,34.51500640865711,38.78759169459629,43.06017698053553,47.3327622664747
NaN,NaN,NaN,NaN,NaN,NaN,NaN,NaN,NaN,NaN,NaN,NaN,NaN,NaN,NaN,NaN,NaN,NaN,NaN,NaN,NaN,NaN,NaN,NaN,NaN,NaN,NaN,NaN,NaN,NaN,NaN,NaN,NaN,NaN,NaN,NaN,NaN,NaN,NaN,NaN,NaN,NaN,NaN,NaN,NaN,NaN,NaN,NaN,6.0,6.0,6.0,6.0,6.0,6.0,6.0,6.0,6.0,6.0,6.0,6.0,6.0,6.0,6.0,6.0,6.0,6.0,6.0,6.0,6.0,6.0,6.0,6.0,6.0,6.0,6.0,6.0,6.0,6.0,6.0,6.0,6.0,6.0,18.0,18.0,18.0,18.0,18.0,18.0,18.0,18.0,18.0,18.0,18.0,21.69725055083951,25.96983583677869,30.242421122717865,34.51500640865711,38.78759169459629,43.06017698053553,47.3327622664747
NaN,NaN,NaN,NaN,NaN,NaN,NaN,NaN,NaN,NaN,NaN,NaN,NaN,NaN,NaN,NaN,NaN,NaN,NaN,NaN,NaN,NaN,NaN,NaN,NaN,NaN,NaN,NaN,NaN,NaN,NaN,NaN,NaN,NaN,NaN,NaN,NaN,NaN,NaN,NaN,NaN,NaN,NaN,NaN,NaN,NaN,NaN,6.0,6.0,6.0,6.0,6.0,6.0,6.0,6.0,6.0,6.0,6.0,6.0,6.0,6.0,6.0,6.0,6.0,6.0,6.0,6.0,6.0,6.0,6.0,6.0,6.0,6.0,6.0,6.0,6.0,6.0,6.0,6.0,6.0,6.0,6.0,18.0,18.0,18.0,18.0,18.0,18.0,18.0,18.0,18.0,18.0,18.0,21.69725055083951,25.96983583677869,30.242421122717865,34.51500640865711,38.78759169459629,43.06017698053553,47.3327622664747
NaN,NaN,NaN,NaN,NaN,NaN,NaN,NaN,NaN,NaN,NaN,NaN,NaN,NaN,NaN,NaN,NaN,NaN,NaN,NaN,NaN,NaN,NaN,NaN,NaN,NaN,NaN,NaN,NaN,NaN,NaN,NaN,NaN,NaN,NaN,NaN,NaN,NaN,NaN,NaN,NaN,NaN,NaN,NaN,NaN,NaN,NaN,6.0,6.0,6.0,6.0,6.0,6.0,6.0,6.0,6.0,6.0,6.0,6.0,6.0,6.0,6.0,6.0,6.0,6.0,6.0,6.0,6.0,6.0,6.0,6.0,6.0,6.0,6.0,6.0,6.0,6.0,6.0,6.0,6.0,6.0,6.0,NaN,NaN,NaN,NaN,NaN,NaN,NaN,NaN,NaN,18.0,18.0,21.69725055083951,25.96983583677869,30.242421122717865,34.51500640865711,38.78759169459629,43.06017698053553,47.3327622664747
NaN,NaN,NaN,NaN,NaN,NaN,NaN,NaN,NaN,NaN,NaN,NaN,NaN,NaN,NaN,NaN,NaN,NaN,NaN,NaN,NaN,NaN,NaN,NaN,NaN,NaN,NaN,NaN,NaN,NaN,NaN,NaN,NaN,NaN,NaN,NaN,NaN,NaN,NaN,NaN,NaN,NaN,NaN,NaN,NaN,NaN,NaN,6.0,6.0,6.0,6.0,6.0,6.0,6.0,6.0,6.0,6.0,6.0,6.0,6.0,6.0,6.0,6.0,6.0,6.0,6.0,6.0,6.0,6.0,6.0,6.0,6.0,6.0,6.0,6.0,6.0,6.0,6.0,6.0,6.0,6.0,6.0,NaN,NaN,NaN,NaN,NaN,NaN,NaN,NaN,NaN,NaN,NaN,21.69725055083951,25.96983583677869,30.242421122717865,34.51500640865711,38.78759169459629,43.06017698053553,47.3327622664747
NaN,NaN,NaN,NaN,NaN,NaN,NaN,NaN,NaN,NaN,NaN,NaN,NaN,NaN,NaN,NaN,NaN,NaN,NaN,NaN,NaN,NaN,NaN,NaN,NaN,NaN,NaN,NaN,NaN,NaN,NaN,NaN,NaN,NaN,NaN,NaN,NaN,NaN,NaN,NaN,NaN,NaN,NaN,NaN,NaN,NaN,6.0,6.0,6.0,6.0,6.0,6.0,6.0,6.0,6.0,6.0,6.0,6.0,6.0,6.0,6.0,6.0,6.0,6.0,6.0,6.0,6.0,6.0,6.0,6.0,6.0,6.0,6.0,6.0,6.0,6.0,6.0,6.0,6.0,6.0,6.0,6.0,NaN,NaN,NaN,NaN,NaN,NaN,NaN,NaN,NaN,NaN,NaN,NaN,25.96983583677869,30.242421122717865,34.51500640865711,38.78759169459629,43.06017698053553,47.3327622664747
NaN,NaN,NaN,NaN,NaN,NaN,NaN,NaN,NaN,NaN,NaN,NaN,NaN,NaN,NaN,NaN,NaN,NaN,NaN,NaN,NaN,NaN,NaN,NaN,NaN,NaN,NaN,NaN,NaN,NaN,NaN,NaN,NaN,NaN,NaN,NaN,NaN,NaN,NaN,NaN,NaN,NaN,NaN,NaN,NaN,NaN,6.0,6.0,6.0,6.0,6.0,6.0,6.0,6.0,6.0,6.0,6.0,6.0,6.0,6.0,6.0,6.0,6.0,6.0,6.0,6.0,6.0,6.0,6.0,6.0,6.0,6.0,6.0,6.0,6.0,6.0,6.0,6.0,6.0,6.0,6.0,NaN,NaN,NaN,NaN,NaN,NaN,NaN,NaN,NaN,NaN,NaN,NaN,NaN,NaN,30.242421122717865,34.51500640865711,38.78759169459629,43.06017698053553,47.3327622664747
NaN,NaN,NaN,NaN,NaN,NaN,NaN,NaN,NaN,NaN,NaN,NaN,NaN,NaN,NaN,NaN,NaN,NaN,NaN,NaN,NaN,NaN,NaN,NaN,NaN,NaN,NaN,NaN,NaN,NaN,NaN,NaN,NaN,NaN,NaN,NaN,NaN,NaN,NaN,NaN,NaN,NaN,NaN,NaN,NaN,NaN,6.0,6.0,6.0,6.0,6.0,6.0,6.0,6.0,6.0,6.0,6.0,6.0,6.0,6.0,6.0,6.0,6.0,6.0,6.0,6.0,6.0,6.0,6.0,6.0,6.0,6.0,6.0,6.0,6.0,6.0,6.0,6.0,6.0,6.0,6.0,NaN,NaN,NaN,NaN,NaN,NaN,NaN,NaN,NaN,NaN,NaN,NaN,NaN,NaN,NaN,34.51500640865711,38.78759169459629,43.06017698053553,47.3327622664747
NaN,NaN,NaN,NaN,NaN,NaN,NaN,NaN,NaN,NaN,NaN,NaN,NaN,NaN,NaN,NaN,NaN,NaN,NaN,NaN,NaN,NaN,NaN,NaN,NaN,NaN,NaN,NaN,NaN,NaN,NaN,NaN,NaN,NaN,NaN,NaN,NaN,NaN,NaN,NaN,NaN,NaN,NaN,NaN,NaN,6.0,6.0,6.0,6.0,6.0,6.0,6.0,6.0,6.0,6.0,6.0,6.0,6.0,6.0,6.0,6.0,6.0,6.0,6.0,6.0,6.0,6.0,6.0,6.0,6.0,6.0,6.0,6.0,6.0,6.0,6.0,6.0,6.0,6.0,6.0,NaN,NaN,NaN,NaN,NaN,NaN,NaN,NaN,NaN,NaN,NaN,NaN,NaN,NaN,NaN,NaN,NaN,38.78759169459629,43.06017698053553,47.3327622664747
NaN,NaN,NaN,NaN,NaN,NaN,NaN,NaN,NaN,NaN,NaN,NaN,NaN,NaN,NaN,NaN,NaN,NaN,NaN,NaN,NaN,NaN,NaN,NaN,NaN,NaN,NaN,NaN,NaN,NaN,NaN,NaN,NaN,NaN,NaN,NaN,NaN,NaN,NaN,NaN,NaN,NaN,NaN,NaN,NaN,6.0,6.0,6.0,6.0,6.0,6.0,6.0,6.0,6.0,6.0,6.0,6.0,6.0,6.0,6.0,6.0,6.0,6.0,6.0,6.0,6.0,6.0,6.0,6.0,6.0,6.0,6.0,6.0,6.0,6.0,6.0,6.0,6.0,6.0,6.0,NaN,NaN,NaN,NaN,NaN,NaN,NaN,NaN,NaN,NaN,NaN,NaN,NaN,NaN,NaN,NaN,NaN,NaN,NaN,47.3327622664747
NaN,NaN,NaN,NaN,NaN,NaN,NaN,NaN,NaN,NaN,NaN,NaN,NaN,NaN,NaN,NaN,NaN,NaN,NaN,NaN,NaN,NaN,NaN,NaN,NaN,NaN,NaN,NaN,NaN,NaN,NaN,NaN,NaN,NaN,NaN,NaN,NaN,NaN,NaN,NaN,NaN,NaN,NaN,NaN,NaN,6.0,6.0,6.0,6.0,6.0,6.0,6.0,6.0,6.0,6.0,6.0,6.0,6.0,6.0,6.0,6.0,6.0,6.0,6.0,6.0,6.0,6.0,6.0,6.0,6.0,6.0,6.0,6.0,6.0,6.0,6.0,6.0,6.0,6.0,NaN,NaN,NaN,NaN,NaN,NaN,NaN,NaN,NaN,NaN,NaN,NaN,NaN,NaN,NaN,NaN,NaN,NaN,NaN,NaN,47.3327622664747
NaN,NaN,NaN,NaN,NaN,NaN,NaN,NaN,NaN,NaN,NaN,NaN,NaN,NaN,NaN,NaN,NaN,NaN,NaN,NaN,NaN,NaN,NaN,NaN,NaN,NaN,NaN,NaN,NaN,NaN,NaN,NaN,NaN,NaN,NaN,NaN,NaN,NaN,NaN,NaN,NaN,NaN,NaN,NaN,6.0,6.0,6.0,6.0,6.0,6.0,6.0,6.0,6.0,6.0,6.0,6.0,6.0,6.0,6.0,6.0,6.0,6.0,6.0,6.0,NaN,NaN,NaN,NaN,NaN,NaN,6.0,6.0,6.0,6.0,6.0,6.0,6.0,6.0,6.0,NaN,NaN,NaN,NaN,NaN,NaN,NaN,NaN,NaN,NaN,NaN,NaN,NaN,NaN,NaN,NaN,NaN,NaN,NaN,NaN,47.3327622664747
NaN,NaN,NaN,NaN,NaN,NaN,NaN,NaN,NaN,NaN,NaN,NaN,NaN,NaN,NaN,NaN,NaN,NaN,NaN,NaN,NaN,NaN,NaN,NaN,NaN,NaN,NaN,NaN,NaN,NaN,NaN,NaN,NaN,NaN,NaN,NaN,NaN,NaN,NaN,NaN,NaN,NaN,NaN,NaN,6.0,6.0,6.0,6.0,6.0,6.0,6.0,6.0,6.0,6.0,6.0,6.0,6.0,6.0,6.0,6.0,6.0,6.0,6.0,NaN,NaN,NaN,NaN,NaN,NaN,NaN,NaN,6.0,6.0,6.0,6.0,6.0,6.0,6.0,6.0,NaN,NaN,NaN,NaN,NaN,NaN,NaN,NaN,NaN,NaN,NaN,NaN,NaN,NaN,NaN,NaN,NaN,NaN,NaN,NaN,47.3327622664747
NaN,NaN,NaN,NaN,NaN,NaN,NaN,NaN,NaN,NaN,NaN,NaN,NaN,NaN,NaN,NaN,NaN,NaN,NaN,NaN,NaN,NaN,NaN,NaN,NaN,NaN,NaN,NaN,NaN,NaN,NaN,NaN,NaN,NaN,NaN,NaN,NaN,NaN,NaN,NaN,NaN,NaN,NaN,NaN,6.0,6.0,6.0,6.0,6.0,6.0,6.0,6.0,6.0,6.0,6.0,6.0,6.0,6.0,6.0,6.0,6.0,6.0,6.0,NaN,NaN,NaN,NaN,NaN,NaN,NaN,NaN,6.0,6.0,6.0,6.0,6.0,6.0,6.0,6.0,NaN,NaN,NaN,NaN,NaN,NaN,NaN,NaN,NaN,NaN,NaN,NaN,NaN,NaN,NaN,NaN,NaN,NaN,NaN,NaN,47.3327622664747
NaN,NaN,NaN,NaN,NaN,NaN,NaN,NaN,NaN,NaN,NaN,NaN,NaN,NaN,NaN,NaN,NaN,NaN,NaN,NaN,NaN,NaN,NaN,NaN,NaN,NaN,NaN,NaN,NaN,NaN,NaN,NaN,NaN,NaN,NaN,NaN,NaN,NaN,NaN,NaN,NaN,NaN,NaN,6.0,6.0,6.0,6.0,6.0,6.0,6.0,6.0,6.0,6.0,6.0,6.0,6.0,6.0,6.0,6.0,6.0,6.0,6.0,6.0,NaN,NaN,NaN,NaN,NaN,NaN,NaN,NaN,6.0,6.0,6.0,6.0,6.0,6.0,6.0,NaN,NaN,NaN,NaN,NaN,NaN,NaN,NaN,NaN,NaN,NaN,NaN,NaN,NaN,NaN,NaN,NaN,NaN,NaN,NaN,NaN,47.3327622664747
NaN,NaN,NaN,NaN,NaN,NaN,NaN,NaN,NaN,NaN,NaN,NaN,NaN,NaN,NaN,NaN,NaN,NaN,NaN,NaN,NaN,NaN,NaN,NaN,NaN,NaN,NaN,NaN,NaN,NaN,NaN,NaN,NaN,NaN,NaN,NaN,NaN,NaN,NaN,NaN,NaN,NaN,NaN,6.0,6.0,6.0,6.0,6.0,6.0,6.0,6.0,6.0,6.0,6.0,6.0,6.0,6.0,6.0,6.0,6.0,6.0,6.0,NaN,NaN,NaN,NaN,NaN,NaN,NaN,NaN,NaN,NaN,6.0,6.0,6.0,6.0,6.0,6.0,NaN,NaN,NaN,NaN,NaN,NaN,NaN,NaN,NaN,NaN,NaN,NaN,NaN,NaN,NaN,NaN,NaN,NaN,NaN,NaN,NaN,47.3327622664747
NaN,NaN,NaN,NaN,NaN,NaN,NaN,NaN,NaN,NaN,NaN,NaN,NaN,NaN,NaN,NaN,NaN,NaN,NaN,NaN,NaN,NaN,NaN,NaN,NaN,NaN,NaN,NaN,NaN,NaN,NaN,NaN,NaN,NaN,NaN,NaN,NaN,NaN,NaN,NaN,NaN,NaN,NaN,6.0,6.0,6.0,6.0,6.0,6.0,6.0,6.0,6.0,6.0,6.0,6.0,6.0,6.0,6.0,6.0,6.0,6.0,6.0,NaN,NaN,NaN,NaN,NaN,NaN,NaN,NaN,NaN,NaN,6.0,6.0,6.0,6.0,6.0,6.0,NaN,NaN,NaN,NaN,NaN,NaN,NaN,NaN,NaN,NaN,NaN,NaN,NaN,NaN,NaN,NaN,NaN,NaN,NaN,NaN,NaN,47.3327622664747
NaN,NaN,NaN,NaN,NaN,NaN,NaN,NaN,NaN,NaN,NaN,NaN,NaN,NaN,NaN,NaN,NaN,NaN,NaN,NaN,NaN,NaN,NaN,NaN,NaN,NaN,NaN,NaN,NaN,NaN,NaN,NaN,NaN,NaN,NaN,NaN,NaN,NaN,NaN,NaN,NaN,NaN,6.0,6.0,6.0,6.0,6.0,6.0,6.0,6.0,6.0,6.0,6.0,6.0,6.0,6.0,6.0,6.0,6.0,6.0,6.0,6.0,NaN,NaN,NaN,NaN,NaN,NaN,NaN,NaN,NaN,NaN,NaN,6.0,6.0,6.0,6.0,6.0,NaN,NaN,NaN,NaN,NaN,NaN,NaN,NaN,NaN,NaN,NaN,NaN,NaN,NaN,NaN,NaN,NaN,NaN,NaN,NaN,NaN,47.3327622664747
NaN,NaN,NaN,NaN,NaN,NaN,NaN,NaN,NaN,NaN,NaN,NaN,NaN,NaN,NaN,NaN,NaN,NaN,NaN,NaN,NaN,NaN,NaN,NaN,NaN,NaN,NaN,NaN,NaN,NaN,NaN,NaN,NaN,NaN,NaN,NaN,NaN,NaN,NaN,NaN,NaN,NaN,6.0,6.0,6.0,6.0,6.0,6.0,6.0,6.0,6.0,6.0,6.0,6.0,6.0,6.0,6.0,6.0,6.0,6.0,6.0,6.0,NaN,NaN,NaN,NaN,NaN,NaN,NaN,NaN,NaN,NaN,NaN,6.0,6.0,6.0,6.0,6.0,NaN,NaN,NaN,NaN,NaN,NaN,NaN,NaN,NaN,NaN,NaN,NaN,NaN,NaN,NaN,NaN,NaN,NaN,NaN,NaN,NaN,47.3327622664747
NaN,NaN,NaN,NaN,NaN,NaN,NaN,NaN,NaN,NaN,NaN,NaN,NaN,NaN,NaN,NaN,NaN,NaN,NaN,NaN,NaN,NaN,NaN,NaN,NaN,NaN,NaN,NaN,NaN,NaN,NaN,NaN,NaN,NaN,NaN,NaN,NaN,NaN,NaN,NaN,NaN,NaN,6.0,6.0,6.0,6.0,6.0,6.0,6.0,6.0,6.0,6.0,6.0,6.0,6.0,6.0,6.0,6.0,6.0,6.0,6.0,6.0,6.0,NaN,NaN,NaN,NaN,NaN,NaN,NaN,NaN,NaN,NaN,6.0,6.0,6.0,6.0,NaN,NaN,NaN,NaN,NaN,NaN,NaN,NaN,NaN,NaN,NaN,NaN,NaN,NaN,NaN,NaN,NaN,NaN,NaN,NaN,NaN,NaN,NaN
NaN,NaN,NaN,NaN,NaN,NaN,NaN,NaN,NaN,NaN,NaN,NaN,NaN,NaN,NaN,NaN,NaN,NaN,NaN,NaN,NaN,NaN,NaN,NaN,NaN,NaN,NaN,NaN,NaN,NaN,NaN,NaN,NaN,NaN,NaN,NaN,NaN,NaN,NaN,NaN,NaN,6.0,6.0,6.0,6.0,6.0,6.0,6.0,6.0,6.0,6.0,6.0,6.0,6.0,6.0,6.0,6.0,6.0,6.0,6.0,6.0,6.0,6.0,NaN,NaN,NaN,NaN,NaN,NaN,NaN,NaN,NaN,NaN,6.0,6.0,6.0,6.0,NaN,NaN,NaN,NaN,NaN,NaN,NaN,NaN,NaN,NaN,NaN,NaN,NaN,NaN,NaN,NaN,NaN,NaN,NaN,NaN,NaN,NaN,NaN
NaN,NaN,NaN,NaN,NaN,NaN,NaN,NaN,NaN,NaN,NaN,NaN,NaN,NaN,NaN,NaN,NaN,NaN,NaN,NaN,NaN,NaN,NaN,NaN,NaN,NaN,NaN,NaN,NaN,NaN,NaN,NaN,NaN,NaN,NaN,NaN,NaN,NaN,NaN,NaN,NaN,6.0,6.0,6.0,6.0,6.0,6.0,6.0,6.0,6.0,6.0,6.0,6.0,6.0,6.0,6.0,6.0,6.0,6.0,6.0,6.0,6.0,6.0,NaN,NaN,NaN,NaN,NaN,NaN,NaN,NaN,NaN,NaN,6.0,6.0,6.0,6.0,NaN,NaN,NaN,NaN,NaN,NaN,NaN,NaN,NaN,NaN,NaN,NaN,NaN,NaN,NaN,NaN,NaN,NaN,NaN,NaN,NaN,NaN,NaN
NaN,NaN,NaN,NaN,NaN,NaN,NaN,NaN,NaN,NaN,NaN,NaN,NaN,NaN,NaN,NaN,NaN,NaN,NaN,NaN,NaN,NaN,NaN,NaN,NaN,NaN,NaN,NaN,NaN,NaN,NaN,NaN,NaN,NaN,NaN,NaN,NaN,NaN,NaN,NaN,6.0,6.0,6.0,6.0,6.0,6.0,6.0,6.0,6.0,6.0,6.0,6.0,6.0,6.0,6.0,6.0,6.0,6.0,6.0,6.0,6.0,6.0,6.0,NaN,NaN,NaN,NaN,NaN,NaN,NaN,NaN,NaN,6.0,6.0,6.0,6.0,6.0,NaN,NaN,NaN,NaN,NaN,NaN,NaN,NaN,NaN,NaN,NaN,NaN,NaN,NaN,NaN,NaN,NaN,NaN,NaN,NaN,NaN,NaN,NaN
NaN,NaN,NaN,NaN,NaN,NaN,NaN,NaN,NaN,NaN,NaN,NaN,NaN,NaN,NaN,NaN,NaN,NaN,NaN,NaN,NaN,NaN,NaN,NaN,NaN,NaN,NaN,NaN,NaN,NaN,NaN,NaN,NaN,NaN,NaN,NaN,NaN,NaN,NaN,NaN,6.0,6.0,6.0,6.0,6.0,6.0,6.0,6.0,6.0,6.0,6.0,6.0,6.0,6.0,6.0,6.0,6.0,6.0,6.0,6.0,6.0,6.0,6.0,NaN,NaN,NaN,NaN,NaN,NaN,NaN,NaN,NaN,6.0,6.0,6.0,6.0,6.0,NaN,NaN,NaN,NaN,NaN,NaN,NaN,NaN,NaN,NaN,NaN,NaN,NaN,NaN,NaN,NaN,NaN,NaN,NaN,NaN,NaN,NaN,NaN
NaN,NaN,NaN,NaN,NaN,NaN,NaN,NaN,NaN,NaN,NaN,NaN,NaN,NaN,NaN,NaN,NaN,NaN,NaN,NaN,NaN,NaN,NaN,NaN,NaN,NaN,NaN,NaN,NaN,NaN,NaN,NaN,NaN,NaN,NaN,NaN,NaN,NaN,NaN,6.0,6.0,6.0,6.0,6.0,6.0,6.0,6.0,6.0,6.0,6.0,6.0,6.0,6.0,6.0,6.0,6.0,6.0,6.0,6.0,6.0,6.0,6.0,6.0,NaN,NaN,NaN,NaN,NaN,NaN,NaN,NaN,NaN,6.0,6.0,6.0,6.0,NaN,NaN,NaN,NaN,NaN,NaN,NaN,NaN,NaN,NaN,NaN,NaN,NaN,NaN,NaN,NaN,NaN,NaN,NaN,NaN,NaN,NaN,NaN,NaN
NaN,NaN,NaN,NaN,NaN,NaN,NaN,NaN,NaN,NaN,NaN,NaN,NaN,NaN,NaN,NaN,NaN,NaN,NaN,NaN,NaN,NaN,NaN,NaN,NaN,NaN,NaN,NaN,NaN,NaN,NaN,NaN,NaN,NaN,NaN,NaN,NaN,NaN,NaN,6.0,6.0,6.0,6.0,6.0,6.0,6.0,6.0,6.0,6.0,6.0,6.0,6.0,6.0,6.0,6.0,6.0,6.0,6.0,6.0,6.0,6.0,6.0,6.0,6.0,NaN,NaN,NaN,NaN,NaN,NaN,NaN,NaN,6.0,6.0,6.0,6.0,NaN,NaN,NaN,NaN,NaN,NaN,NaN,NaN,NaN,NaN,NaN,NaN,NaN,NaN,NaN,NaN,NaN,NaN,NaN,NaN,NaN,NaN,NaN,NaN
NaN,NaN,NaN,NaN,NaN,NaN,NaN,NaN,NaN,NaN,NaN,NaN,NaN,NaN,NaN,NaN,NaN,NaN,NaN,NaN,NaN,NaN,NaN,NaN,NaN,NaN,NaN,NaN,NaN,NaN,NaN,NaN,NaN,NaN,NaN,NaN,NaN,NaN,6.0,6.0,6.0,6.0,6.0,6.0,6.0,6.0,6.0,6.0,6.0,6.0,6.0,6.0,6.0,6.0,6.0,6.0,6.0,6.0,6.0,6.0,6.0,6.0,6.0,6.0,6.0,NaN,NaN,NaN,NaN,NaN,NaN,6.0,6.0,6.0,6.0,6.0,NaN,NaN,NaN,NaN,NaN,NaN,NaN,NaN,NaN,NaN,NaN,NaN,NaN,NaN,NaN,NaN,NaN,NaN,NaN,NaN,NaN,NaN,NaN,NaN
NaN,NaN,NaN,NaN,NaN,NaN,NaN,NaN,NaN,NaN,NaN,NaN,NaN,NaN,NaN,NaN,NaN,NaN,NaN,NaN,NaN,NaN,NaN,NaN,NaN,NaN,NaN,NaN,NaN,NaN,NaN,NaN,NaN,NaN,NaN,NaN,NaN,NaN,6.0,6.0,6.0,6.0,6.0,6.0,6.0,6.0,6.0,6.0,6.0,6.0,6.0,6.0,6.0,6.0,6.0,6.0,6.0,NaN,6.0,6.0,6.0,6.0,6.0,6.0,6.0,NaN,NaN,NaN,6.0,6.0,6.0,6.0,6.0,6.0,6.0,6.0,NaN,NaN,NaN,NaN,NaN,NaN,NaN,NaN,NaN,NaN,NaN,NaN,NaN,NaN,NaN,NaN,NaN,NaN,NaN,NaN,NaN,NaN,NaN,NaN
NaN,NaN,NaN,NaN,NaN,NaN,NaN,NaN,NaN,NaN,NaN,NaN,NaN,NaN,NaN,NaN,NaN,NaN,NaN,NaN,NaN,NaN,NaN,NaN,NaN,NaN,NaN,NaN,NaN,NaN,NaN,NaN,NaN,NaN,NaN,NaN,NaN,6.0,6.0,6.0,6.0,6.0,6.0,6.0,6.0,6.0,6.0,6.0,6.0,6.0,6.0,6.0,6.0,6.0,6.0,6.0,NaN,NaN,NaN,NaN,NaN,6.0,6.0,6.0,6.0,NaN,NaN,NaN,NaN,NaN,NaN,6.0,6.0,6.0,6.0,6.0,NaN,NaN,NaN,NaN,NaN,NaN,NaN,NaN,NaN,NaN,NaN,NaN,NaN,NaN,NaN,NaN,NaN,NaN,NaN,NaN,NaN,NaN,NaN,NaN
NaN,NaN,NaN,NaN,NaN,NaN,NaN,NaN,NaN,NaN,NaN,NaN,NaN,NaN,NaN,NaN,NaN,NaN,NaN,NaN,NaN,NaN,NaN,NaN,NaN,NaN,NaN,NaN,NaN,NaN,NaN,NaN,NaN,NaN,NaN,NaN,NaN,6.0,6.0,6.0,6.0,6.0,6.0,6.0,6.0,6.0,6.0,6.0,6.0,6.0,6.0,6.0,6.0,6.0,6.0,6.0,NaN,NaN,NaN,NaN,NaN,6.0,6.0,6.0,6.0,NaN,NaN,NaN,NaN,NaN,NaN,NaN,6.0,6.0,6.0,6.0,NaN,NaN,NaN,NaN,NaN,NaN,NaN,NaN,NaN,NaN,NaN,NaN,NaN,NaN,NaN,NaN,NaN,NaN,NaN,NaN,NaN,NaN,NaN,NaN
NaN,NaN,NaN,NaN,NaN,NaN,NaN,NaN,NaN,NaN,NaN,NaN,NaN,NaN,NaN,NaN,NaN,NaN,NaN,NaN,NaN,NaN,NaN,NaN,NaN,NaN,NaN,NaN,NaN,NaN,NaN,NaN,NaN,NaN,NaN,NaN,6.0,6.0,6.0,6.0,6.0,6.0,6.0,6.0,6.0,6.0,6.0,6.0,6.0,6.0,6.0,6.0,6.0,6.0,6.0,NaN,NaN,NaN,NaN,NaN,NaN,6.0,6.0,6.0,NaN,NaN,NaN,NaN,NaN,NaN,NaN,NaN,NaN,6.0,6.0,NaN,NaN,NaN,NaN,NaN,NaN,NaN,NaN,NaN,NaN,NaN,NaN,NaN,NaN,NaN,NaN,NaN,NaN,NaN,NaN,NaN,NaN,NaN,NaN,47.3327622664747
NaN,NaN,NaN,NaN,NaN,NaN,NaN,NaN,NaN,NaN,NaN,NaN,NaN,NaN,NaN,NaN,NaN,NaN,NaN,NaN,NaN,NaN,NaN,NaN,NaN,NaN,NaN,NaN,NaN,NaN,NaN,NaN,NaN,NaN,NaN,NaN,6.0,6.0,6.0,6.0,6.0,6.0,6.0,6.0,6.0,6.0,6.0,6.0,6.0,6.0,6.0,6.0,6.0,6.0,6.0,6.0,NaN,NaN,NaN,NaN,NaN,6.0,6.0,6.0,NaN,NaN,NaN,NaN,NaN,NaN,NaN,NaN,NaN,NaN,6.0,NaN,NaN,NaN,NaN,NaN,NaN,NaN,NaN,NaN,NaN,NaN,NaN,NaN,NaN,NaN,NaN,NaN,NaN,NaN,NaN,NaN,NaN,NaN,NaN,47.3327622664747
NaN,NaN,NaN,NaN,NaN,NaN,NaN,NaN,NaN,NaN,NaN,NaN,NaN,NaN,NaN,NaN,NaN,NaN,NaN,NaN,NaN,NaN,NaN,NaN,NaN,NaN,NaN,NaN,NaN,NaN,NaN,NaN,NaN,NaN,NaN,6.0,6.0,6.0,6.0,6.0,6.0,6.0,6.0,6.0,6.0,6.0,6.0,6.0,6.0,6.0,6.0,6.0,6.0,6.0,6.0,6.0,NaN,NaN,NaN,NaN,NaN,6.0,6.0,NaN,NaN,NaN,NaN,NaN,NaN,NaN,NaN,NaN,NaN,NaN,6.0,NaN,NaN,NaN,NaN,NaN,NaN,NaN,NaN,NaN,NaN,NaN,NaN,NaN,NaN,NaN,NaN,NaN,NaN,NaN,NaN,NaN,NaN,NaN,NaN,47.3327622664747
NaN,NaN,NaN,NaN,NaN,NaN,NaN,NaN,NaN,NaN,NaN,NaN,NaN,NaN,NaN,NaN,NaN,NaN,NaN,NaN,NaN,NaN,NaN,NaN,NaN,NaN,NaN,NaN,NaN,NaN,NaN,NaN,NaN,NaN,NaN,6.0,6.0,6.0,6.0,6.0,6.0,6.0,6.0,6.0,6.0,6.0,6.0,6.0,6.0,6.0,6.0,6.0,6.0,6.0,6.0,6.0,NaN,NaN,NaN,NaN,6.0,6.0,6.0,NaN,NaN,NaN,NaN,NaN,NaN,NaN,NaN,NaN,NaN,6.0,6.0,NaN,NaN,NaN,NaN,NaN,NaN,NaN,NaN,NaN,NaN,NaN,NaN,NaN,NaN,NaN,NaN,NaN,NaN,NaN,NaN,NaN,NaN,NaN,NaN,47.3327622664747
NaN,NaN,NaN,NaN,NaN,NaN,NaN,NaN,NaN,NaN,NaN,NaN,NaN,NaN,NaN,NaN,NaN,NaN,NaN,NaN,NaN,NaN,NaN,NaN,NaN,NaN,NaN,NaN,NaN,NaN,NaN,NaN,NaN,NaN,NaN,6.0,6.0,6.0,6.0,6.0,6.0,6.0,6.0,6.0,6.0,6.0,6.0,6.0,6.0,6.0,6.0,6.0,6.0,6.0,6.0,6.0,6.0,NaN,6.0,6.0,6.0,6.0,6.0,6.0,NaN,NaN,NaN,NaN,NaN,NaN,NaN,NaN,NaN,6.000000000000001,6.000000000000001,NaN,NaN,NaN,NaN,NaN,NaN,NaN,NaN,NaN,NaN,NaN,NaN,NaN,NaN,NaN,NaN,NaN,NaN,NaN,NaN,NaN,NaN,NaN,NaN,47.3327622664747
NaN,NaN,NaN,NaN,NaN,NaN,NaN,NaN,NaN,NaN,NaN,NaN,NaN,NaN,NaN,NaN,NaN,NaN,NaN,NaN,NaN,NaN,NaN,NaN,NaN,NaN,NaN,NaN,NaN,NaN,NaN,NaN,NaN,NaN,NaN,6.0,6.0,6.0,6.0,6.0,6.0,6.0,6.0,6.0,6.0,6.0,6.0,6.0,6.0,6.0,6.0,6.0,6.0,6.0,6.0,6.0,6.0,6.0,6.0,6.0,6.0,6.0,6.0,6.0,NaN,NaN,NaN,NaN,NaN,NaN,NaN,NaN,NaN,6.000000000000006,6.000000000000008,NaN,NaN,NaN,NaN,NaN,NaN,NaN,NaN,NaN,NaN,NaN,NaN,NaN,NaN,NaN,NaN,NaN,NaN,NaN,NaN,NaN,NaN,NaN,NaN,47.3327622664747
NaN,NaN,NaN,NaN,NaN,NaN,NaN,NaN,NaN,NaN,NaN,NaN,NaN,NaN,NaN,NaN,NaN,NaN,NaN,NaN,NaN,NaN,NaN,NaN,NaN,NaN,NaN,NaN,NaN,NaN,NaN,NaN,NaN,NaN,NaN,6.0,6.0,6.0,6.0,6.0,6.0,6.0,6.0,6.0,6.0,6.0,6.0,6.0,6.0,6.0,6.0,6.0,6.0,6.0,6.0,6.0,6.0,6.0,6.0,6.0,6.0,6.0,6.0,6.0,6.0,NaN,NaN,NaN,NaN,NaN,NaN,NaN,6.000000000000048,6.000000000000066,NaN,NaN,NaN,NaN,NaN,NaN,NaN,NaN,NaN,NaN,NaN,NaN,NaN,NaN,NaN,NaN,NaN,NaN,NaN,NaN,NaN,NaN,NaN,NaN,NaN,47.3327622664747
NaN,NaN,NaN,NaN,NaN,NaN,NaN,NaN,NaN,NaN,NaN,NaN,NaN,NaN,NaN,NaN,NaN,NaN,NaN,NaN,NaN,NaN,NaN,NaN,NaN,NaN,NaN,NaN,NaN,NaN,NaN,NaN,NaN,NaN,NaN,NaN,6.0,6.0,6.0,6.0,6.0,6.0,6.0,6.0,6.0,6.0,6.0,6.0,6.0,6.0,6.0,6.0,6.0,6.0,6.0,6.0,6.0,6.0,6.0,6.0,6.0,6.0,6.0,6.000000000000001,6.000000000000002,NaN,NaN,NaN,NaN,NaN,NaN,NaN,6.000000000000456,6.00000000000062,NaN,NaN,NaN,NaN,NaN,NaN,NaN,NaN,NaN,NaN,NaN,NaN,NaN,NaN,NaN,NaN,NaN,NaN,NaN,NaN,NaN,NaN,NaN,NaN,NaN,47.3327622664747
NaN,NaN,NaN,NaN,NaN,NaN,NaN,NaN,NaN,NaN,NaN,NaN,NaN,NaN,NaN,NaN,NaN,NaN,NaN,NaN,NaN,NaN,NaN,NaN,NaN,NaN,NaN,NaN,NaN,NaN,NaN,NaN,NaN,NaN,NaN,NaN,6.0,6.0,6.0,6.0,6.0,6.0,6.0,6.0,6.0,6.0,6.0,6.0,6.0,6.0,6.0,6.0,6.0,6.0,6.0,6.0,6.0,6.0,6.0,6.0,6.0,6.000000000000001,6.000000000000002,6.000000000000007,6.000000000000019,6.000000000000048,NaN,NaN,NaN,NaN,NaN,6.000000000002679,6.000000000003954,6.000000000005388,NaN,NaN,NaN,NaN,NaN,NaN,NaN,NaN,NaN,NaN,NaN,NaN,NaN,NaN,NaN,NaN,NaN,NaN,NaN,NaN,NaN,NaN,NaN,NaN,43.06017698053553,47.3327622664747
NaN,NaN,NaN,NaN,NaN,NaN,NaN,NaN,NaN,NaN,NaN,NaN,NaN,NaN,NaN,NaN,NaN,NaN,NaN,NaN,NaN,NaN,NaN,NaN,NaN,NaN,NaN,NaN,NaN,NaN,NaN,NaN,NaN,NaN,NaN,NaN,6.0,6.0,6.0,6.0,6.0,6.0,6.0,6.0,6.0,6.0,6.0,6.0,6.0,6.0,6.0,6.0,6.0,6.0,6.0,6.0,6.0,6.0,6.0,6.0,6.000000000000002,6.000000000000005,6.000000000000018,6.000000000000053,6.00000000000015,6.000000000000387,6.000000000000924,6.000000000002033,6.000000000004133,6.000000000007755,6.000000000013433,6.000000000021479,6.0000000000317035,6.0000000000431974,NaN,NaN,NaN,NaN,NaN,NaN,NaN,NaN,NaN,NaN,NaN,NaN,NaN,NaN,NaN,NaN,NaN,NaN,NaN,NaN,NaN,NaN,NaN,NaN,43.06017698053553,47.3327622664747
NaN,NaN,NaN,NaN,NaN,NaN,NaN,NaN,NaN,NaN,NaN,NaN,NaN,NaN,NaN,NaN,NaN,NaN,NaN,NaN,NaN,NaN,NaN,NaN,NaN,NaN,NaN,NaN,NaN,NaN,NaN,NaN,NaN,NaN,NaN,NaN,NaN,6.0,6.0,6.0,6.0,6.0,6.0,6.0,6.0,6.0,6.0,6.0,6.0,6.0,6.0,6.0,6.0,6.0,6.0,6.0,6.0,6.0,6.000000000000001,6.000000000000003,6.0000000000000115,6.00000000000004,6.000000000000131,6.000000000000396,6.0000000000011084,6.000000000002864,6.000000000006834,6.0000000000150475,6.000000000030586,6.000000000057393,6.000000000099413,6.00000000015896,6.000000000234631,6.000000000319699,NaN,NaN,NaN,NaN,NaN,NaN,NaN,NaN,NaN,NaN,NaN,NaN,NaN,NaN,NaN,NaN,NaN,NaN,NaN,NaN,NaN,NaN,NaN,38.78759169459629,43.06017698053553,47.3327622664747
NaN,NaN,NaN,NaN,NaN,NaN,NaN,NaN,NaN,NaN,NaN,NaN,NaN,NaN,NaN,NaN,NaN,NaN,NaN,NaN,NaN,NaN,NaN,NaN,NaN,NaN,NaN,NaN,NaN,NaN,NaN,NaN,NaN,NaN,NaN,NaN,NaN,6.0,6.0,6.0,6.0,6.0,6.0,6.0,6.0,6.0,6.0,6.0,6.0,6.0,6.0,6.0,6.0,6.0,6.0,6.0,6.0,6.000000000000001,6.000000000000004,6.0000000000000195,6.000000000000076,6.000000000000272,6.000000000000893,6.000000000002705,6.0000000000075735,6.000000000019571,6.000000000046685,6.0000000001028,6.000000000208963,6.000000000392102,6.00000000067918,6.0000000010859935,6.000000001602973,6.000000002184145,6.0000000027472185,NaN,NaN,NaN,NaN,NaN,NaN,NaN,NaN,NaN,NaN,NaN,NaN,NaN,NaN,NaN,NaN,NaN,NaN,NaN,NaN,NaN,NaN,38.78759169459629,43.06017698053553,47.3327622664747
NaN,NaN,NaN,NaN,NaN,NaN,NaN,NaN,NaN,NaN,NaN,NaN,NaN,NaN,NaN,NaN,NaN,NaN,NaN,NaN,NaN,NaN,NaN,NaN,NaN,NaN,NaN,NaN,NaN,NaN,NaN,NaN,NaN,NaN,NaN,NaN,NaN,NaN,6.0,6.0,6.0,6.0,6.0,6.0,6.0,6.0,6.0,6.0,6.0,6.0,6.0,6.0,6.0,6.0,6.0,6.0,6.000000000000002,6.000000000000006,6.00000000000003,6.000000000000125,6.000000000000481,6.000000000001713,6.000000000005627,6.000000000017064,6.000000000047765,6.000000000123428,6.000000000294426,6.000000000648326,6.000000001317851,6.000000002472838,6.000000004283331,6.000000006848952,6.000000010109343,6.000000013774575,6.000000017325666,NaN,NaN,NaN,NaN,NaN,NaN,NaN,NaN,NaN,NaN,NaN,NaN,NaN,NaN,NaN,NaN,NaN,NaN,NaN,NaN,NaN,34.51500640865711,38.78759169459629,43.06017698053553,47.3327622664747
NaN,NaN,NaN,NaN,NaN,NaN,NaN,NaN,NaN,NaN,NaN,NaN,NaN,NaN,NaN,NaN,NaN,NaN,NaN,NaN,NaN,NaN,NaN,NaN,NaN,NaN,NaN,NaN,NaN,NaN,NaN,NaN,NaN,NaN,NaN,NaN,NaN,NaN,6.0,6.0,6.0,6.0,6.0,6.0,6.0,6.0,6.0,6.0,6.0,6.0,6.0,6.0,6.0,6.0,6.0,6.000000000000002,6.000000000000008,6.000000000000038,6.000000000000174,6.0000000000007265,6.000000000002802,6.0000000000099725,6.000000000032759,6.000000000099338,6.000000000278077,6.000000000718571,6.000000001714074,6.000000003774385,6.00000000767219,6.000000014396233,6.000000024936462,6.000000039872846,6.000000058854013,6.00000008019206,6.000000100865606,6.000000117114663,NaN,NaN,NaN,NaN,NaN,NaN,NaN,NaN,NaN,NaN,NaN,NaN,NaN,NaN,NaN,NaN,NaN,NaN,NaN,NaN,34.51500640865711,38.78759169459629,43.06017698053553,47.3327622664747
NaN,NaN,NaN,NaN,NaN,NaN,NaN,NaN,NaN,NaN,NaN,NaN,NaN,NaN,NaN,NaN,NaN,NaN,NaN,NaN,NaN,NaN,NaN,NaN,NaN,NaN,NaN,NaN,NaN,NaN,NaN,NaN,NaN,NaN,NaN,NaN,NaN,NaN,6.0,6.0,6.0,6.0,6.0,6.0,6.0,6.0,6.0,6.0,6.0,6.0,6.0,6.0,6.0,6.0,6.000000000000002,6.000000000000008,6.000000000000043,6.000000000000207,6.000000000000935,6.000000000003906,6.00000000001506,6.000000000053593,6.00000000017605,6.000000000533861,6.000000001494429,6.000000003861705,6.000000009211688,6.000000020284106,6.000000041231482,6.000000077367483,6.000000134012229,6.000000214282565,6.000000316290162,6.000000430963978,6.000000542066666,6.000000629391499,6.0000006745986765,NaN,NaN,NaN,NaN,NaN,NaN,NaN,NaN,NaN,NaN,NaN,NaN,NaN,NaN,NaN,NaN,NaN,NaN,30.242421122717865,34.51500640865711,38.78759169459629,43.06017698053553,47.3327622664747
NaN,NaN,NaN,NaN,NaN,NaN,NaN,NaN,NaN,NaN,NaN,NaN,NaN,NaN,NaN,NaN,NaN,NaN,NaN,NaN,NaN,NaN,NaN,NaN,NaN,NaN,NaN,NaN,NaN,NaN,NaN,NaN,NaN,NaN,NaN,NaN,NaN,NaN,NaN,6.0,6.0,6.0,6.0,6.0,6.0,6.0,6.0,6.0,6.0,6.0,6.0,6.0,6.0,6.000000000000001,6.000000000000007,6.000000000000039,6.00000000000021,6.000000000001026,6.000000000004641,6.000000000019381,6.000000000074712,6.00000000026587,6.00000000087338,6.000000002648464,6.000000007413807,6.000000019157775,6.00000004569885,6.000000100628711,6.000000204547883,6.000000383817269,6.000000664829794,6.000001063048011,6.000001569103987,6.000002137996619,6.000002689173009,6.000003122388327,6.000003346659493,NaN,NaN,NaN,NaN,NaN,NaN,NaN,NaN,NaN,NaN,NaN,NaN,NaN,NaN,NaN,NaN,NaN,NaN,30.242421122717865,34.51500640865711,38.78759169459629,43.06017698053553,47.3327622664747
NaN,NaN,NaN,NaN,NaN,NaN,NaN,NaN,NaN,NaN,NaN,NaN,NaN,NaN,NaN,NaN,NaN,NaN,NaN,NaN,NaN,NaN,NaN,NaN,NaN,NaN,NaN,NaN,NaN,NaN,NaN,NaN,NaN,NaN,NaN,NaN,NaN,NaN,NaN,6.0,6.0,6.0,6.0,6.0,6.0,6.0,6.0,6.0,6.0,6.0,6.0,6.0,6.000000000000001,6.000000000000005,6.000000000000031,6.00000000000018,6.000000000000958,6.0000000000046985,6.000000000021253,6.000000000088755,6.000000000342148,6.000000001217562,6.000000003999683,6.000000012128762,6.000000033951878,6.000000087733924,6.000000209280012,6.00000046083387,6.000000936736562,6.000001757709071,6.000003044619031,6.000004868277916,6.000007185784846,6.00000979105517,6.00001231519314,6.00001429912288,6.000015326183138,6.0000151640450055,NaN,NaN,NaN,NaN,NaN,NaN,NaN,NaN,NaN,NaN,NaN,NaN,NaN,NaN,NaN,NaN,25.96983583677869,30.242421122717865,34.51500640865711,38.78759169459629,43.06017698053553,47.3327622664747
NaN,NaN,NaN,NaN,NaN,NaN,NaN,NaN,NaN,NaN,NaN,NaN,NaN,NaN,NaN,NaN,NaN,NaN,NaN,NaN,NaN,NaN,NaN,NaN,NaN,NaN,NaN,NaN,NaN,NaN,NaN,NaN,NaN,NaN,NaN,NaN,NaN,NaN,NaN,NaN,6.0,6.0,6.0,6.0,6.0,6.0,6.0,6.0,6.0,6.0,6.0,6.0,6.0000000000000036,6.000000000000021,6.000000000000132,6.000000000000764,6.000000000004053,6.000000000019861,6.000000000089847,6.0000000003752065,6.000000001446412,6.0000000051471885,6.000000016908479,6.000000051273789,6.000000143530012,6.000000370891157,6.000000884721693,6.00000194815414,6.00000396001104,6.000007430634831,6.000012870987923,6.000020580422584,6.0000303775773025,6.00004139123863,6.000052061916634,6.000060448889018,6.000064790739356,6.000064105307805,NaN,NaN,NaN,NaN,NaN,NaN,NaN,NaN,NaN,NaN,NaN,NaN,NaN,NaN,NaN,NaN,25.96983583677869,30.242421122717865,34.51500640865711,38.78759169459629,43.06017698053553,47.3327622664747
NaN,NaN,NaN,NaN,NaN,NaN,NaN,NaN,NaN,NaN,NaN,NaN,NaN,NaN,NaN,NaN,NaN,NaN,NaN,NaN,NaN,NaN,NaN,NaN,NaN,NaN,NaN,NaN,NaN,NaN,NaN,NaN,NaN,NaN,NaN,NaN,NaN,NaN,NaN,NaN,6.0,6.0,6.0,6.0,6.0,6.0,6.0,6.0,6.0,6.0,6.0,6.000000000000002,6.000000000000012,6.0000000000000835,6.000000000000518,6.000000000002979,6.000000000015816,6.000000000077505,6.0000000003506235,6.000000001464219,6.000000005644526,6.0000000200865555,6.0000000659841914,6.000000200092483,6.000000560116141,6.000001447377593,6.000003452566426,6.000007602539449,6.000015453674598,6.000028997548639,6.0000502281577255,6.0000803137038,6.000118546435851,6.000161526502464,6.000203168099911,6.0002358976910095,6.00025284146758,6.000250166617427,6.000228489818005,NaN,NaN,NaN,NaN,NaN,NaN,NaN,NaN,NaN,NaN,NaN,NaN,NaN,NaN,21.69725055083951,25.96983583677869,30.242421122717865,34.51500640865711,38.78759169459629,43.06017698053553,47.3327622664747
NaN,NaN,NaN,NaN,NaN,NaN,NaN,NaN,NaN,NaN,NaN,NaN,NaN,NaN,NaN,NaN,NaN,NaN,NaN,NaN,NaN,NaN,NaN,NaN,NaN,NaN,NaN,NaN,NaN,NaN,NaN,NaN,NaN,NaN,NaN,NaN,NaN,NaN,NaN,NaN,NaN,6.0,6.0,6.0,6.0,6.0,6.0,6.0,6.0,6.0,6.000000000000001,6.000000000000006,6.000000000000044,6.000000000000299,6.000000000001866,6.000000000010732,6.000000000056973,6.000000000279205,6.000000001263085,6.0000000052747,6.000000020333834,6.000000072359787,6.000000237701382,6.0000007208129515,6.000002017761803,6.000005214031528,6.000012437521684,6.000027387380168,6.000055670301226,6.000104460738921,6.000180941862918,6.000289322002664,6.000427051556661,6.000581882903727,6.000731892550866,6.000849797595648,6.000910835838663,6.000901199961266,6.000823111481673,NaN,NaN,NaN,NaN,NaN,NaN,NaN,NaN,NaN,NaN,NaN,NaN,NaN,NaN,21.69725055083951,25.96983583677869,30.242421122717865,34.51500640865711,38.78759169459629,43.06017698053553,47.3327622664747
NaN,NaN,NaN,NaN,NaN,NaN,NaN,NaN,NaN,NaN,NaN,NaN,NaN,NaN,NaN,NaN,NaN,NaN,NaN,NaN,NaN,NaN,NaN,NaN,NaN,NaN,NaN,NaN,NaN,NaN,NaN,NaN,NaN,NaN,NaN,NaN,NaN,NaN,NaN,NaN,NaN,NaN,6.0,6.0,6.0,6.0,6.0,6.0,6.0,6.0,6.000000000000003,6.00000000000002,6.000000000000147,6.0000000000009965,6.000000000006206,6.000000000035688,6.000000000189461,6.0000000009284795,6.000000004200306,6.000000017540662,6.000000067618812,6.000000240627648,6.000000790460107,6.000002397015436,6.000006709932415,6.000017338914392,6.000041360149545,6.000091074907704,6.00018512787696,6.000347377226211,6.000601710107497,6.000962121039971,6.0014201314937425,6.001935012820733,6.002433859905924,6.002825945275369,6.003028923885039,6.002996880416873,6.00273720238166,6.002307814225401,NaN,NaN,NaN,NaN,NaN,NaN,NaN,NaN,NaN,6.00000514333123,6.000001798702286,6.0000005806715135,6.000000173044658,21.69725055083951,25.96983583677869,30.242421122717865,34.51500640865711,38.78759169459629,43.06017698053553,47.3327622664747
NaN,NaN,NaN,NaN,NaN,NaN,NaN,NaN,NaN,NaN,NaN,NaN,NaN,NaN,NaN,NaN,NaN,NaN,NaN,NaN,NaN,NaN,NaN,NaN,NaN,NaN,NaN,NaN,NaN,NaN,NaN,NaN,NaN,NaN,NaN,NaN,NaN,NaN,NaN,NaN,NaN,NaN,6.0,6.0,6.0,6.0,6.0,6.0,6.0,6.000000000000001,6.000000000000008,6.000000000000062,6.000000000000453,6.000000000003058,6.00000000001905,6.000000000109554,6.0000000005816005,6.00000000285021,6.0000000128939375,6.000000053845657,6.000000207573652,6.000000738669582,6.0000024265243175,6.000007358266647,6.000020597894847,6.000053226338705,6.00012696581105,6.0002795782812735,6.000568298502417,6.001066365372257,6.0018471067599055,6.002953482507003,6.00435946554556,6.005940028623668,6.007471370397282,6.008674979124038,6.009298075125532,6.0091997093079685,6.008402559570467,6.007084440170165,NaN,NaN,NaN,NaN,NaN,6.000474301423644,6.000228424906156,6.000101552103492,6.000041676461011,6.000015788802226,6.000005521587737,6.0000017825232845,6.000000531205897,21.69725055083951,25.96983583677869,30.242421122717865,34.51500640865711,38.78759169459629,43.06017698053553,47.3327622664747
NaN,NaN,NaN,NaN,NaN,NaN,NaN,NaN,NaN,NaN,NaN,NaN,NaN,NaN,NaN,NaN,NaN,NaN,NaN,NaN,NaN,NaN,NaN,NaN,NaN,NaN,NaN,NaN,NaN,NaN,NaN,NaN,NaN,NaN,NaN,NaN,NaN,NaN,NaN,NaN,NaN,6.0,6.0,6.0,6.0,6.0,6.0,6.0,6.0,6.000000000000003,6.000000000000022,6.000000000000176,6.000000000001284,6.000000000008665,6.000000000053983,6.0000000003104486,6.000000001648108,6.000000008076776,6.000000036538162,6.000000152584988,6.000000588211292,6.0000020932029985,6.000006876156939,6.000020851468868,6.000058369230657,6.0001508299981134,6.000359789035034,6.000792254223434,6.001610414395068,6.003021810084984,6.005234233950521,6.008369423330578,6.012353624089307,6.016832540578569,6.021171976324944,6.024582699406835,6.0263483960716115,6.026069652193329,6.0238107312093065,6.020075513805711,6.015624892840987,NaN,6.007445384458585,6.004558341212912,6.002576220163679,6.001344050418907,6.000647298480468,6.0002877730077016,6.000118100562402,6.0000447414770175,6.000015646784811,6.000005051220696,6.00000150530332,21.69725055083951,25.96983583677869,30.242421122717865,34.51500640865711,38.78759169459629,43.06017698053553,47.3327622664747
NaN,NaN,NaN,NaN,NaN,NaN,NaN,NaN,NaN,NaN,NaN,NaN,NaN,NaN,NaN,NaN,NaN,NaN,NaN,NaN,NaN,NaN,NaN,NaN,NaN,NaN,NaN,NaN,NaN,NaN,NaN,NaN,NaN,NaN,NaN,NaN,NaN,NaN,NaN,6.0,6.0,6.0,6.0,6.0,6.0,6.0,6.0,6.0,6.000000000000001,6.000000000000007,6.000000000000058,6.000000000000459,6.000000000003358,6.000000000022666,6.000000000141211,6.000000000812096,6.000000004311252,6.000000021127865,6.000000095579394,6.0000003991437945,6.000001538689291,6.000005475564787,6.000017987191323,6.0000545449097835,6.000152686817435,6.000394552954129,6.00094116441299,6.002072440815391,6.004212648444548,6.007904688130713,6.013692120225443,6.02189339482017,6.032315580054249,6.044031881547535,6.055383318359799,6.064305355650147,6.068924203650507,6.068195043523231,6.062285980614429,6.052515105594006,6.040872821755926,6.029365773251027,6.019476221371695,6.011924066922835,6.006739079021257,6.003515872637466,6.0016932541992,6.000752779233089,6.000308936725867,6.000117038269245,6.00004093008849,6.000013213379782,6.000003937690641,21.69725055083951,25.96983583677869,30.242421122717865,34.51500640865711,38.78759169459629,43.06017698053553,47.3327622664747
NaN,NaN,NaN,NaN,NaN,NaN,NaN,NaN,NaN,NaN,NaN,NaN,NaN,NaN,NaN,NaN,NaN,NaN,NaN,NaN,NaN,NaN,NaN,NaN,NaN,NaN,NaN,NaN,NaN,NaN,NaN,NaN,NaN,NaN,NaN,NaN,NaN,6.0,6.0,6.0,6.0,6.0,6.0,6.0,6.0,6.0,6.0,6.0,6.000000000000002,6.000000000000016,6.00000000000014,6.000000000001109,6.00000000000811,6.000000000054734,6.00000000034099,6.000000001961018,6.0000000104106395,6.000000051018728,6.00000023080132,6.0000009638365635,6.000003715565713,6.000013222176107,6.000043434754325,6.000131712879091,6.000368702054934,6.000952750783664,6.00227268639772,6.00500444766739,6.010172535941804,6.019087926556624,6.033063187433318,6.052867299189046,6.078034377638938,6.1063264365691445,6.133737434776998,6.155282015627934,6.166435426103994,6.164674679224759,6.150405709095069,6.126811388648815,6.098698064608977,6.070911301473875,6.047030404868086,6.02879376262739,6.016273260031246,6.008489989431163,6.00408880290551,6.001817781356702,6.000746008120306,6.0002826193583765,6.000098836350041,6.000031907144049,6.0000095085787715,21.69725055083951,25.96983583677869,30.242421122717865,34.51500640865711,38.78759169459629,43.06017698053553,47.3327622664747
NaN,NaN,NaN,NaN,NaN,NaN,NaN,NaN,NaN,NaN,NaN,NaN,NaN,NaN,NaN,NaN,NaN,NaN,NaN,NaN,NaN,NaN,NaN,NaN,NaN,NaN,NaN,NaN,NaN,NaN,NaN,NaN,NaN,NaN,NaN,6.0,6.0,6.0,6.0,6.0,6.0,6.0,6.0,6.0,6.0,6.0,6.0,6.0,6.0000000000000036,6.000000000000036,6.000000000000313,6.000000000002473,6.000000000018079,6.00000000012201,6.0000000007601075,6.000000004371324,6.000000023206418,6.0000001137261,6.000000514480312,6.000002148492574,6.0000082823848055,6.000029473614195,6.000096820612628,6.000293601790542,6.00082187546305,6.002123781196704,6.005066055804028,6.011155437537064,6.022675647111135,6.042548985735394,6.073701304659401,6.117846742148161,6.173946793601529,6.23701275355658,6.298114736963619,6.34613986219559,6.3710019812863425,6.367077092240595,6.33527006465668,6.282675855373401,6.220008314192547,6.158068711441053,6.10483569390964,6.0641843099964525,6.036274799511781,6.018925074870139,6.0091143695458555,6.0040520248643485,6.001662930165578,6.000629988124294,6.000220316566892,6.000071124362982,6.0000211956171,21.69725055083951,25.96983583677869,30.242421122717865,34.51500640865711,38.78759169459629,43.06017698053553,47.3327622664747
NaN,NaN,NaN,NaN,NaN,NaN,NaN,NaN,NaN,NaN,NaN,NaN,NaN,NaN,NaN,NaN,NaN,NaN,NaN,NaN,NaN,NaN,NaN,NaN,NaN,NaN,NaN,NaN,NaN,NaN,NaN,NaN,NaN,6.0,6.0,6.0,6.0,6.0,6.0,6.0,6.0,6.0,6.0,6.0,6.0,6.0,NaN,6.000000000000001,6.000000000000008,6.000000000000075,6.000000000000643,6.000000000005095,6.000000000037236,6.000000000251208,6.000000001564528,6.0000000089959,6.00000004775377,6.000000234018285,6.0000010586590795,6.000004421003136,6.000017042853598,6.000060648532317,6.000199229995728,6.000604151138862,6.001691191990834,6.004370153278101,6.010424539218245,6.022954799669319,6.0466601991240845,6.0875540238032215,6.151656864926971,6.242495944116783,6.3579343066389855,6.4877065788472645,6.613437531469205,6.712259933108442,6.763419285770647,6.755342951564438,6.689892901415354,6.581668590732433,6.4527161539734355,6.325261612815695,6.215722811749614,6.132073526737731,6.074643486912765,6.038942560604188,6.018754847251277,6.0083379444959855,6.003421849540777,6.001296341012049,6.000453350452624,6.000146354232936,6.000043614707423,21.69725055083951,25.96983583677869,30.242421122717865,34.51500640865711,38.78759169459629,43.06017698053553,47.3327622664747
NaN,NaN,NaN,NaN,NaN,NaN,NaN,NaN,NaN,NaN,NaN,NaN,NaN,NaN,NaN,NaN,NaN,NaN,NaN,NaN,NaN,NaN,NaN,NaN,NaN,NaN,NaN,NaN,NaN,NaN,NaN,5.9999999999999964,5.999999999999999,6.0,6.0,6.0,6.0,6.0,6.0,6.0,6.0,6.0,6.0,NaN,NaN,NaN,NaN,NaN,6.000000000000015,6.0000000000001465,6.000000000001273,6.000000000010108,6.000000000073322,6.000000000488152,6.000000003004707,6.00000001715738,6.000000090813075,6.00000044463182,6.000002011024128,6.00000839781809,6.000032373220209,6.000115202967579,6.0003784409057594,6.001147595776726,6.0032124490930965,6.008301183416765,6.019801596536527,6.043603047765945,6.088631873080602,6.16631041595706,6.288074895847666,6.460625332575133,6.679902542846912,6.9264072679555815,7.16523543506989,7.352950333916752,7.450128428668152,7.434787289074007,7.310463761822352,7.104889770544555,6.859942337363742,6.617840183356572,6.409769294359059,6.250875998768495,6.141786622901266,6.073972082274891,6.035625163892671,6.015838072964163,6.006499863692461,6.002462422668459,6.000861147198863,6.0002780024526405,6.000082846907751,21.69725055083951,25.96983583677869,30.242421122717865,34.51500640865711,38.78759169459629,43.06017698053553,47.3327622664747
NaN,NaN,NaN,NaN,NaN,NaN,NaN,NaN,NaN,NaN,NaN,NaN,NaN,NaN,NaN,NaN,NaN,NaN,NaN,NaN,NaN,NaN,NaN,NaN,NaN,NaN,NaN,NaN,NaN,NaN,5.999999999999921,5.999999999999986,5.999999999999997,6.0,6.0,6.0,6.0,6.0,6.0,6.0,6.0,NaN,NaN,NaN,NaN,NaN,NaN,NaN,6.000000000000058,6.00000000000056,6.000000000005023,6.000000000040653,6.000000000265995,6.000000001438088,6.000000007011172,6.000000033770906,6.000000164748317,6.000000785472395,6.000003530631423,6.000014727674818,6.0000567665373845,6.000202005884535,6.0006635870822,6.002012281535953,6.00563295190986,6.014555924503919,6.034721620810785,6.076456889971866,6.15541384627006,6.291621292785545,6.505132363786234,6.807695382016796,7.192192667732362,7.624432742312969,8.043212158085607,8.3723656939563,8.542765133175706,8.515864815871117,8.297866517182943,7.937397494595065,7.507888093744955,NaN,6.718520548762026,6.439904997245617,6.248619414623254,6.129708257502212,6.062467863410646,6.027771677951965,6.01139735380732,6.004317798603706,6.001510000789248,6.000487470578148,6.000145270049366,21.69725055083951,25.96983583677869,30.242421122717865,34.51500640865711,38.78759169459629,43.06017698053553,47.3327622664747
NaN,NaN,NaN,NaN,NaN,NaN,NaN,NaN,NaN,NaN,NaN,NaN,NaN,NaN,NaN,NaN,NaN,NaN,NaN,NaN,NaN,NaN,NaN,NaN,NaN,NaN,NaN,NaN,NaN,5.999999999998291,5.999999999999659,5.999999999999937,5.999999999999989,5.999999999999998,6.0,6.0,6.0,6.0,6.0,6.0,6.0,NaN,NaN,NaN,NaN,NaN,NaN,NaN,NaN,6.000000000015695,6.000000000125503,6.000000000923339,6.000000005569243,6.000000024094697,6.0000000765035715,6.000000192480612,6.000000472672279,6.000001489013588,6.0000058773522005,6.000023924904678,6.0000919180003525,6.000326988081464,6.001074125470541,6.003257205045871,6.009117847285632,6.02356112574677,6.056202575914028,6.123757878027468,6.251562517713644,6.47203636129481,6.8176386590645786,7.307385976884622,7.92975719567302,8.62940786172958,9.307270268339588,9.840058651843181,10.115877781453916,NaN,NaN,NaN,NaN,NaN,NaN,6.712057586636325,6.402430846378237,6.20995385226838,6.101114368650094,6.044952965079131,6.018448465684397,6.006989057347808,6.002444181185809,6.00078905019403,6.000235143136381,21.69725055083951,25.96983583677869,30.242421122717865,34.51500640865711,38.78759169459629,43.06017698053553,47.3327622664747
NaN,NaN,NaN,NaN,NaN,NaN,NaN,NaN,NaN,NaN,NaN,NaN,NaN,NaN,NaN,NaN,NaN,NaN,NaN,NaN,NaN,NaN,NaN,NaN,NaN,NaN,NaN,5.999999999866058,5.999999999968632,5.999999999993219,5.999999999998646,5.99999999999975,5.999999999999957,5.999999999999994,5.999999999999999,6.0,6.0,6.000000000000001,6.000000000000002,6.0000000000000036,6.000000000000009,NaN,NaN,NaN,NaN,NaN,NaN,NaN,NaN,NaN,6.000000003974964,6.000000025163282,6.000000143649924,6.000000609239127,6.000001830177036,6.000003917018638,6.000006131211681,6.000007955016112,6.0000130592145995,6.0000380056040505,6.000138187734829,6.000488814647755,6.001605018889684,6.0048669719226755,6.013624019473928,6.035205361983513,6.0839786583813575,6.184920703790612,6.375888123786889,6.7053231215863365,7.221726748449758,7.953513814573043,NaN,NaN,NaN,NaN,NaN,NaN,NaN,NaN,NaN,NaN,NaN,7.063966078461748,6.601317614626833,6.313715886254599,6.151086457482999,6.067169328531989,6.0275659469911504,6.010443144035047,6.003652128592015,6.001179009473964,6.000351354055329,21.69725055083951,25.96983583677869,30.242421122717865,34.51500640865711,38.78759169459629,43.06017698053553,47.3327622664747
NaN,NaN,NaN,NaN,NaN,NaN,NaN,NaN,NaN,NaN,NaN,NaN,NaN,NaN,NaN,NaN,NaN,NaN,NaN,NaN,NaN,NaN,NaN,NaN,NaN,NaN,5.99999999806585,5.999999999509314,5.999999999885087,5.9999999999751585,5.999999999995044,5.99999999999909,5.999999999999849,5.999999999999984,6.00000000000001,6.000000000000021,6.000000000000038,6.000000000000068,6.0000000000001625,6.000000000000382,6.000000000000887,NaN,NaN,NaN,NaN,NaN,NaN,NaN,NaN,NaN,6.000000099218387,6.000000541281691,6.000002716123761,6.000011460103219,6.000034312436162,6.000072640997267,6.00010895841353,6.000117126241108,6.000097246826387,6.000094218456556,6.000206196102419,6.000678364266413,6.002214655410511,6.006713325046075,6.018792129694808,6.048559984322944,6.115834597873156,6.255067278772112,6.518474918731723,6.97287544688491,7.685167963289367,NaN,NaN,NaN,NaN,NaN,NaN,NaN,NaN,NaN,NaN,NaN,NaN,NaN,6.82941718870071,6.43271865333517,6.208398526449398,6.092648866892898,6.0380226184983155,6.014404572485576,6.005037501240409,6.001626246595078,6.000484634219456,21.69725055083951,25.96983583677869,30.242421122717865,34.51500640865711,38.78759169459629,43.06017698053553,47.3327622664747
NaN,NaN,NaN,NaN,NaN,NaN,NaN,NaN,NaN,NaN,NaN,NaN,NaN,NaN,NaN,NaN,NaN,NaN,NaN,NaN,NaN,NaN,NaN,NaN,NaN,5.999999976199963,5.999999993459167,5.99999999834065,5.999999999611449,5.999999999916093,5.999999999983411,5.9999999999972085,5.999999999999972,6.000000000000745,6.0000000000013625,6.000000000002269,6.0000000000037375,6.000000000006123,6.000000000013502,6.000000000029829,6.000000000065122,NaN,NaN,NaN,NaN,NaN,NaN,NaN,NaN,NaN,6.000001904900009,6.000008958085946,6.000038747866456,6.00015276925639,6.000457294731006,6.00096735505307,6.001446410105599,6.001530390825482,6.00115490758781,6.000664078016438,6.0004656863145245,6.000917335144713,6.0028300677566735,6.008549619244567,6.023928271140651,6.061831160519623,6.147490895517459,6.324773703735793,6.660166564286261,7.2387477487505905,8.14569888174808,NaN,NaN,NaN,NaN,NaN,NaN,NaN,NaN,NaN,NaN,NaN,NaN,NaN,7.056084280178947,6.550974074028233,6.2653506712833265,6.117968391823728,6.048413621316692,6.018341122865497,6.006414173643678,6.002070675033208,6.00061707737406,21.69725055083951,25.96983583677869,30.242421122717865,34.51500640865711,38.78759169459629,43.06017698053553,47.3327622664747
NaN,NaN,NaN,NaN,NaN,NaN,NaN,NaN,NaN,NaN,NaN,NaN,NaN,NaN,NaN,NaN,NaN,NaN,NaN,NaN,NaN,NaN,NaN,NaN,5.99999975043873,5.999999925703024,5.999999979583099,5.9999999948232965,5.999999998792608,5.9999999997471445,5.999999999962954,6.000000000015102,6.000000000038219,6.000000000063672,6.0000000001020535,6.00000000016232,6.000000000256977,6.0000000004050555,6.000000000803411,6.000000001666587,6.000000003416531,NaN,NaN,NaN,NaN,NaN,NaN,NaN,NaN,NaN,6.00002809928676,6.000113909840348,6.000424732881971,6.001456664005575,6.004308475018956,6.009113413076052,6.013622523639839,6.014391969388492,6.010758105875693,6.0057433675678045,6.002411589692962,6.00160898401309,6.0035179393687566,6.010259447049222,6.028448148693962,6.073071589734245,6.1736480522577395,6.381761264299526,6.775955265165109,7.456013245038312,NaN,NaN,NaN,NaN,NaN,NaN,NaN,NaN,NaN,NaN,NaN,NaN,NaN,NaN,NaN,6.647609412067942,6.311890523206038,6.13865886703709,6.056904885937294,6.021557972244954,6.007539155503116,6.002433850709227,6.000725306569317,21.69725055083951,25.96983583677869,30.242421122717865,34.51500640865711,38.78759169459629,43.06017698053553,47.3327622664747
NaN,NaN,NaN,NaN,NaN,NaN,NaN,NaN,NaN,NaN,NaN,NaN,NaN,NaN,NaN,NaN,NaN,NaN,NaN,NaN,NaN,NaN,5.999993617320309,5.999997770105311,5.9999992808833165,5.9999997859869385,5.999999941310748,5.999999985314909,5.999999996887269,5.9999999998460725,6.000000000790126,6.000000001436923,6.000000002265371,6.000000003502324,6.000000005382133,6.000000008233568,6.0000000125407995,6.000000019018341,6.000000034183826,6.000000066583474,NaN,NaN,NaN,NaN,NaN,NaN,NaN,NaN,NaN,6.000083817343962,6.000318445664909,6.00111282103193,6.00357687586915,6.010574772177737,6.028686062551006,6.060677014379429,6.090695141866922,6.095799600386688,6.071524299891424,6.03781206196229,6.014430648530946,6.004994894285738,6.004819235338683,6.012312043708243,6.033486898239113,6.084870078428066,6.1990679300310925,6.431992292769012,6.867277804268173,NaN,NaN,NaN,NaN,NaN,NaN,NaN,NaN,NaN,NaN,NaN,NaN,NaN,NaN,NaN,NaN,NaN,6.338407990172473,6.150447881619716,6.061743036893467,6.0233908680027115,6.008180147428595,6.00264078086895,6.000786973377255,21.69725055083951,25.96983583677869,30.242421122717865,34.51500640865711,38.78759169459629,43.06017698053553,47.3327622664747
NaN,NaN,NaN,NaN,NaN,NaN,NaN,NaN,NaN,NaN,NaN,NaN,NaN,NaN,NaN,NaN,NaN,NaN,NaN,NaN,NaN,5.999955138131827,5.999983022316108,5.999994070220538,5.999998090171189,5.9999994355356385,5.999999851286636,5.9999999722050505,6.000000008781528,6.000000025306042,6.000000040687776,6.000000061462993,6.000000091748088,6.000000136232865,6.000000201386364,6.00000029640392,6.000000434358323,6.00000063375753,6.000001040017452,6.000001902135735,6.000003438024873,NaN,NaN,NaN,NaN,NaN,NaN,NaN,NaN,6.000846573729156,6.002772620432367,6.008352271032654,6.02314234036086,6.058979153400928,6.138254220788024,6.2854803983734255,6.426710397029214,6.45071144943897,6.336432864847308,6.177560990107965,6.06660758625364,6.0190202273003335,6.0082562028573445,6.015013357225246,6.03940512794391,6.098419102959942,6.227774371215909,6.487831293594118,6.966693506036374,NaN,NaN,NaN,NaN,NaN,NaN,NaN,NaN,NaN,NaN,NaN,NaN,NaN,NaN,NaN,NaN,NaN,6.33894987635012,6.150688790906346,6.0618419048257515,6.023428323347801,6.008193246140656,6.002645009500344,6.000788233542522,21.69725055083951,25.96983583677869,30.242421122717865,34.51500640865711,38.78759169459629,43.06017698053553,47.3327622664747
NaN,NaN,NaN,NaN,NaN,NaN,NaN,NaN,NaN,NaN,NaN,NaN,NaN,NaN,NaN,NaN,NaN,NaN,NaN,5.99939500889252,5.999731323077178,5.999889878014086,5.999958370448815,5.9999855256437105,5.9999954322935745,5.9999987933806755,5.999999898440906,6.000000317174354,6.00000058254785,6.000000874993102,6.00000127244484,6.000001834720088,6.000002632426,6.000003760278554,6.000005347990938,6.000007573065018,6.000010677350279,6.00001498877428,6.0000226254513285,6.000038855565204,6.000065944084347,6.000110602536262,NaN,NaN,NaN,NaN,NaN,NaN,NaN,6.0065691700718675,6.018546430479851,6.0481613546125415,6.115033832951488,6.252720836072257,6.510675606126108,6.949145405381149,7.418695384996242,7.4984824715720135,7.118490980874415,6.590097348404661,6.220515575425806,6.0599694987307515,6.016975069563253,6.018960034162226,6.046531075573273,6.114125910903279,6.260299216367653,6.549920231519149,NaN,NaN,NaN,NaN,NaN,NaN,NaN,NaN,NaN,NaN,NaN,NaN,NaN,NaN,NaN,NaN,NaN,NaN,NaN,6.139326029507868,6.057178685984211,6.021661699257405,6.00757543043973,6.002445561275507,6.000728796409766,21.69725055083951,25.96983583677869,30.242421122717865,34.51500640865711,38.78759169459629,43.06017698053553,47.3327622664747
NaN,NaN,NaN,NaN,NaN,NaN,NaN,NaN,NaN,NaN,NaN,NaN,NaN,NaN,NaN,NaN,NaN,NaN,5.9971499879080135,5.998629272313426,5.99939191667239,5.999751697800429,5.999907444551338,5.9999696526258735,5.9999929829869005,6.000001953880842,6.000006389088944,6.000010020968674,6.000014333529402,6.00002010577834,6.0000280080208,6.000038830926597,6.0000535991523085,6.000073662318592,6.000100795984822,6.000137325711386,6.0001862821774425,6.000251594754512,6.000351957762498,6.000567546734959,6.000904439129081,6.001424372855841,6.00221684162003,NaN,NaN,NaN,NaN,NaN,NaN,6.039162555838291,6.095311446275245,6.213357356963872,6.439297503740785,6.831952316818076,7.449194902715181,8.321902474478133,9.333110062567673,9.520566011943146,8.627797887543178,7.386296198817105,6.517604631545114,6.138986520036008,6.033417422800856,6.02501327060927,6.055671637786949,6.132947438945614,6.297729763796993,NaN,NaN,NaN,NaN,NaN,NaN,NaN,NaN,NaN,NaN,NaN,NaN,NaN,NaN,NaN,NaN,NaN,NaN,NaN,NaN,6.121272015485176,6.049366844958753,6.018591027793119,6.006476862523607,6.002087465029535,6.0006220337922915,21.69725055083951,25.96983583677869,30.242421122717865,34.51500640865711,38.78759169459629,43.06017698053553,47.3327622664747
NaN,NaN,NaN,NaN,NaN,NaN,NaN,NaN,NaN,NaN,NaN,NaN,NaN,NaN,NaN,NaN,NaN,5.988565110774572,5.9940482468093705,5.997147791273239,5.9987489633989775,5.999508737461351,5.999843650311899,5.999985520288643,6.000049483653167,6.000090404804913,6.000130454680289,6.000179067632456,6.000242495711983,6.000326390998378,6.000437267112871,6.000583235253831,6.000774547588722,6.001024148156268,6.001348305275815,6.0017673578832635,6.002306596330984,6.00299729522006,6.003914898599589,6.005927706623501,6.008869916198783,6.01311653022382,6.019168363828502,NaN,NaN,NaN,NaN,NaN,NaN,6.195980702950844,6.3763089808791165,6.726158386683561,7.288862841254915,8.104120928981489,9.159537468820092,10.363806936953873,11.54367304649846,11.844960131367074,10.36286986500864,8.30185967361179,6.859770696898551,6.230949531290664,6.0540480287195715,6.034338738252334,6.069041055249042,6.157497676863,6.342822739648472,NaN,NaN,NaN,NaN,NaN,NaN,NaN,NaN,NaN,NaN,NaN,NaN,NaN,NaN,NaN,NaN,NaN,NaN,NaN,NaN,NaN,6.04218688920497,6.01568259318325,6.005393261795969,6.0017158462831,6.000505008287797,21.69725055083951,25.96983583677869,30.242421122717865,34.51500640865711,38.78759169459629,43.06017698053553,47.3327622664747
NaN,NaN,NaN,NaN,NaN,NaN,NaN,NaN,NaN,NaN,NaN,NaN,NaN,NaN,NaN,5.936084668557883,5.960978788328743,5.978067417910736,5.988704533299041,5.994749559096335,5.997915543271604,5.999475326130586,6.000238124583678,6.000657322557883,6.000962079209322,6.001291364233462,6.001706903473322,6.002232583561189,6.002903610290745,6.003758922232438,6.00484481868648,6.006217257009586,6.007943837454991,6.010105844683853,6.01280046382022,6.016143199761458,6.020270495460173,6.025342528056892,6.0315461480184025,6.044269890287628,6.062200856242676,6.086367612162679,6.118514665281723,6.160716293501814,6.215384454085884,6.285256422781588,6.373356005761327,6.482922548800515,6.617303102707942,6.779805103469697,7.14145528922519,7.8987592374758355,8.905156352035783,10.088442666468968,11.292191571635334,12.300914737174041,12.900252301833799,12.857546897981772,11.119205951470109,8.702068229245524,7.011593830773132,6.275888798341119,6.0709245633159,6.050452500660165,6.092771214707875,6.194837492601058,NaN,NaN,NaN,NaN,NaN,NaN,NaN,NaN,NaN,NaN,NaN,NaN,NaN,NaN,NaN,NaN,NaN,NaN,NaN,NaN,NaN,NaN,NaN,6.013200656912426,6.004481274172197,6.001407345531086,6.000408877499582,21.69725055083951,25.96983583677869,30.242421122717865,34.51500640865711,38.78759169459629,43.06017698053553,47.3327622664747
NaN,NaN,NaN,NaN,NaN,NaN,NaN,NaN,NaN,NaN,NaN,NaN,NaN,NaN,5.828801364492032,5.887227687784501,5.9319244479041116,5.962774149401718,5.982206199033049,5.993554032574741,5.999893182147524,6.00351774572488,6.005899086913743,6.0078785252368325,6.009902517471369,6.012417103279845,6.015690586752268,6.0197189068251635,6.0246676125271925,6.030722682768675,6.038097590660656,6.047037682250116,6.057823584889102,6.070774192140252,6.086249314961664,6.10465192382291,6.126429845508299,6.152076751461956,6.182132259504106,6.236410555221483,6.311896055503599,6.4066488362965295,6.5239572057435495,6.667173415756108,6.839553314995324,7.044057603720365,7.283119994740164,7.558392024456737,7.870478818513734,8.218684300232837,8.660039134200169,9.814373882898888,11.030917711906095,12.10323828554758,12.810263641988602,12.989754936597015,12.598814013716195,11.730714063149524,10.246495007773833,8.245363024409443,6.848647482963975,6.246133254873081,6.0869517575434395,6.08511097893787,6.142357703581769,6.262374791160288,NaN,NaN,NaN,NaN,NaN,NaN,NaN,NaN,NaN,NaN,NaN,NaN,NaN,NaN,NaN,NaN,NaN,NaN,NaN,NaN,NaN,NaN,NaN,6.011087570681159,6.003715478219068,6.001151824439008,6.0003303323517265,21.69725055083951,25.96983583677869,30.242421122717865,34.51500640865711,38.78759169459629,43.06017698053553,47.3327622664747
NaN,NaN,NaN,NaN,NaN,NaN,NaN,NaN,NaN,NaN,NaN,NaN,5.49891578999651,5.6136119956800545,5.727127711907703,5.825230864804476,5.901104209511005,5.954614764061293,5.989829510861798,6.012311547152846,6.0272078266547675,6.038387658640983,6.048374859233725,6.058664894590397,6.070111751863926,6.084177968693892,6.102228106809454,6.12357698626253,6.14872652531214,6.178214952215622,6.212622624003876,6.252572122382501,6.298725395011518,6.351778827617165,6.412456429793738,6.48150110481962,6.559663941252636,6.647691494487226,6.746311081346047,6.902738475846922,7.118304504847989,7.369067395429577,7.6563656417883275,7.980405988415522,8.340016289065458,8.732437030660652,9.153175012319643,9.595941539129978,10.05269389893599,10.51379283442091,10.968280549430457,11.886965215839327,12.693295092057614,12.999688282910956,12.7330528102684,11.957376197626923,10.849074436297453,9.632399175871772,8.495043975619247,7.3306199581742115,6.525886571483048,6.193645860752562,6.129400279781623,6.166721896768536,6.251807708338251,6.397931295006119,NaN,NaN,NaN,NaN,NaN,NaN,NaN,NaN,NaN,NaN,NaN,NaN,NaN,NaN,NaN,NaN,NaN,NaN,NaN,NaN,NaN,NaN,NaN,6.0092926686018995,6.003073909763125,6.000940665097234,6.000266300631828,21.69725055083951,25.96983583677869,30.242421122717865,34.51500640865711,38.78759169459629,43.06017698053553,47.3327622664747
NaN,NaN,NaN,NaN,NaN,NaN,NaN,NaN,NaN,NaN,5.028170319685705,5.127345544463586,5.280550295971033,5.4624481322333125,5.643724237994851,5.802890544697483,5.929734119536447,6.0242059044695555,6.092644210073181,6.143664153171413,6.185249458123044,6.223440398677652,6.262227176222988,6.304027748281177,6.3502710520741825,6.4045732823114125,6.472599785131538,6.549623171719411,6.636412354566464,6.733704197916582,6.842197243949123,6.962536872786148,7.095296624403573,7.240957617984783,7.399886992332989,7.572316006225863,7.75831840422426,7.957789689365339,8.170427987237352,8.464868279570812,8.867127057107643,9.29584511722184,9.744150367900088,10.20345499134529,10.663652183856783,11.113432611986521,11.54071169636063,11.933148265708093,12.278725323547615,12.566355829156752,12.786471686741727,12.980308510362402,12.841452036931232,12.167592537707165,11.114380881502592,9.901628846525933,8.739884855691813,7.77519517942333,7.070295093905769,6.589666594927461,6.2906168832121745,6.204507426877946,6.247337346381824,6.348319044206789,6.484865924340204,6.672342855096979,NaN,NaN,NaN,NaN,NaN,NaN,NaN,NaN,NaN,NaN,NaN,NaN,NaN,NaN,NaN,NaN,NaN,NaN,NaN,NaN,NaN,NaN,NaN,6.007771550762002,6.002537644020532,6.000766561426536,6.000214218253866,21.69725055083951,25.96983583677869,30.242421122717865,34.51500640865711,38.78759169459629,43.06017698053553,47.3327622664747
NaN,NaN,NaN,NaN,NaN,NaN,NaN,4.861535362437366,4.704246111931308,4.6697361324193185,4.770766634982511,4.954353998660633,5.194771348099242,5.478212656340599,5.763707934321053,6.021247002856252,6.236610794531094,6.409806358227065,6.549762923531251,6.6685590827794465,6.77733634846281,6.884451580528881,6.995320408424214,7.113080777398009,7.239404854351292,7.379722879122977,7.550557865620607,7.734924682360527,7.932771149619935,8.14382930566006,8.367612429822776,8.603405450761649,8.850255746514021,9.106967265960064,9.372099292431686,9.643970557000628,9.92066913045031,10.200068332000127,10.479848712004976,10.812404803354958,11.256182994544881,11.673426516192578,12.051834231093402,12.37962637730391,12.646149384069574,12.842449239260924,12.96177049728564,12.999942184161428,12.95561989673728,12.830364671592616,12.628552921738812,12.34127698610028,11.372468859857415,10.175241426629684,8.985144482259843,7.964939578447873,7.194846627978917,6.681330750853719,6.386793816389113,6.260725750019495,6.250223048780128,6.339958031630877,6.504147652883098,6.711499776798128,6.941587321735374,NaN,NaN,NaN,NaN,NaN,NaN,NaN,NaN,NaN,NaN,NaN,NaN,NaN,NaN,NaN,NaN,NaN,NaN,NaN,NaN,NaN,NaN,NaN,NaN,6.006485420158825,6.002090419630217,6.000623335819248,6.0001719506981965,21.69725055083951,25.96983583677869,30.242421122717865,34.51500640865711,38.78759169459629,43.06017698053553,47.3327622664747
NaN,NaN,NaN,NaN,5.410749376001301,5.131880472011438,4.8239335384164175,4.5502688427497775,4.414357028780198,4.523370419670122,4.8717848660453225,5.262866950185125,5.6356792287637205,6.067280099761231,6.5043061941214395,6.90750130774562,7.257967716147591,7.555136415666816,7.809897422163511,8.037124608235207,8.250386036681272,8.459555374014016,8.670615113087406,8.88652405931682,9.108279298673981,9.339293747065389,9.610516953027888,9.886758295940478,10.165954452786917,10.445819621385478,10.723891087098696,10.997568081519553,11.26415158470969,11.520887302170681,11.76501187324634,11.993801540079533,12.204622175877502,12.39497942145834,12.562567609915728,12.718421700912705,12.890181898045718,12.98330075479183,12.994512294037147,12.923421322929062,12.772526558752487,12.547074825871936,12.254758190103887,11.90527842199365,11.509813236293223,11.080425539687848,10.629460509729968,10.168977636270856,9.241333765424459,8.171813356523753,7.339745348423478,6.764108986263432,6.4118374242997955,6.231682930048885,6.180311744369667,6.2341737939054465,6.386712899306483,6.636494504644729,6.971665032249871,7.357362001210377,7.74703657596001,NaN,NaN,NaN,NaN,NaN,NaN,NaN,NaN,NaN,NaN,NaN,NaN,NaN,NaN,NaN,NaN,NaN,NaN,NaN,NaN,NaN,NaN,NaN,NaN,NaN,6.0017183017844395,6.000505778537653,6.000137725577693,21.69725055083951,25.96983583677869,30.242421122717865,34.51500640865711,38.78759169459629,43.06017698053553,47.3327622664747
NaN,NaN,5.745160778476196,5.559028200386061,5.29579743835319,4.963731822020886,4.604812080740323,4.323586595447695,4.317786830985609,4.803456328138669,5.723014914788856,6.546267137645655,7.0729260754079215,7.662413250215511,8.253671596653376,8.798564855202207,9.273254315618708,9.67578992520378,10.017918138490476,10.316167727935747,10.58554926053443,10.836723181743318,11.075788258993397,11.30534212550677,11.5257737355383,11.736282633937503,11.966800048547125,12.179972307003613,12.372957140482624,12.543437135912235,12.689314490338154,12.808761224459914,12.900259429100052,12.962633932843142,12.995077558769447,12.997168539048708,12.968879646247222,12.910578784515934,12.823021026836253,12.706566666998198,12.458439126183453,12.14628552800195,11.780488280033314,11.372580733896923,10.934782407902793,10.479398471725439,10.018259868682266,9.562238396871924,9.120862363197645,8.702048624105322,8.311958178297994,7.954979547870471,7.488086225522227,6.8685054094705915,6.464143470410149,6.235574861448675,6.130614958845317,6.116678424430388,6.187571068289722,6.360775953398113,6.665283677391793,7.120205697862955,7.710357896264896,8.372231251158983,9.008160131020679,NaN,NaN,NaN,NaN,NaN,NaN,NaN,NaN,NaN,NaN,NaN,NaN,NaN,NaN,NaN,NaN,NaN,NaN,NaN,NaN,NaN,NaN,NaN,NaN,NaN,6.001409381601259,6.000409507537147,6.0001100749387115,21.69725055083951,25.96983583677869,30.242421122717865,34.51500640865711,38.78759169459629,43.06017698053553,47.3327622664747
NaN,5.849997001153323,5.718809961735853,5.5134426311465,5.223172365843002,4.858634992059328,4.4760978198119625,4.233326427138176,4.457485498701204,5.51638418405909,7.271462695665367,8.703478449101697,9.311727032975426,9.9478663973076,10.570225779236486,11.125019103668807,11.585443588387289,11.949039374991585,12.22866516177973,12.442673936946472,12.60796902876151,12.736883477592682,12.836946514553519,12.912049313235965,12.963862211745377,12.992946134460846,12.998504626227493,12.973933671816336,12.919264193591308,12.835220013355194,12.722887237954831,12.583698967894067,12.41940724224483,12.232046982027878,12.02389423747987,11.797420296645077,11.555243038716222,11.300076886919285,11.034682693325095,10.761818833779653,10.328736265028688,9.86813292393046,9.415924670987488,8.981136159035803,8.571117780333164,8.19143585747225,7.845874584971014,7.536534344036701,7.264006065497973,7.027599458342156,6.82560579028552,6.655588619073159,6.488489698161159,6.26785179515249,6.127291534266124,6.068090631531062,6.0670600868778175,6.12697383037266,6.277188940990088,6.569260071651364,7.061582736521706,7.789355679921179,8.727305186216542,9.767508024044767,10.739294509702109,NaN,NaN,NaN,NaN,NaN,NaN,NaN,NaN,NaN,NaN,NaN,NaN,NaN,NaN,NaN,NaN,NaN,NaN,NaN,NaN,NaN,NaN,NaN,NaN,NaN,6.00115350888704,6.000330846536948,6.0000877860468425,21.69725055083951,25.96983583677869,30.242421122717865,34.51500640865711,38.78759169459629,43.06017698053553,47.3327622664747
NaN,NaN,5.713588650965535,5.504417367043031,5.208901800947026,4.8391016430801335,4.460363720165219,4.26764168779784,4.682221569289012,6.183300277282521,8.569135052415996,10.450766192797238,10.985238332193598,11.469173719266694,11.92564599579931,12.301235098593628,12.570186252412622,12.731699876608769,12.800715557887365,12.797878357828303,12.742436566027493,12.649032032235043,12.527430141656744,12.38367466586264,12.2214990780013,12.043427410924632,11.825870547354807,11.585491523536763,11.331768223029803,11.067473991290443,10.795374323845527,10.518188038576376,10.23854611395352,9.958953047959678,9.681752738061133,9.40909979490355,9.142936737872741,8.884977252812988,8.636695486721944,8.399321176987318,8.074585582524428,7.740711187385954,7.4434067026614334,7.182816425795436,6.957883314890554,6.766610041475842,6.606321606684249,6.4739126911686835,6.366067533284873,6.279445761786612,6.210836248200871,6.15730027474671,6.113732487044653,6.063745940577486,6.032527205868187,6.033177106348898,6.0711351709159285,6.174080681055024,6.39723004402092,6.821069569588455,7.53221501843839,8.581562843627198,9.930567277231855,11.418001232691962,12.78622233208466,NaN,NaN,NaN,NaN,NaN,NaN,NaN,NaN,NaN,NaN,NaN,NaN,NaN,NaN,NaN,NaN,NaN,NaN,NaN,NaN,NaN,NaN,NaN,NaN,NaN,6.0009420554848365,6.000266719321223,6.000069859540226,21.69725055083951,25.96983583677869,30.242421122717865,34.51500640865711,38.78759169459629,43.06017698053553,47.3327622664747
NaN,NaN,NaN,NaN,NaN,4.908613968722345,4.553545219512632,4.377555449724222,4.785184815290572,6.237004160364309,8.537525283887582,10.347210892742845,10.709586766751043,10.951099252566443,11.171094057021653,11.321227277824281,11.37906517191331,11.345509987422796,11.236111321208087,11.071611898208758,10.87125327053447,10.64974541721435,10.417004403526231,10.179233888255501,9.94025182981612,9.702529200818393,9.441975023070688,9.17495171306597,8.915915929547348,8.666385953400974,8.427625391506526,8.20065069318516,7.98623839598001,7.784935222485563,7.597071555238209,7.422777925772673,7.262003883036507,7.114538545048361,6.980032149969758,6.858017966959891,6.710948687960633,6.560129858691354,6.43611981906009,6.335574965746967,6.2551760549359505,6.191759516313508,6.142410058208407,6.1045181998516425,6.075808350263394,6.054345411957212,6.038534118245353,6.027145940319496,6.019364947944076,6.013168094932101,6.0143245099824805,6.033282807461658,6.0896519249641035,6.225779596540432,6.517135065798549,7.06941658564123,7.995545895654079,9.361396466133868,11.11532303064484,13.043830018178552,14.803961505003784,NaN,NaN,NaN,NaN,NaN,NaN,NaN,NaN,NaN,NaN,NaN,NaN,NaN,NaN,NaN,NaN,NaN,NaN,NaN,NaN,NaN,NaN,NaN,NaN,NaN,6.000767706487481,6.000214558414795,6.000055473956823,21.69725055083951,25.96983583677869,30.242421122717865,34.51500640865711,38.78759169459629,43.06017698053553,47.3327622664747
NaN,NaN,NaN,NaN,NaN,NaN,NaN,NaN,4.7660766307256655,5.726887843683615,7.299911450950807,8.570980472883074,8.797278516632442,8.899009212316843,8.997059714024896,9.049601589561721,9.037103576135376,8.960107439535436,8.83169948592386,8.669319982399836,8.488970053336432,8.302600202933043,8.117902417277548,7.93926919537208,7.768965454395047,7.60805008385785,7.44325775268774,7.280868020153305,7.131803285010065,6.995742185111099,6.872234557715085,6.760729743678484,6.660599603719683,6.571159025645532,6.491684601119641,6.4214315045088,6.359648471546026,6.305590794902829,6.258531309634814,6.217769399246574,6.174213510268671,6.128880555859993,6.094223580113868,6.068076690643448,6.048607570013156,6.03429857793383,6.023917507912858,6.016482816157823,6.011227686531704,6.007568537193785,6.005091150123467,6.003594941204612,6.003314871091349,6.005416409306559,6.01446699010931,6.042091721010541,6.1140461205924845,6.281140298154516,6.629191414553238,7.278274859036115,8.357953254436199,9.950846530896115,12.009560025328206,14.273189795547275,16.334186379425812,NaN,NaN,NaN,NaN,NaN,NaN,NaN,NaN,NaN,NaN,NaN,NaN,NaN,NaN,NaN,NaN,NaN,NaN,NaN,NaN,NaN,NaN,NaN,NaN,NaN,NaN,6.000172226436969,6.000043955756185,21.69725055083951,25.96983583677869,30.242421122717865,34.51500640865711,38.78759169459629,43.06017698053553,47.3327622664747
NaN,NaN,NaN,NaN,NaN,NaN,NaN,NaN,NaN,NaN,NaN,NaN,6.823428840674499,6.920124280773594,7.0229296986132725,7.097331957238148,7.12666493742055,7.1103444264478,7.057851625832227,6.982184601571298,6.895228948875024,6.8056758533264015,6.7188640955222505,6.637555146480284,6.562876972541205,6.495065478696657,6.429498344478899,6.3667420578313925,6.311787292692214,6.263914360185331,6.222421784743575,6.1866388900856615,6.155932886335485,6.129713179247951,6.107433893502936,6.08859502900541,6.072742500009717,6.059467258795622,6.048403687171234,6.039227424938891,6.030525450272324,6.02120424188683,6.014556268354285,6.009875156753452,6.006620711830752,6.004386652900791,6.002872379359565,6.001859281195826,6.00119245995683,6.000771620529883,6.000566394148111,6.000708469349837,6.001813695446311,6.005901065998215,6.018721289000974,6.054583360268913,6.144662939718421,6.348026718192018,6.759969921930835,7.506470212514241,8.711488073760064,10.433344347992197,12.590184796740797,14.920403326101399,NaN,NaN,NaN,NaN,NaN,NaN,NaN,NaN,NaN,NaN,NaN,NaN,NaN,NaN,NaN,NaN,NaN,NaN,NaN,NaN,NaN,NaN,NaN,NaN,NaN,NaN,NaN,6.000137948592146,6.000034754060906,21.69725055083951,25.96983583677869,30.242421122717865,34.51500640865711,38.78759169459629,43.06017698053553,47.3327622664747
NaN,NaN,NaN,NaN,NaN,NaN,NaN,NaN,NaN,NaN,NaN,NaN,NaN,NaN,NaN,NaN,6.207519654220928,6.244553184004501,6.253275383259629,6.242995937562258,6.2222640322883755,6.1973244646498635,6.17199621048561,6.148240742083584,6.126854888197853,6.108013919221695,6.090703507573886,6.074523713820738,6.060958452857564,6.049644416926503,6.040254415736765,6.032498722903646,6.0261233932201,6.020907573724208,6.01666051795617,6.013218561218793,6.01044216863788,6.008213117713193,6.006431854640373,6.005015049490126,6.003812457738988,6.002494564700456,6.001607967211679,6.001024298144696,6.000644828392433,6.000401191396793,6.000246818386767,6.000150932193112,6.0000960065002795,6.000084114087902,6.000173515711523,6.000615575683937,6.0022882003438625,6.007886880077568,6.024750296058472,6.070526496448421,6.182401983995567,6.428158315915596,6.912239175448416,7.764432102193825,9.098900881571682,10.94458631956627,13.174194716485546,15.482036994346398,NaN,NaN,NaN,NaN,NaN,NaN,NaN,NaN,NaN,NaN,NaN,NaN,NaN,NaN,NaN,NaN,NaN,NaN,NaN,NaN,NaN,NaN,NaN,NaN,NaN,NaN,NaN,6.000110254904823,6.000027419438088,21.69725055083951,25.96983583677869,30.242421122717865,34.51500640865711,38.78759169459629,43.06017698053553,47.3327622664747
NaN,NaN,NaN,NaN,NaN,NaN,NaN,NaN,NaN,NaN,NaN,NaN,NaN,NaN,NaN,NaN,NaN,NaN,NaN,NaN,6.034125391075854,6.032183546327191,6.028374012150737,6.024150820053893,6.020174038189184,6.016678512225311,6.013587104100775,6.010745787701763,6.008458180395639,6.006627706464539,6.005170593365474,6.0040162661311935,6.003106088569056,6.0023917491347625,6.001833699450751,6.001399753280945,6.001063862886379,6.000805064452743,6.00060657774497,6.00045504371709,6.000336617073796,6.000209847347087,6.000127010972878,6.000075971223747,6.000044912862049,6.0000262749429885,6.000015421761797,6.000010315430439,6.000014058954455,6.000048442450124,6.000208042594178,6.000847472271708,6.003149978508077,6.010632830542152,6.032575491034194,6.090574252344449,6.2285579237608015,6.523463009385608,7.088207971204899,8.053729365829254,9.519716793344843,11.480811662634416,13.762638325024573,16.02012447177759,NaN,NaN,NaN,NaN,NaN,NaN,NaN,NaN,NaN,NaN,NaN,NaN,NaN,NaN,NaN,NaN,NaN,NaN,NaN,NaN,NaN,NaN,NaN,NaN,NaN,NaN,NaN,6.000087930947976,6.000021586127284,21.69725055083951,25.96983583677869,30.242421122717865,34.51500640865711,38.78759169459629,43.06017698053553,47.3327622664747
NaN,NaN,NaN,NaN,NaN,NaN,NaN,NaN,NaN,NaN,NaN,NaN,NaN,NaN,NaN,NaN,NaN,NaN,NaN,NaN,NaN,NaN,6.002739696108962,6.002585155245087,6.002207829814448,6.001805627529603,6.001438934326057,6.0010982646013655,6.000832596589912,6.000627909345323,6.000471352498647,6.00035226352612,6.000262113721774,6.000194186895393,6.000143238661066,6.000105198917596,6.000076925989147,6.0000560074410645,6.000040600295992,6.00002930377015,6.000021002479709,6.0000126226148565,6.00000717380916,6.000004030234563,6.000002245772138,6.000001294594072,6.000001106436106,6.000002959565336,6.000014119572733,6.000067750345605,6.0002981935644515,6.001192418161855,6.004327796640038,6.014254961507653,6.04261126767157,6.115597583815565,6.284611151995237,6.636000018735705,7.290049222353789,8.375615334814832,9.972917106344728,12.037766197543846,14.34819995524006,16.525827890458082,NaN,NaN,NaN,NaN,NaN,NaN,NaN,NaN,NaN,NaN,NaN,NaN,NaN,NaN,NaN,NaN,NaN,NaN,NaN,NaN,NaN,NaN,NaN,NaN,NaN,NaN,NaN,6.000069975946641,6.000016957198623,21.69725055083951,25.96983583677869,30.242421122717865,34.51500640865711,38.78759169459629,43.06017698053553,47.3327622664747
NaN,NaN,NaN,NaN,NaN,NaN,NaN,NaN,NaN,NaN,NaN,NaN,NaN,NaN,NaN,NaN,NaN,NaN,NaN,NaN,NaN,NaN,NaN,6.000064065375522,6.00012860119843,6.000125785826479,6.0001046093211015,6.0000787575172065,6.000057953374478,6.0000421735986595,6.000030486615636,6.000021926563943,6.000015698198767,6.0000111896070925,6.000007941169133,6.000005611299531,6.000003947780371,6.000002765370236,6.000001928698785,6.0000013393263725,6.000000925996689,6.000000542939649,6.0000002899617515,6.000000154839307,6.00000009541001,6.00000015125173,6.000000719742306,6.00000403120657,6.0000209974238095,6.0000994656682165,6.0004276771957565,6.001668851300161,6.005909784229993,6.01899240298757,6.055392002984999,6.146615920896795,6.352205631585076,6.7679234887407915,7.51982041650349,8.730892376797678,10.456716578845466,12.61041164064322,14.923453886554547,16.991863121506345,NaN,NaN,NaN,NaN,NaN,NaN,NaN,NaN,NaN,NaN,NaN,NaN,NaN,NaN,NaN,NaN,NaN,NaN,NaN,NaN,NaN,NaN,NaN,NaN,NaN,NaN,NaN,NaN,6.0000132921940015,21.69725055083951,25.96983583677869,30.242421122717865,34.51500640865711,38.78759169459629,43.06017698053553,47.3327622664747
NaN,NaN,NaN,NaN,NaN,NaN,NaN,NaN,NaN,NaN,NaN,NaN,NaN,NaN,NaN,NaN,NaN,NaN,NaN,NaN,NaN,NaN,NaN,5.999919660121802,5.999980092311405,5.9999987943452595,6.000003345488383,6.000003489077057,6.000002740508046,6.000001983711654,6.000001394116306,6.000000967654013,6.000000667101038,6.000000457590208,6.000000312460892,6.000000212425687,6.0000001437888315,6.000000096906585,6.000000065026788,6.000000043445601,6.000000028904861,6.000000016743431,6.00000000878619,6.00000000761509,6.00000002810436,6.000000178716649,6.000001099837264,6.0000061712649995,6.000031435704218,6.0001453226525125,6.000609668117108,6.0023211525346625,6.008019836588461,6.025146751194744,6.071557927741096,6.184799939405413,6.433141228083764,6.921443457128505,7.779386821047556,9.11982094240873,10.968514569847837,13.192941993187706,15.480708164864518,17.41148355191374,NaN,NaN,NaN,NaN,NaN,NaN,NaN,NaN,NaN,NaN,NaN,NaN,NaN,NaN,NaN,NaN,NaN,NaN,NaN,NaN,NaN,NaN,NaN,NaN,NaN,NaN,NaN,NaN,6.000010396865503,21.69725055083951,25.96983583677869,30.242421122717865,34.51500640865711,38.78759169459629,43.06017698053553,47.3327622664747
NaN,NaN,NaN,NaN,NaN,NaN,NaN,NaN,NaN,NaN,NaN,NaN,NaN,NaN,NaN,NaN,NaN,NaN,NaN,NaN,NaN,NaN,NaN,NaN,5.999985319848773,5.999995809870841,5.999998984702522,5.999999837248492,6.000000028266393,6.000000052405717,6.0000000424757705,6.000000029795427,6.000000020032247,6.000000013267183,6.000000008723669,6.000000005707192,6.000000003716943,6.000000002410161,6.0000000015560735,6.0000000010009735,6.0000000006484395,6.000000000448182,6.000000000896477,6.000000005924155,6.000000042859933,6.000000284793758,6.000001718627967,6.000009412453083,6.000046781404656,6.0002110046845205,6.000863693950529,6.003208319911552,6.010815516661444,6.033088095591918,6.091866360028798,6.231478618725857,6.529360721632985,7.098777111112802,8.07033742384461,9.542033016714305,11.504867316210017,13.778867405816493,16.01219257437331,17.77868528805542,NaN,NaN,NaN,NaN,NaN,NaN,NaN,NaN,NaN,NaN,NaN,NaN,NaN,NaN,NaN,NaN,NaN,NaN,NaN,NaN,NaN,NaN,NaN,NaN,NaN,NaN,NaN,NaN,6.000008002428571,21.69725055083951,25.96983583677869,30.242421122717865,34.51500640865711,38.78759169459629,43.06017698053553,47.3327622664747
NaN,NaN,NaN,NaN,NaN,NaN,NaN,NaN,NaN,NaN,NaN,NaN,NaN,NaN,NaN,NaN,NaN,NaN,NaN,NaN,NaN,NaN,NaN,NaN,5.999993098196032,5.99999795011059,5.999999440214077,5.999999860401114,5.999999968931251,5.999999994375589,5.99999999960575,6.000000000408947,6.000000000385619,6.000000000266498,6.000000000171913,6.000000000108698,6.000000000068178,6.000000000042551,6.000000000026548,6.00000000001776,6.000000000025002,6.000000000148618,6.000000001243228,6.000000009775717,6.00000006988594,6.000000453442313,6.000002669957532,6.000014267059138,6.000069185082979,6.000304465978611,6.001215945345239,6.004406963435347,6.014494954669754,6.043266282775558,6.117204248904569,6.288143194330572,6.642928980481883,7.302089963177173,8.393895667469819,9.996454104510931,12.061485039952538,14.361128436940183,16.510261919220063,NaN,NaN,NaN,NaN,NaN,NaN,NaN,NaN,NaN,NaN,NaN,NaN,NaN,NaN,NaN,NaN,NaN,NaN,NaN,NaN,NaN,NaN,NaN,NaN,NaN,NaN,NaN,NaN,NaN,6.000006018937842,21.69725055083951,25.96983583677869,30.242421122717865,34.51500640865711,38.78759169459629,43.06017698053553,47.3327622664747
NaN,NaN,NaN,NaN,NaN,NaN,NaN,NaN,NaN,NaN,NaN,NaN,NaN,NaN,NaN,NaN,NaN,NaN,NaN,NaN,NaN,NaN,NaN,NaN,NaN,5.999999130520078,5.999999761111418,5.999999939438695,5.999999985845272,5.999999996958224,5.9999999994047135,5.999999999897821,5.999999999987359,6.000000000000988,6.000000000001996,6.000000000001414,6.000000000000883,6.000000000000551,6.000000000000548,6.000000000002789,6.000000000026847,6.000000000249604,6.000000002113716,6.000000016247602,6.000000113340229,6.000000717507625,6.000004122080199,6.000021490869445,6.000101680911217,6.000436589409952,6.001701202442881,6.006015739489307,6.019305199558347,6.056223170825122,6.148599835101806,6.356446494441453,6.7760032624378335,7.533427329991291,8.750827704492817,10.48123809586793,12.633256877068892,14.932238959203497,16.967607753839886,NaN,NaN,NaN,NaN,NaN,NaN,NaN,NaN,NaN,NaN,NaN,NaN,NaN,NaN,NaN,NaN,NaN,NaN,NaN,NaN,NaN,NaN,NaN,NaN,NaN,NaN,NaN,NaN,NaN,6.000004514444721,21.69725055083951,25.96983583677869,30.242421122717865,34.51500640865711,38.78759169459629,43.06017698053553,47.3327622664747
NaN,NaN,NaN,NaN,NaN,NaN,NaN,NaN,NaN,NaN,NaN,NaN,NaN,NaN,NaN,NaN,NaN,NaN,NaN,NaN,NaN,NaN,NaN,NaN,NaN,5.999999660837017,5.999999906790332,5.999999976353673,5.999999994462598,5.999999998803112,5.999999999761278,5.999999999956105,5.999999999992586,5.999999999998867,5.9999999999998535,5.999999999999991,6.000000000000008,6.00000000000004,6.000000000000431,6.00000000000474,6.0000000000475495,6.000000000433016,6.0000000035785845,6.000000026839012,6.000000182670761,6.000001128285269,6.000006324355352,6.00003217075438,6.000148509464601,6.00062215038197,6.002365297135893,6.008160680756823,6.025551686905715,6.072605419383117,6.187232596158536,6.438196504324074,6.930793903896518,7.794637052453799,9.141351476531757,10.993719365665847,13.214305679159786,15.484454524298656,17.37747091605343,NaN,NaN,NaN,NaN,NaN,NaN,NaN,NaN,NaN,NaN,NaN,NaN,NaN,NaN,NaN,NaN,NaN,NaN,NaN,NaN,NaN,NaN,NaN,NaN,NaN,NaN,NaN,NaN,NaN,6.000003376566051,21.69725055083951,25.96983583677869,30.242421122717865,34.51500640865711,38.78759169459629,43.06017698053553,47.3327622664747
NaN,NaN,NaN,NaN,NaN,NaN,NaN,NaN,NaN,NaN,NaN,NaN,NaN,NaN,NaN,NaN,NaN,NaN,NaN,NaN,NaN,NaN,NaN,NaN,NaN,NaN,5.999999966442269,5.999999991486555,5.999999998006234,5.999999999568979,5.999999999913985,5.999999999984155,5.999999999997306,5.999999999999577,5.999999999999939,5.999999999999992,6.000000000000004,6.000000000000066,6.00000000000079,6.000000000008576,6.000000000084039,6.000000000746713,6.000000006021007,6.0000000440587105,6.000000292578044,6.000001763189705,6.000009642814641,6.000047858186252,6.000215554241484,6.00088105961413,6.003268159010454,6.011001491113392,6.033608777392653,6.0931774267415975,6.234440583394473,6.535343019108249,7.109514961160791,8.087284988126545,9.565050409789372,11.530386239021443,13.798073590958055,16.009961599237684,17.733846775871307,NaN,NaN,NaN,NaN,NaN,NaN,NaN,NaN,NaN,NaN,NaN,NaN,NaN,NaN,NaN,NaN,NaN,NaN,NaN,NaN,NaN,NaN,NaN,NaN,NaN,NaN,NaN,NaN,NaN,6.000002518445685,21.69725055083951,25.96983583677869,30.242421122717865,34.51500640865711,38.78759169459629,43.06017698053553,47.3327622664747
NaN,NaN,NaN,NaN,NaN,NaN,NaN,NaN,NaN,NaN,NaN,NaN,NaN,NaN,NaN,NaN,NaN,NaN,NaN,NaN,NaN,NaN,NaN,NaN,NaN,NaN,NaN,5.999999997170648,5.999999999337392,5.999999999856754,5.999999999971413,5.999999999994734,5.999999999999105,5.99999999999986,5.99999999999998,5.999999999999998,6.000000000000008,6.000000000000111,6.000000000001338,6.000000000014525,6.000000000142223,6.00000000125588,6.000000010001412,6.000000071830601,6.000000465695613,6.00000273821086,6.000014610971692,6.000070752038335,6.0003109186330414,6.001239946547024,6.004487540862644,6.014738881061666,6.043931265551908,6.11883390766532,6.2917241472430545,6.64995630837651,7.314324758685757,8.412565426797212,10.020795883883183,12.086879486753187,14.377437995676754,16.501081820728416,18.03167505839295,NaN,NaN,NaN,NaN,NaN,NaN,NaN,NaN,NaN,NaN,NaN,NaN,NaN,NaN,NaN,NaN,NaN,NaN,NaN,NaN,NaN,NaN,NaN,NaN,NaN,NaN,NaN,NaN,NaN,6.000001873166392,21.69725055083951,25.96983583677869,30.242421122717865,34.51500640865711,38.78759169459629,43.06017698053553,47.3327622664747
NaN,NaN,NaN,NaN,NaN,NaN,NaN,NaN,NaN,NaN,NaN,NaN,NaN,NaN,NaN,NaN,NaN,NaN,NaN,NaN,NaN,NaN,NaN,NaN,NaN,NaN,5.999999996578539,5.99999999913199,5.99999999979672,5.999999999956054,5.99999999999123,5.999999999998384,5.9999999999997256,5.9999999999999565,5.999999999999994,6.0,6.000000000000013,6.000000000000171,6.000000000002054,6.000000000022214,6.000000000217228,6.000000001918205,6.000000015275954,6.000000109712608,6.000000710623751,6.000004151049986,6.000021868116865,6.000103896322627,6.000445681555684,6.00173415686016,6.006123523924325,6.0196229943216615,6.057066677516488,6.150611474743249,6.3607449604157695,6.784196851609554,7.547256771649838,8.771209193439727,10.506682828276308,12.658018798552105,14.9448560066911,16.95048436053853,18.26700645129736,NaN,NaN,NaN,NaN,NaN,NaN,NaN,NaN,NaN,NaN,NaN,NaN,NaN,NaN,NaN,NaN,NaN,NaN,NaN,NaN,NaN,NaN,NaN,NaN,NaN,NaN,NaN,NaN,NaN,6.00000138933365,21.69725055083951,25.96983583677869,30.242421122717865,34.51500640865711,38.78759169459629,43.06017698053553,47.3327622664747
NaN,NaN,NaN,NaN,NaN,NaN,NaN,NaN,NaN,NaN,NaN,NaN,NaN,NaN,NaN,NaN,NaN,NaN,NaN,NaN,NaN,NaN,NaN,NaN,NaN,NaN,5.99999999903104,5.999999999754179,5.999999999942431,5.999999999987555,5.999999999997517,5.999999999999543,5.999999999999922,5.999999999999988,5.999999999999998,6.000000000000002,6.00000000000002,6.000000000000261,6.000000000003075,6.0000000000326965,6.000000000314433,6.000000002734601,6.000000021508228,6.000000152988874,6.000000984146601,6.00000572538286,6.000030122670241,6.000143114048115,6.000613206472774,6.002369558216873,6.008257814776482,6.025953839695548,6.073668079431508,6.189698452955588,6.443319199545074,6.940275422253881,7.810141813834489,9.163392772383773,11.019982795554398,13.237859229182968,15.492534241039689,17.351398727441783,18.43713896171647,NaN,NaN,NaN,NaN,NaN,NaN,NaN,NaN,NaN,NaN,NaN,NaN,NaN,NaN,NaN,NaN,NaN,NaN,NaN,NaN,NaN,NaN,NaN,NaN,NaN,NaN,NaN,NaN,NaN,6.000001027597836,21.69725055083951,25.96983583677869,30.242421122717865,34.51500640865711,38.78759169459629,43.06017698053553,47.3327622664747
NaN,NaN,NaN,NaN,NaN,NaN,NaN,NaN,NaN,NaN,NaN,NaN,NaN,NaN,NaN,NaN,NaN,NaN,NaN,NaN,NaN,NaN,NaN,NaN,NaN,NaN,5.999999999746688,5.999999999935736,5.99999999998495,5.999999999996747,5.999999999999351,5.99999999999988,5.99999999999998,5.9999999999999964,5.999999999999999,6.000000000000002,6.000000000000031,6.000000000000397,6.000000000004589,6.000000000047993,6.000000000453867,6.000000003881749,6.000000030024168,6.000000210019256,6.000001328593103,6.000007600981688,6.000039327135703,6.000184017906284,6.0007787056392905,6.002980111893333,6.01031427656729,6.032284462153032,6.091390162448763,6.233628394766415,6.538653290302978,7.120134223503757,8.104523096886606,9.588652270492451,11.557118625547549,13.81977845461493,16.012619218532315,17.697819910601993,18.540718113929266,NaN,NaN,NaN,NaN,NaN,NaN,NaN,NaN,NaN,NaN,NaN,NaN,NaN,NaN,NaN,NaN,NaN,NaN,NaN,NaN,NaN,NaN,NaN,NaN,NaN,NaN,NaN,NaN,NaN,6.000000757925007,21.69725055083951,25.96983583677869,30.242421122717865,34.51500640865711,38.78759169459629,43.06017698053553,47.3327622664747
NaN,NaN,NaN,NaN,NaN,NaN,NaN,NaN,NaN,NaN,NaN,NaN,NaN,NaN,NaN,NaN,NaN,NaN,NaN,NaN,NaN,NaN,NaN,NaN,NaN,NaN,5.9999999999388685,5.9999999999844915,5.999999999996368,5.999999999999215,5.999999999999844,5.999999999999971,5.999999999999995,5.999999999999999,6.0,6.0000000000000036,6.000000000000048,6.0000000000006,6.000000000006831,6.000000000070248,6.00000000065331,6.000000005494791,6.000000041795311,6.000000287507107,6.000001788604638,6.000010062941444,6.000051201242436,6.000235603228105,6.000980454690971,6.003689945955321,6.0125591353689405,6.038658823051285,6.107619268020681,6.270950567096182,6.616964214665731,7.270635177176851,8.367081039964642,9.9894841902382,12.085431469092136,14.395338536264404,16.49740247402046,17.984697736469677,18.577796524436906,NaN,NaN,NaN,NaN,NaN,NaN,NaN,NaN,NaN,NaN,NaN,NaN,NaN,NaN,NaN,NaN,NaN,NaN,NaN,NaN,NaN,NaN,NaN,NaN,NaN,NaN,NaN,NaN,NaN,6.000000557462581,21.69725055083951,25.96983583677869,30.242421122717865,34.51500640865711,38.78759169459629,43.06017698053553,47.3327622664747
NaN,NaN,NaN,NaN,NaN,NaN,NaN,NaN,NaN,NaN,NaN,NaN,NaN,NaN,NaN,NaN,NaN,NaN,NaN,NaN,NaN,NaN,NaN,NaN,NaN,NaN,5.999999999986382,5.999999999996545,5.999999999999191,5.999999999999825,5.999999999999965,5.999999999999994,5.999999999999999,6.0,6.0,6.000000000000005,6.000000000000074,6.000000000000907,6.0000000000101394,6.000000000102537,6.000000000937779,6.00000000775649,6.000000058019559,6.000000392489759,6.000002401192493,6.000013285272058,6.0000664750837505,6.000300810178463,6.001231038793129,6.0045561413129604,6.015250005999392,6.046162812436745,6.126376870481122,6.312897995170636,6.7006650631116145,7.419105781984545,8.59993538038142,10.30968990072105,12.466201103973905,14.789145123935047,16.84199966155279,18.18249665389152,NaN,NaN,NaN,NaN,NaN,NaN,NaN,NaN,NaN,NaN,NaN,NaN,NaN,NaN,NaN,NaN,NaN,NaN,NaN,NaN,NaN,NaN,NaN,NaN,NaN,NaN,NaN,NaN,NaN,NaN,6.000000408876015,21.69725055083951,25.96983583677869,30.242421122717865,34.51500640865711,38.78759169459629,43.06017698053553,47.3327622664747
NaN,NaN,NaN,NaN,NaN,NaN,NaN,NaN,NaN,NaN,NaN,NaN,NaN,NaN,NaN,NaN,NaN,NaN,NaN,NaN,NaN,NaN,NaN,NaN,NaN,5.99999999998981,5.9999999999972,5.9999999999992895,5.999999999999834,5.9999999999999645,5.999999999999993,5.999999999999999,6.0,6.0,6.000000000000001,6.000000000000008,6.000000000000112,6.000000000001365,6.0000000000150076,6.000000000149251,6.00000000134237,6.000000010918663,6.000000080317756,6.000000534316214,6.000003214621776,6.0000174906617385,6.000086065197488,6.000382995880822,6.001541367643169,6.005610023202298,6.0184659034019194,6.054970043446935,6.147990930249433,6.360333627634333,6.793503183003795,7.580493273330913,8.847654839903122,10.642302525421748,12.850696029050205,15.160312069031308,17.120739652592746,18.30942038256834,NaN,NaN,NaN,NaN,NaN,NaN,NaN,NaN,NaN,NaN,NaN,NaN,NaN,NaN,NaN,NaN,NaN,NaN,NaN,NaN,NaN,NaN,NaN,NaN,NaN,NaN,NaN,NaN,NaN,NaN,6.000000299057003,21.69725055083951,25.96983583677869,30.242421122717865,34.51500640865711,38.78759169459629,43.06017698053553,47.3327622664747
NaN,NaN,NaN,NaN,NaN,NaN,NaN,NaN,NaN,NaN,NaN,NaN,NaN,NaN,NaN,NaN,NaN,NaN,NaN,NaN,NaN,NaN,NaN,NaN,NaN,5.9999999999980655,5.999999999999468,5.999999999999865,5.999999999999968,5.999999999999993,5.999999999999998,6.0,6.0,6.0,6.000000000000001,6.000000000000013,6.000000000000171,6.000000000002048,6.000000000022152,6.0000000002166445,6.000000001916169,6.000000015327242,6.0000001108763685,6.000000725368442,6.000004291637862,6.000022963194832,6.0001111185405875,6.00048627950261,6.001924558097778,6.006888464518693,6.022297769184399,6.065275505157154,6.172819603973882,6.413806526870557,6.896143752640547,7.7553426694819345,9.110317857480027,10.98672938862121,13.2379894134925,15.520774906902659,17.37482025328695,18.401326732254958,NaN,NaN,NaN,NaN,NaN,NaN,NaN,NaN,NaN,NaN,NaN,NaN,NaN,NaN,NaN,NaN,NaN,NaN,NaN,NaN,NaN,NaN,NaN,NaN,NaN,NaN,NaN,NaN,NaN,NaN,6.000000218123646,21.69725055083951,25.96983583677869,30.242421122717865,34.51500640865711,38.78759169459629,43.06017698053553,47.3327622664747
NaN,NaN,NaN,NaN,NaN,NaN,NaN,NaN,NaN,NaN,NaN,NaN,NaN,NaN,NaN,NaN,NaN,NaN,NaN,NaN,NaN,NaN,NaN,NaN,NaN,5.999999999999661,5.999999999999907,5.999999999999976,5.999999999999995,5.999999999999999,6.0,6.0,6.0,6.0,6.000000000000002,6.00000000000002,6.000000000000261,6.000000000003066,6.000000000032606,6.000000000313594,6.000000002727631,6.000000021456004,6.0000001526359,6.000000981994919,6.000005713556604,6.000030064131446,6.000143065781159,6.0006156985196055,6.002396327121045,6.008434716521849,6.026849894562318,6.0772973753252915,6.201252517484341,6.473893146125724,7.00924715171841,7.944118104303217,9.387778915840912,11.3418794876481,13.626125603846168,15.868531175213498,17.604020728029948,18.463212799203408,NaN,NaN,NaN,NaN,NaN,NaN,NaN,NaN,NaN,NaN,NaN,NaN,NaN,NaN,NaN,NaN,NaN,NaN,NaN,NaN,NaN,NaN,NaN,NaN,NaN,NaN,NaN,NaN,NaN,NaN,6.0000001586492235,21.69725055083951,25.96983583677869,30.242421122717865,34.51500640865711,38.78759169459629,43.06017698053553,47.3327622664747
NaN,NaN,NaN,NaN,NaN,NaN,NaN,NaN,NaN,NaN,NaN,NaN,NaN,NaN,NaN,NaN,NaN,NaN,NaN,NaN,NaN,NaN,NaN,NaN,NaN,5.999999999999945,5.999999999999985,5.9999999999999964,5.999999999999999,6.0,6.0,6.0,6.0,6.0,6.000000000000002,6.000000000000031,6.000000000000396,6.000000000004576,6.0000000000478595,6.000000000452664,6.000000003871933,6.000000029951869,6.000000209538907,6.000001325714799,6.000007585431321,6.000039251412831,6.0001836856775626,6.0007773928460315,6.00297544186499,6.010299327172088,6.032241413108971,6.0912787328350735,6.23371148665301,6.54119539077697,7.133465419775895,8.14721220549587,9.679751269218892,11.706487637287573,14.012980649585579,16.201267045292834,17.80682051591265,18.495112405641976,NaN,NaN,NaN,NaN,NaN,NaN,NaN,NaN,NaN,NaN,NaN,NaN,NaN,NaN,NaN,NaN,NaN,NaN,NaN,NaN,NaN,NaN,NaN,NaN,NaN,NaN,NaN,NaN,NaN,NaN,6.000000115069329,21.69725055083951,25.96983583677869,30.242421122717865,34.51500640865711,38.78759169459629,43.06017698053553,47.3327622664747
NaN,NaN,NaN,NaN,NaN,NaN,NaN,NaN,NaN,NaN,NaN,NaN,NaN,NaN,NaN,NaN,NaN,NaN,NaN,NaN,NaN,NaN,NaN,NaN,NaN,5.999999999999992,5.999999999999997,5.999999999999999,6.0,6.0,6.0,6.0,6.0,6.0,6.0000000000000036,6.000000000000048,6.000000000000599,6.000000000006811,6.000000000070054,6.000000000651593,6.000000005481007,6.000000041695512,6.000000286855337,6.000001784765848,6.000010042557034,6.0000511036836865,6.000235182553225,6.0009788209470685,6.0036842333120495,6.012541154435282,6.038607872329446,6.107489195120244,6.270650743837827,6.616337148940297,7.269433524860839,8.36493387023637,9.985797828004515,12.079121749298963,14.3963376417389,16.516728977462055,17.981917172548805,18.497344376139964,NaN,NaN,NaN,NaN,NaN,NaN,NaN,NaN,NaN,NaN,NaN,NaN,NaN,NaN,NaN,NaN,NaN,NaN,NaN,NaN,NaN,NaN,NaN,NaN,NaN,NaN,NaN,NaN,NaN,NaN,6.000000083227651,21.69725055083951,25.96983583677869,30.242421122717865,34.51500640865711,38.78759169459629,43.06017698053553,47.3327622664747
NaN,NaN,NaN,NaN,NaN,NaN,NaN,NaN,NaN,NaN,NaN,NaN,NaN,NaN,NaN,NaN,NaN,NaN,NaN,NaN,NaN,NaN,NaN,NaN,5.9999999999999964,5.999999999999999,6.0,6.0,6.0,6.0,6.0,6.0,6.0,6.0,6.000000000000005,6.000000000000073,6.000000000000904,6.00000000001011,6.000000000102257,6.000000000935333,6.000000007737188,6.0000000578821915,6.000000391607926,6.000002396087476,6.000013258628833,6.000066349766654,6.0003002791579885,6.001229012371708,6.0045491794687695,6.015228477177926,6.046102872685509,6.1262264528219585,6.312556715429351,6.6999599986801,7.417759799876547,8.597495978072716,10.305323440876833,12.458188271290691,14.773907955138533,16.81275229110699,18.128246023144513,18.470510536246643,NaN,NaN,NaN,NaN,NaN,NaN,NaN,NaN,NaN,NaN,NaN,NaN,NaN,NaN,NaN,NaN,NaN,NaN,NaN,NaN,NaN,NaN,NaN,NaN,NaN,NaN,NaN,NaN,NaN,NaN,NaN,21.69725055083951,25.96983583677869,30.242421122717865,34.51500640865711,38.78759169459629,43.06017698053553,47.3327622664747
NaN,NaN,NaN,NaN,NaN,NaN,NaN,NaN,NaN,NaN,NaN,NaN,NaN,NaN,NaN,NaN,NaN,NaN,NaN,NaN,NaN,NaN,NaN,NaN,5.999999999999999,6.0,6.0,6.0,6.0,6.0,6.0,6.0,6.0,6.000000000000001,6.000000000000008,6.000000000000112,6.000000000001361,6.000000000014965,6.000000000148847,6.000000001338893,6.000000010891712,6.000000080129218,6.000000533126525,6.000003207852348,6.000017455938325,6.000085904689791,6.000382327520195,6.0015388615176155,6.005601564045423,6.018440204708443,6.054899757634459,6.147817655319406,6.359947282263892,6.792718051710551,7.579015613696625,8.845003250672228,10.63756883031849,12.841940338860422,15.143354604268428,17.087289450830724,18.244996830234655,18.415489782088223,NaN,NaN,NaN,NaN,NaN,NaN,NaN,NaN,NaN,NaN,NaN,NaN,NaN,NaN,NaN,NaN,NaN,NaN,NaN,NaN,NaN,NaN,NaN,NaN,NaN,NaN,NaN,NaN,NaN,NaN,NaN,21.69725055083951,25.96983583677869,30.242421122717865,34.51500640865711,38.78759169459629,43.06017698053553,47.3327622664747
NaN,NaN,NaN,NaN,NaN,NaN,NaN,NaN,NaN,NaN,NaN,NaN,NaN,NaN,NaN,NaN,NaN,NaN,NaN,NaN,NaN,NaN,NaN,NaN,6.0,6.0,6.0,6.0,6.0,6.0,6.0,6.0,6.0,6.000000000000001,6.000000000000013,6.0000000000001705,6.000000000002043,6.000000000022089,6.000000000216062,6.000000001911245,6.000000015289719,6.000000110618334,6.000000723768017,6.000004282687152,6.000022918071194,6.000110913555749,6.0004854407304,6.001921467791111,6.006878216341678,6.022267184132655,6.065193333891964,6.172620595631888,6.413370454627995,6.895271905809066,7.753724368079867,9.107440486637508,10.981606425693268,13.2284886799191,15.50231741736978,17.338437582605344,18.331627153054466,18.333428320872834,NaN,NaN,NaN,NaN,NaN,NaN,NaN,NaN,NaN,NaN,NaN,NaN,NaN,NaN,NaN,NaN,NaN,NaN,NaN,NaN,NaN,NaN,NaN,NaN,NaN,NaN,NaN,NaN,NaN,NaN,NaN,21.69725055083951,25.96983583677869,30.242421122717865,34.51500640865711,38.78759169459629,43.06017698053553,47.3327622664747
NaN,NaN,NaN,NaN,NaN,NaN,NaN,NaN,NaN,NaN,NaN,NaN,NaN,NaN,NaN,NaN,NaN,NaN,NaN,NaN,NaN,NaN,NaN,NaN,6.0,6.0,6.0,6.0,6.0,6.0,6.0,6.0,6.0,6.000000000000002,6.00000000000002,6.00000000000026,6.000000000003057,6.000000000032514,6.000000000312756,6.000000002720679,6.00000002140391,6.000000152283765,6.000000979848118,6.000005701755756,6.00003000566174,6.000142804753325,6.000614648954381,6.002392527638874,6.008422337651194,6.026813602413348,6.077201596423342,6.201024638379159,6.473402395167683,7.008281692857855,7.942349936083378,9.384661414793479,11.336338319716855,13.61581525751513,15.848439683664395,17.564464734605487,18.38787213540563,18.225726254661527,NaN,NaN,NaN,NaN,NaN,NaN,NaN,NaN,NaN,NaN,NaN,NaN,NaN,NaN,NaN,NaN,NaN,NaN,NaN,NaN,NaN,NaN,NaN,NaN,NaN,NaN,NaN,NaN,NaN,NaN,NaN,21.69725055083951,25.96983583677869,30.242421122717865,34.51500640865711,38.78759169459629,43.06017698053553,47.3327622664747
NaN,NaN,NaN,NaN,NaN,NaN,NaN,NaN,NaN,NaN,NaN,NaN,NaN,NaN,NaN,NaN,NaN,NaN,NaN,NaN,NaN,NaN,NaN,NaN,6.0,6.0,6.0,6.0,6.0,6.0,6.0,6.0,6.0,6.000000000000002,6.000000000000031,6.000000000000394,6.000000000004563,6.000000000047727,6.000000000451465,6.000000003862142,6.000000029879752,6.000000209059726,6.000001322843344,6.000007569917522,6.000039175868508,6.000183354249002,6.000776083345567,6.00297078418493,6.010284418864273,6.032198477335171,6.091167427670565,6.23345133019613,6.540644726446071,7.13239922643492,8.145284682517651,9.67637842038408,11.70049654915151,14.001789581937329,16.179395884356694,17.7638344090619,18.413750525189535,18.094020747890532,NaN,NaN,NaN,NaN,NaN,NaN,NaN,NaN,NaN,NaN,NaN,NaN,NaN,NaN,NaN,NaN,NaN,NaN,NaN,NaN,NaN,NaN,NaN,NaN,NaN,NaN,NaN,NaN,NaN,NaN,6.000000026712252,21.69725055083951,25.96983583677869,30.242421122717865,34.51500640865711,38.78759169459629,43.06017698053553,47.3327622664747
NaN,NaN,NaN,NaN,NaN,NaN,NaN,NaN,NaN,NaN,NaN,NaN,NaN,NaN,NaN,NaN,NaN,NaN,NaN,NaN,NaN,NaN,NaN,6.0,6.0,6.0,6.0,6.0,6.0,6.0,6.0,6.0,6.0,6.0000000000000036,6.000000000000047,6.000000000000597,6.000000000006792,6.0000000000698614,6.000000000649878,6.000000005467257,6.0000000415959605,6.000000286205138,6.000001780936146,6.00001002222075,6.000051006360596,6.000234762958646,6.000977191908889,6.003678540385445,6.012523253052033,6.038557228463104,6.107360235312204,6.270354628430374,6.615721065347098,7.26825927203118,8.362837231347699,9.982153404772186,12.07264586897427,14.384187565584377,16.492920080779633,17.93522791395554,18.40956679989724,NaN,NaN,NaN,NaN,NaN,NaN,NaN,NaN,NaN,NaN,NaN,NaN,NaN,NaN,NaN,NaN,NaN,NaN,NaN,NaN,NaN,NaN,NaN,NaN,NaN,NaN,NaN,NaN,NaN,NaN,NaN,6.000000021305738,21.69725055083951,25.96983583677869,30.242421122717865,34.51500640865711,38.78759169459629,43.06017698053553,47.3327622664747
NaN,NaN,NaN,NaN,NaN,NaN,NaN,NaN,NaN,NaN,NaN,NaN,NaN,NaN,NaN,NaN,NaN,NaN,NaN,NaN,NaN,NaN,NaN,6.0,6.0,6.0,6.0,6.0,6.0,6.0,6.0,6.0,6.0,6.000000000000005,6.000000000000073,6.0000000000009015,6.000000000010082,6.000000000101978,6.000000000932891,6.000000007717934,6.0000000577451615,6.0000003907281965,6.0000023909944,6.000013232047758,6.000066224748801,6.000299749487966,6.00122699175117,6.0045422416902605,6.015207045623249,6.0460433156431606,6.126077487534434,6.312220681329752,6.699272734168001,7.416469984068601,8.595220168159788,10.301390039943525,12.451189151493363,14.7607127364865,16.786834503950512,18.07756411641236,18.375909346539792,NaN,NaN,NaN,NaN,NaN,NaN,NaN,NaN,NaN,NaN,NaN,NaN,NaN,NaN,NaN,NaN,NaN,NaN,NaN,NaN,NaN,NaN,NaN,NaN,NaN,NaN,NaN,NaN,NaN,NaN,NaN,6.000000016971984,21.69725055083951,25.96983583677869,30.242421122717865,34.51500640865711,38.78759169459629,43.06017698053553,47.3327622664747
NaN,NaN,NaN,NaN,NaN,NaN,NaN,NaN,NaN,NaN,NaN,NaN,NaN,NaN,NaN,NaN,NaN,NaN,NaN,NaN,NaN,NaN,NaN,6.0,6.0,6.0,6.0,6.0,6.0,6.0,6.0,6.0,6.000000000000001,6.000000000000008,6.000000000000112,6.000000000001356,6.000000000014923,6.000000000148444,6.000000001335428,6.00000001086483,6.000000079941137,6.000000531939642,6.000003201098571,6.00001742129495,6.000085744561083,6.000381660843565,6.00153636252702,6.005593134146663,6.018414623121553,6.054829928636332,6.147646099485182,6.359567091474764,6.791953608183952,7.577602576600496,8.842537887109915,10.633327673807552,12.834375498370882,15.129019569829211,17.059077869870414,18.19001622258467,18.313644719921665,NaN,NaN,NaN,NaN,NaN,NaN,NaN,NaN,NaN,NaN,NaN,NaN,NaN,NaN,NaN,NaN,NaN,NaN,NaN,NaN,NaN,NaN,NaN,NaN,NaN,NaN,NaN,NaN,NaN,NaN,NaN,6.000000013502637,21.69725055083951,25.96983583677869,30.242421122717865,34.51500640865711,38.78759169459629,43.06017698053553,47.3327622664747
NaN,NaN,NaN,NaN,NaN,NaN,NaN,NaN,NaN,NaN,NaN,NaN,NaN,NaN,NaN,NaN,NaN,NaN,NaN,NaN,NaN,NaN,NaN,6.0,6.0,6.0,6.0,6.0,6.0,6.0,6.0,6.0,6.000000000000001,6.000000000000012,6.000000000000165,6.000000000002003,6.000000000021845,6.000000000214856,6.000000001905812,6.000000015252289,6.000000110360921,6.000000722171323,6.000004273756892,6.000022873050352,6.000110709049634,6.00048460405295,6.001918386240855,6.006868003667473,6.022236739845294,6.0651117071264435,6.17242361944002,6.41294159416194,6.894424071781994,7.752180318514554,9.104774810427516,10.977037130635983,13.220311105051149,15.486738642938555,17.307732935017697,18.272025260749423,18.223908077940642,NaN,NaN,NaN,NaN,NaN,NaN,NaN,NaN,NaN,NaN,NaN,NaN,NaN,NaN,NaN,NaN,NaN,NaN,NaN,NaN,NaN,NaN,NaN,NaN,NaN,NaN,NaN,NaN,NaN,NaN,NaN,6.0000000107288844,21.69725055083951,25.96983583677869,30.242421122717865,34.51500640865711,38.78759169459629,43.06017698053553,47.3327622664747
NaN,NaN,NaN,NaN,NaN,NaN,NaN,NaN,NaN,NaN,NaN,NaN,NaN,NaN,NaN,NaN,NaN,NaN,NaN,NaN,NaN,NaN,NaN,6.0,6.0,6.0,6.0,6.0,6.0,6.0,6.0,6.0,6.000000000000001,6.000000000000017,6.000000000000224,6.000000000002701,6.000000000029388,6.0000000002887335,6.00000000256091,6.000000020486247,6.0000001477969205,6.000000961619515,6.000005642558656,6.000029859592121,6.000142503885078,6.000613601988491,6.002388738879478,6.008410001779814,6.026777479197019,6.077106465638965,6.200799158392898,6.4729200840183605,7.007344069937782,7.940666968720711,9.381784223763148,11.331418632690426,13.606972864538026,15.83150326936574,17.531052807154218,18.323310004105547,18.10808996488333,NaN,NaN,NaN,NaN,NaN,NaN,NaN,NaN,NaN,NaN,NaN,NaN,NaN,NaN,NaN,NaN,NaN,NaN,NaN,NaN,NaN,NaN,NaN,NaN,NaN,NaN,NaN,NaN,NaN,NaN,NaN,6.000000008514134,21.69725055083951,25.96983583677869,30.242421122717865,34.51500640865711,38.78759169459629,43.06017698053553,47.3327622664747
NaN,NaN,NaN,NaN,NaN,NaN,NaN,NaN,NaN,NaN,NaN,NaN,NaN,NaN,NaN,NaN,NaN,NaN,NaN,NaN,NaN,NaN,6.0,6.0,6.0,6.0,6.0,6.0,6.0,6.0,6.0,6.0,6.000000000000002,6.000000000000022,6.000000000000297,6.000000000003538,6.000000000038061,6.0000000003697345,6.000000003243247,6.00000002568919,6.000000183739066,6.000001186679233,6.000006920635049,6.000036445118119,6.000173306023361,6.000744164515575,6.002885396380746,6.010099888498698,6.031886166951265,6.090787479245312,6.233125700055166,6.540103926541367,7.131365258794128,8.14345479164929,9.673277981739638,11.695202044149838,13.99222464196274,16.16097722347919,17.727485538115126,18.3438731359317,17.96781968170373,NaN,NaN,NaN,NaN,NaN,NaN,NaN,NaN,NaN,NaN,NaN,NaN,NaN,NaN,NaN,NaN,NaN,NaN,NaN,NaN,NaN,NaN,NaN,NaN,NaN,NaN,NaN,NaN,NaN,NaN,NaN,6.00000000674802,21.69725055083951,25.96983583677869,30.242421122717865,34.51500640865711,38.78759169459629,43.06017698053553,47.3327622664747
NaN,NaN,NaN,NaN,NaN,NaN,NaN,NaN,NaN,NaN,NaN,NaN,NaN,NaN,NaN,NaN,NaN,NaN,NaN,NaN,NaN,NaN,6.0,6.0,6.0,6.0,6.0,6.0,6.0,6.0,6.0,6.0,6.000000000000002,6.00000000000003,6.000000000000393,6.000000000004628,6.000000000049232,6.000000000472865,6.0000000041011825,6.000000032118929,6.000000227140065,6.0000014504647385,6.000008363756432,6.000043548820514,6.000204753961784,6.000869299165365,6.0033326329472745,6.011536854295635,6.036063662213906,6.101797290837766,6.259471349589549,6.597220748825023,7.241319395731585,8.330008000252395,9.95004467404312,12.049411996692028,14.371313798475313,16.47288312965662,17.895696547640718,18.334003530755187,17.804945544377023,NaN,NaN,NaN,NaN,NaN,NaN,NaN,NaN,NaN,NaN,NaN,NaN,NaN,NaN,NaN,NaN,NaN,NaN,NaN,NaN,NaN,NaN,NaN,NaN,NaN,NaN,NaN,NaN,NaN,NaN,NaN,6.000000005341487,21.69725055083951,25.96983583677869,30.242421122717865,34.51500640865711,38.78759169459629,43.06017698053553,47.3327622664747
NaN,NaN,NaN,NaN,NaN,NaN,NaN,NaN,NaN,NaN,NaN,NaN,NaN,NaN,NaN,NaN,NaN,NaN,NaN,NaN,NaN,NaN,6.0,6.0,6.0,6.0,6.0,6.0,6.0,6.0,6.0,6.0,6.000000000000003,6.00000000000004,6.00000000000052,6.000000000006048,6.000000000063602,6.000000000604003,6.000000005179554,6.000000040107527,6.00000028044013,6.0000017706600115,6.000010095108215,6.0000519717818435,6.000241604572138,6.00101420034078,6.003844356715222,6.013158470149929,6.040669588665341,6.1135059008259764,6.286058246322318,6.651004361732433,7.337884677657701,8.483036199325229,10.162239856420316,12.303132548610261,14.627758508682257,16.686806919755377,18.00899880962346,18.31200390300751,17.660530992279526,NaN,NaN,NaN,NaN,NaN,NaN,NaN,NaN,NaN,NaN,NaN,NaN,NaN,NaN,NaN,NaN,NaN,NaN,NaN,NaN,NaN,NaN,NaN,NaN,NaN,NaN,NaN,NaN,NaN,NaN,NaN,6.000000004222776,21.69725055083951,25.96983583677869,30.242421122717865,34.51500640865711,38.78759169459629,43.06017698053553,47.3327622664747
NaN,NaN,NaN,NaN,NaN,NaN,NaN,NaN,NaN,NaN,NaN,NaN,NaN,NaN,NaN,NaN,NaN,NaN,NaN,NaN,NaN,NaN,6.0,6.0,6.0,6.0,6.0,6.0,6.0,6.0,6.0,6.0,6.0000000000000036,6.000000000000054,6.000000000000686,6.0000000000078915,6.0000000000820615,6.00000000077054,6.000000006533257,6.000000050020137,6.000000345812543,6.000002158824585,6.000012169556566,6.00006194596061,6.000284729301576,6.001181768547684,6.004429085565125,6.01498917075612,6.045806170272099,6.126402298644742,6.3149734605501795,6.708741005264219,7.440153892731977,8.642802050278577,10.380360907609838,12.559353539662242,14.879087292630999,16.878758414467853,18.097848842417896,18.28734201077161,17.554488189636317,NaN,NaN,NaN,NaN,NaN,NaN,NaN,NaN,NaN,NaN,NaN,NaN,NaN,NaN,NaN,NaN,NaN,NaN,NaN,NaN,NaN,NaN,NaN,NaN,NaN,NaN,NaN,NaN,NaN,NaN,NaN,6.000000003334139,21.69725055083951,25.96983583677869,30.242421122717865,34.51500640865711,38.78759169459629,43.06017698053553,47.3327622664747
NaN,NaN,NaN,NaN,NaN,NaN,NaN,NaN,NaN,NaN,NaN,NaN,NaN,NaN,NaN,NaN,NaN,NaN,NaN,NaN,NaN,NaN,6.0,6.0,6.0,6.0,6.0,6.0,6.0,6.0,6.0,6.0,6.000000000000005,6.000000000000072,6.000000000000903,6.000000000010285,6.000000000105747,6.00000000098176,6.0000000082304075,6.000000062304304,6.000000425888091,6.000002628776738,6.00001465185804,6.000073741599458,6.000335130038994,6.001375293179728,6.005096343132793,6.01705312730828,6.051526713531442,6.140587215343967,6.346376089278505,6.770630010586376,7.548297080588275,8.809327255578033,10.604163303227637,12.817539427598744,15.12660217534474,17.061123813130642,18.17410961378999,18.251763322813858,17.44365221426678,NaN,NaN,NaN,NaN,NaN,NaN,NaN,NaN,NaN,NaN,NaN,NaN,NaN,NaN,NaN,NaN,NaN,NaN,NaN,NaN,NaN,NaN,NaN,NaN,NaN,NaN,NaN,NaN,NaN,NaN,6.000000016530733,6.000000002629175,21.69725055083951,25.96983583677869,30.242421122717865,34.51500640865711,38.78759169459629,43.06017698053553,47.3327622664747
NaN,NaN,NaN,NaN,NaN,NaN,NaN,NaN,NaN,NaN,NaN,NaN,NaN,NaN,NaN,NaN,NaN,NaN,NaN,NaN,NaN,6.0,6.0,6.0,6.0,6.0,6.0,6.0,6.0,6.0,6.0,6.000000000000001,6.000000000000007,6.000000000000095,6.000000000001189,6.000000000013388,6.000000000136098,6.000000001249308,6.0000000103554045,6.000000077507796,6.0000005238469525,6.00000319701168,6.000017618333414,6.0000876730854795,6.000393956918962,6.00159849889281,6.005856760339896,6.0193769172873,6.0578888827762585,6.156167631942475,6.380431373528106,6.836871964605482,7.66247433745305,8.982609028006753,10.833368961352635,13.07712817135359,15.369619744588634,17.23339745250329,18.237738829268384,18.205782522894467,17.328917380975952,NaN,NaN,NaN,NaN,NaN,NaN,NaN,NaN,NaN,NaN,NaN,NaN,NaN,NaN,NaN,NaN,NaN,NaN,NaN,NaN,NaN,NaN,NaN,NaN,NaN,NaN,NaN,NaN,NaN,NaN,6.000000013149663,6.000000002070642,21.69725055083951,25.96983583677869,30.242421122717865,34.51500640865711,38.78759169459629,43.06017698053553,47.3327622664747
NaN,NaN,NaN,NaN,NaN,NaN,NaN,NaN,NaN,NaN,NaN,NaN,NaN,NaN,NaN,NaN,NaN,NaN,NaN,NaN,NaN,6.0,6.0,6.0,6.0,6.0,6.0,6.0,6.0,6.0,6.0,6.000000000000001,6.000000000000009,6.000000000000127,6.000000000001563,6.000000000017405,6.00000000017494,6.000000001587771,6.000000013012687,6.000000096300134,6.0000006435281055,6.000003883192456,6.00002115880426,6.000104105627397,6.000462528277709,6.001855596652705,6.006722184823151,6.021989713212801,6.064954936984484,6.173256914210502,6.417310442245432,6.907667775980897,7.782834256705926,9.162618616348535,11.067666083826662,13.337533313607658,15.607460772831956,17.395113977115557,18.288757201625096,18.14997058814246,17.211199038537345,NaN,NaN,NaN,NaN,NaN,NaN,NaN,NaN,NaN,NaN,NaN,NaN,NaN,NaN,NaN,NaN,NaN,NaN,NaN,NaN,NaN,NaN,NaN,NaN,NaN,NaN,NaN,NaN,NaN,NaN,6.0000000104468905,6.000000001628699,21.69725055083951,25.96983583677869,30.242421122717865,34.51500640865711,38.78759169459629,43.06017698053553,47.3327622664747
NaN,NaN,NaN,NaN,NaN,NaN,NaN,NaN,NaN,NaN,NaN,NaN,NaN,NaN,NaN,NaN,NaN,NaN,NaN,NaN,NaN,6.0,6.0,6.0,6.0,6.0,6.0,6.0,6.0,6.0,6.0,6.000000000000001,6.000000000000012,6.000000000000169,6.0000000000020535,6.000000000022599,6.000000000224585,6.000000002015396,6.000000016331312,6.000000119498531,6.000000789559361,6.000004710725307,6.000025378829731,6.000123462850138,6.000542352978621,6.002151339805628,6.007705798566933,6.024923479864566,6.072791965416794,6.191974920320875,6.4571899924871925,6.983217659227858,7.909512331050899,9.34929991335729,11.306709218402782,13.598146319479355,15.839454234986896,17.545851941903237,18.327249302195558,18.08495200059335,17.091428363552552,NaN,NaN,NaN,NaN,NaN,NaN,NaN,NaN,NaN,NaN,NaN,NaN,NaN,NaN,NaN,NaN,NaN,NaN,NaN,NaN,NaN,NaN,NaN,NaN,NaN,NaN,NaN,NaN,NaN,NaN,6.000000008289139,6.000000001279459,21.69725055083951,25.96983583677869,30.242421122717865,34.51500640865711,38.78759169459629,43.06017698053553,47.3327622664747
NaN,NaN,NaN,NaN,NaN,NaN,NaN,NaN,NaN,NaN,NaN,NaN,NaN,NaN,NaN,NaN,NaN,NaN,NaN,NaN,NaN,6.0,6.0,6.0,6.0,6.0,6.0,6.0,6.0,6.0,6.0,6.000000000000001,6.000000000000017,6.000000000000224,6.000000000002693,6.0000000000293054,6.000000000287955,6.000000002554977,6.000000020470543,6.000000148099099,6.000000967511703,6.00000570743295,6.000030402285861,6.000146235417572,6.000635155340458,6.002491085530834,6.008822244012536,6.0282131795442,6.081472120061885,6.2124480775280295,6.5002519021974114,7.063720037988573,8.042629326247443,9.542568162465148,11.5501195531225,13.858339164072728,16.064941403016952,17.685237208856606,18.35336400601666,18.011401583643725,16.970547018254585,NaN,NaN,NaN,NaN,NaN,NaN,NaN,NaN,NaN,NaN,NaN,NaN,NaN,NaN,NaN,NaN,NaN,NaN,NaN,NaN,NaN,NaN,NaN,NaN,NaN,NaN,NaN,NaN,NaN,NaN,6.000000006568736,6.000000001003834,21.69725055083951,25.96983583677869,30.242421122717865,34.51500640865711,38.78759169459629,43.06017698053553,47.3327622664747
NaN,NaN,NaN,NaN,NaN,NaN,NaN,NaN,NaN,NaN,NaN,NaN,NaN,NaN,NaN,NaN,NaN,NaN,NaN,NaN,6.0,6.0,6.0,6.0,6.0,6.0,6.0,6.0,6.0,6.0,6.0,6.000000000000002,6.000000000000022,6.000000000000296,6.000000000003528,6.0000000000379545,6.000000000368743,6.000000003234952,6.000000025626647,6.000000183314338,6.000001184082162,6.000006906341185,6.000036374334806,6.000172990805131,6.0007429029173975,6.00288086204137,6.010087758878088,6.031896984814732,6.09107284265175,6.2348094239017975,6.546682772165194,7.149370369399451,8.182289637370843,9.742308779839242,11.797485452812822,14.11746715909958,16.28327998826172,17.812946107098927,18.36731452094858,17.930040981532052,16.849501705759792,NaN,NaN,NaN,NaN,NaN,NaN,NaN,NaN,NaN,NaN,NaN,NaN,NaN,NaN,NaN,NaN,NaN,NaN,NaN,NaN,NaN,NaN,NaN,NaN,NaN,NaN,NaN,NaN,NaN,NaN,6.000000005198812,6.000000000786589,21.69725055083951,25.96983583677869,30.242421122717865,34.51500640865711,38.78759169459629,43.06017698053553,47.3327622664747
NaN,NaN,NaN,NaN,NaN,NaN,NaN,NaN,NaN,NaN,NaN,NaN,NaN,NaN,NaN,NaN,NaN,NaN,NaN,NaN,6.0,6.0,6.0,6.0,6.0,6.0,6.0,6.0,6.0,6.0,6.0,6.000000000000002,6.00000000000003,6.000000000000392,6.000000000004615,6.000000000049095,6.000000000471604,6.00000000409075,6.0000000320411715,6.000000226618115,6.000001447310199,6.000008346596412,6.000043464837246,6.000204384355781,6.000867837396038,6.003327441903251,6.011520319875592,6.036016498010743,6.101677083789441,6.259198611036982,6.596673394081437,7.240359892379995,8.328579639540685,9.948376308376481,12.04836324590562,14.374872006248296,16.493848300988507,17.928708327115082,18.369377994098347,17.84163480264084,16.729238656903842,NaN,NaN,NaN,NaN,NaN,NaN,NaN,NaN,NaN,NaN,NaN,NaN,NaN,NaN,NaN,NaN,NaN,NaN,NaN,NaN,NaN,NaN,NaN,NaN,NaN,NaN,NaN,NaN,NaN,NaN,6.000000004109381,6.000000000615578,21.69725055083951,25.96983583677869,30.242421122717865,34.51500640865711,38.78759169459629,43.06017698053553,47.3327622664747
NaN,NaN,NaN,NaN,NaN,NaN,NaN,NaN,NaN,NaN,NaN,NaN,NaN,NaN,NaN,NaN,NaN,NaN,NaN,NaN,6.0,6.0,6.0,6.0,6.0,6.0,6.0,6.0,6.0,6.0,6.0,6.000000000000003,6.00000000000004,6.000000000000518,6.00000000000603,6.000000000063425,6.000000000602401,6.000000005166448,6.000000040010977,6.000000279799533,6.000001766833311,6.0000100745341465,6.000051872267431,6.000241171765125,6.001012508890294,6.003838421844149,6.013139795455078,6.040616976654908,6.1133735115120444,6.285761863587309,6.650418142009809,7.336874303618124,8.481566045981786,10.160593520045516,12.30227826794048,14.62988506246894,16.696049395615244,18.032309521453996,18.359894692095242,17.746986449923362,16.610698083181532,NaN,NaN,NaN,NaN,NaN,NaN,NaN,NaN,NaN,NaN,NaN,NaN,NaN,NaN,NaN,NaN,NaN,NaN,NaN,NaN,NaN,NaN,NaN,NaN,NaN,NaN,NaN,NaN,NaN,NaN,6.000000003244133,6.000000000481137,21.69725055083951,25.96983583677869,30.242421122717865,34.51500640865711,38.78759169459629,43.06017698053553,47.3327622664747
NaN,NaN,NaN,NaN,NaN,NaN,NaN,NaN,NaN,NaN,NaN,NaN,NaN,NaN,NaN,NaN,NaN,NaN,NaN,NaN,6.0,6.0,6.0,6.0,6.0,6.0,6.0,6.0,6.0,6.0,6.0,6.0000000000000036,6.000000000000053,6.000000000000683,6.000000000007869,6.000000000081835,6.000000000768506,6.0000000065168155,6.000000049900408,6.000000345027347,6.000002154188521,6.0000121449213415,6.0000618281972695,6.0002842231546385,6.001179813930706,6.00442230941966,6.014968107639879,6.045747563748831,6.126256706394232,6.3146518914359575,6.708114285050435,7.439092366014056,8.641294287136487,10.378750682619984,12.558726166109839,14.88183079988316,16.889315169248185,18.12359358610442,18.339266755043884,17.646933664076258,16.494808630466146,NaN,NaN,NaN,NaN,NaN,NaN,NaN,NaN,NaN,NaN,NaN,NaN,NaN,NaN,NaN,NaN,NaN,NaN,NaN,NaN,NaN,NaN,NaN,NaN,NaN,NaN,NaN,NaN,NaN,NaN,6.000000002557825,6.000000000375581,21.69725055083951,25.96983583677869,30.242421122717865,34.51500640865711,38.78759169459629,43.06017698053553,47.3327622664747
NaN,NaN,NaN,NaN,NaN,NaN,NaN,NaN,NaN,NaN,NaN,NaN,NaN,NaN,NaN,NaN,NaN,NaN,NaN,NaN,6.0,6.0,6.0,6.0,6.0,6.0,6.0,6.0,6.0,6.0,6.0,6.000000000000005,6.000000000000071,6.000000000000901,6.000000000010256,6.000000000105457,6.000000000979182,6.000000008209807,6.000000062156022,6.000000424926898,6.000002623167415,6.0000146223984645,6.000073602423331,6.000334538905667,6.001373037459564,6.005088616897692,6.0170294029408415,6.051461521726934,6.140427340085321,6.3460277503186795,6.769961219503095,7.54718445536042,8.807786925314566,10.602605006289638,12.817174467054663,15.130030440639743,17.07311038065811,18.202464598877672,18.307956527272456,17.542343807193422,16.38248186811564,NaN,NaN,NaN,NaN,NaN,NaN,NaN,NaN,NaN,NaN,NaN,NaN,NaN,NaN,NaN,NaN,NaN,NaN,NaN,NaN,NaN,NaN,NaN,NaN,NaN,NaN,NaN,NaN,NaN,NaN,6.000000002014156,6.000000000292812,21.69725055083951,25.96983583677869,30.242421122717865,34.51500640865711,38.78759169459629,43.06017698053553,47.3327622664747
NaN,NaN,NaN,NaN,NaN,NaN,NaN,NaN,NaN,NaN,NaN,NaN,NaN,NaN,NaN,NaN,NaN,NaN,NaN,6.0,6.0,6.0,6.0,6.0,6.0,6.0,6.0,6.0,6.0,6.0,6.000000000000001,6.000000000000007,6.000000000000095,6.000000000001186,6.000000000013349,6.000000000135726,6.000000001246045,6.000000010329627,6.000000077324387,6.000000522671827,6.000003190233538,6.000017583150451,6.000087508818183,6.000393267440624,6.001595899157313,6.005847962709003,6.019350232250562,6.057816468673426,6.155992333969715,6.3800546467662915,6.836159619436544,7.661311052080773,8.981042120048627,10.831880284901258,13.077064407862869,15.373805744773446,17.246936556611097,18.268888393514693,18.26648447126896,17.43410891652208,16.27460684777806,NaN,NaN,NaN,NaN,NaN,NaN,NaN,NaN,NaN,NaN,NaN,NaN,NaN,NaN,NaN,NaN,NaN,NaN,NaN,NaN,NaN,NaN,NaN,NaN,NaN,NaN,NaN,NaN,NaN,6.000000010172137,6.000000001584036,6.0000000002279945,21.69725055083951,25.96983583677869,30.242421122717865,34.51500640865711,38.78759169459629,43.06017698053553,47.3327622664747
NaN,NaN,NaN,NaN,NaN,NaN,NaN,NaN,NaN,NaN,NaN,NaN,NaN,NaN,NaN,NaN,NaN,NaN,NaN,6.0,6.0,6.0,6.0,6.0,6.0,6.0,6.0,6.0,6.0,6.0,6.000000000000001,6.000000000000009,6.000000000000126,6.000000000001559,6.000000000017355,6.000000000174464,6.000000001583645,6.000000012980472,6.000000096073563,6.000000642093223,6.000003875012056,6.000021116836974,6.000103911975167,6.000461725015548,6.001852603742746,6.006712177762379,6.021959727888336,6.0648745766217,6.1730648874742835,6.416903451530774,6.906910174748703,7.781621042614171,9.161032159877585,11.06626674563355,13.337813027840092,15.612482926973021,17.410335752549372,18.322893750828868,18.215426674429672,17.32314055960567,16.17204476571326,NaN,NaN,NaN,NaN,NaN,NaN,NaN,NaN,NaN,NaN,NaN,NaN,NaN,NaN,NaN,NaN,NaN,NaN,NaN,NaN,NaN,NaN,NaN,NaN,NaN,NaN,NaN,NaN,NaN,6.0000000080699545,6.000000001244191,6.000000000177301,21.69725055083951,25.96983583677869,30.242421122717865,34.51500640865711,38.78759169459629,43.06017698053553,47.3327622664747
NaN,NaN,NaN,NaN,NaN,NaN,NaN,NaN,NaN,NaN,NaN,NaN,NaN,NaN,NaN,NaN,NaN,NaN,NaN,6.0,6.0,6.0,6.0,6.0,6.0,6.0,6.0,6.0,6.0,6.0,6.000000000000001,6.000000000000012,6.000000000000168,6.000000000002047,6.000000000022535,6.000000000223976,6.000000002010186,6.000000016291102,6.000000119218997,6.000000787809516,6.0000047008648405,6.000025328830687,6.000123234820889,6.00054141814329,6.0021478972487925,6.007694421801052,6.0248897829027195,6.072702677105721,6.191763868205606,6.456747119017119,6.982400086186926,7.908210029490333,9.347596694336675,11.305180080137802,13.598330915930458,15.84455704669898,17.56168463272469,18.363227795525113,18.154462593146626,17.210208939188924,16.075623761741042,NaN,NaN,NaN,NaN,NaN,NaN,NaN,NaN,NaN,NaN,NaN,NaN,NaN,NaN,NaN,NaN,NaN,NaN,NaN,NaN,NaN,NaN,NaN,NaN,NaN,NaN,NaN,NaN,NaN,6.0000000063941075,6.000000000976021,6.000000000137703,21.69725055083951,25.96983583677869,30.242421122717865,34.51500640865711,38.78759169459629,43.06017698053553,47.3327622664747
NaN,NaN,NaN,NaN,NaN,NaN,NaN,NaN,NaN,NaN,NaN,NaN,NaN,NaN,NaN,NaN,NaN,NaN,NaN,6.0,6.0,6.0,6.0,6.0,6.0,6.0,6.0,6.0,6.0,6.0,6.000000000000001,6.000000000000017,6.000000000000223,6.000000000002685,6.000000000029223,6.000000000287179,6.000000002548407,6.000000020420417,6.000000147754664,6.000000965380518,6.000005695562761,6.000030342795074,6.000145967255325,6.0006340687689805,6.002487130677367,6.008809324929407,6.028175347316184,6.081372959766421,6.212215980108642,6.499768496170174,7.06282963131669,8.04119625491535,9.540607590913712,11.548014163977339,13.857146744863776,16.066820618651626,17.694053271969278,18.37547965428858,18.05637204314168,17.050924698974452,15.925093732754906,NaN,NaN,NaN,NaN,NaN,NaN,NaN,NaN,NaN,NaN,NaN,NaN,NaN,NaN,NaN,NaN,NaN,NaN,NaN,NaN,NaN,NaN,NaN,NaN,NaN,NaN,NaN,NaN,NaN,6.000000005059863,6.0000000007646825,6.000000000106814,21.69725055083951,25.96983583677869,30.242421122717865,34.51500640865711,38.78759169459629,43.06017698053553,47.3327622664747
NaN,NaN,NaN,NaN,NaN,NaN,NaN,NaN,NaN,NaN,NaN,NaN,NaN,NaN,NaN,NaN,NaN,NaN,NaN,NaN,6.0,6.0,6.0,6.0,6.0,6.0,6.0,6.0,6.0,6.0,6.000000000000002,6.000000000000022,6.000000000000295,6.000000000003517,6.000000000037848,6.000000000367755,6.000000003226677,6.000000025564244,6.000000182890482,6.000001181489887,6.0000068920701795,6.000036303642341,6.000172675856758,6.000741641622361,6.002876324524024,6.0100731070177815,6.031854561573398,6.090962840437594,6.234554402175092,6.546155311059916,7.148400020225812,8.180709126841293,9.740047554099279,11.794690809504115,14.114613850199675,16.28125792245772,17.81319931695178,18.372164060945423,17.943215798457246,16.876550208499843,15.753340285885782,NaN,NaN,NaN,NaN,NaN,NaN,NaN,NaN,NaN,NaN,NaN,NaN,NaN,NaN,NaN,NaN,NaN,NaN,NaN,NaN,NaN,NaN,NaN,NaN,NaN,NaN,NaN,NaN,6.000000024702912,6.000000003998964,6.000000000598347,6.00000000008275,21.69725055083951,25.96983583677869,30.242421122717865,34.51500640865711,38.78759169459629,43.06017698053553,47.3327622664747
NaN,NaN,NaN,NaN,NaN,NaN,NaN,NaN,NaN,NaN,NaN,NaN,NaN,NaN,NaN,NaN,NaN,NaN,NaN,NaN,6.0,6.0,6.0,6.0,6.0,6.0,6.0,6.0,6.0,6.0,6.000000000000002,6.00000000000003,6.000000000000391,6.000000000004602,6.000000000048957,6.000000000470346,6.000000004080341,6.000000031963582,6.000000226097198,6.000001444161154,6.00000832946125,6.000043380943014,6.0002040149393965,6.000866375181559,6.003322242584747,6.011503723807941,6.035968983888202,6.1015551855091505,6.258918626677513,6.5960980102190625,7.2393015888805685,8.326832476004295,9.945764284811075,12.044750380345835,14.370049592844639,16.48725600373126,17.919090329924995,18.354665855201745,17.819424736094856,16.698019193525298,15.584070886316557,NaN,NaN,NaN,NaN,NaN,NaN,NaN,NaN,NaN,NaN,NaN,NaN,NaN,NaN,NaN,NaN,NaN,NaN,NaN,NaN,NaN,NaN,NaN,NaN,NaN,NaN,NaN,NaN,6.000000019694442,6.000000003156503,6.000000000467601,6.000000000064025,21.69725055083951,25.96983583677869,30.242421122717865,34.51500640865711,38.78759169459629,43.06017698053553,47.3327622664747
NaN,NaN,NaN,NaN,NaN,NaN,NaN,NaN,NaN,NaN,NaN,NaN,NaN,NaN,NaN,NaN,NaN,NaN,NaN,NaN,NaN,6.0,6.0,6.0,6.0,6.0,6.0,6.0,6.0,6.0,6.000000000000003,6.00000000000004,6.000000000000516,6.000000000006012,6.000000000063249,6.000000000600802,6.000000005153373,6.000000039914631,6.000000279160153,6.00000176301286,6.000010053986664,6.000051772835279,6.000240739023761,6.0010108159472,6.003832471850271,6.013121020780541,6.040563823961266,6.113238571887878,6.28545470304215,6.649790576537232,7.335718992129705,8.479630087615167,10.157572781655755,12.29769960020247,14.622745686122927,16.68414321625983,18.01138850362399,18.323149653402968,17.685596076526146,16.51609465604328,15.417909982127078,NaN,NaN,NaN,NaN,NaN,NaN,NaN,NaN,NaN,NaN,NaN,NaN,NaN,NaN,NaN,NaN,NaN,NaN,NaN,NaN,NaN,NaN,NaN,NaN,NaN,NaN,NaN,NaN,6.000000017491235,6.0000000027576705,6.000000000401476,6.000000000053973,21.69725055083951,25.96983583677869,30.242421122717865,34.51500640865711,38.78759169459629,43.06017698053553,47.3327622664747
NaN,NaN,NaN,NaN,NaN,NaN,NaN,NaN,NaN,NaN,NaN,NaN,NaN,NaN,NaN,NaN,NaN,NaN,NaN,NaN,NaN,NaN,6.0,6.0,6.0,6.0,6.0,6.0,6.0,6.0,6.0000000000000036,6.000000000000053,6.000000000000681,6.000000000007846,6.000000000081609,6.0000000007664775,6.000000006500411,6.000000049780925,6.000000344243577,6.000002149559507,6.000012120313936,6.000061710502399,6.000283716891148,6.001177856386905,6.0044155090815945,6.014946894829803,6.045688172980596,6.126107481390527,6.314315147724731,6.707429834518153,7.437829791218069,8.639144029947959,10.375254503688966,12.553013352563838,14.871983087650896,16.871270844863158,18.08980698427967,18.277835753974514,17.5423608683578,16.331538705919733,15.255453380179333,NaN,NaN,NaN,NaN,NaN,NaN,NaN,NaN,NaN,NaN,NaN,NaN,NaN,NaN,NaN,NaN,NaN,NaN,NaN,NaN,NaN,NaN,NaN,NaN,NaN,NaN,NaN,NaN,6.0000000155944955,6.000000002446239,6.0000000003543414,6.000000000047396,21.69725055083951,25.96983583677869,30.242421122717865,34.51500640865711,38.78759169459629,43.06017698053553,47.3327622664747
NaN,NaN,NaN,NaN,NaN,NaN,NaN,NaN,NaN,NaN,NaN,NaN,NaN,NaN,NaN,NaN,NaN,NaN,NaN,NaN,NaN,NaN,NaN,6.0,6.0,6.0,6.0,6.0,6.0,6.0,6.000000000000005,6.000000000000071,6.000000000000898,6.0000000000102265,6.0000000001051665,6.00000000097661,6.000000008189252,6.000000062008036,6.0000004239673705,6.000002617565966,6.000014592967128,6.000073463292162,6.000333947396792,6.001370776881431,6.005080854596724,6.017005465005416,6.051395237254248,6.14026247845683,6.3456588021458575,6.769214673902367,7.545802976823264,8.805393013068588,10.598556704296577,12.8101360572205,15.117035372489934,17.04801687413401,18.154111764551775,18.218998909960607,17.39038043170831,16.14510885562484,15.097266290421198,NaN,NaN,NaN,NaN,NaN,NaN,NaN,NaN,NaN,NaN,NaN,NaN,NaN,NaN,NaN,NaN,NaN,NaN,NaN,NaN,NaN,NaN,NaN,NaN,NaN,NaN,NaN,NaN,6.000000013898984,6.0000000021692825,6.00000000031264,6.000000000041608,21.69725055083951,25.96983583677869,30.242421122717865,34.51500640865711,38.78759169459629,43.06017698053553,47.3327622664747
NaN,NaN,NaN,NaN,NaN,NaN,NaN,NaN,NaN,NaN,NaN,NaN,NaN,NaN,NaN,NaN,NaN,NaN,NaN,NaN,NaN,NaN,NaN,NaN,6.0,6.0,6.0,6.0,6.0,6.000000000000001,6.000000000000007,6.000000000000095,6.000000000001182,6.000000000013312,6.000000000135355,6.000000001242788,6.000000010303904,6.000000077141336,6.000000521498655,6.000003183464187,6.000017547995342,6.000087344560336,6.000392577228585,6.00159329199768,6.005839113616198,6.019323252221437,6.057742574069587,6.155810367851209,6.3796506344906705,6.835345190415385,7.659797434157548,8.978370792454461,10.827191950547405,13.068483299356057,15.357172254015914,17.21378965746927,18.20412325817078,18.146966767974444,17.230342668580725,15.957554437108994,14.943881620868646,NaN,NaN,NaN,NaN,NaN,NaN,NaN,NaN,NaN,NaN,NaN,NaN,NaN,NaN,NaN,NaN,NaN,NaN,NaN,NaN,NaN,NaN,NaN,NaN,NaN,NaN,NaN,6.000000073639809,6.000000012383848,6.000000001923066,6.000000000275758,6.000000000036514,21.69725055083951,25.96983583677869,30.242421122717865,34.51500640865711,38.78759169459629,43.06017698053553,47.3327622664747
NaN,NaN,NaN,NaN,NaN,NaN,NaN,NaN,NaN,NaN,NaN,NaN,NaN,NaN,NaN,NaN,NaN,NaN,NaN,NaN,NaN,NaN,NaN,NaN,6.0,6.0,6.0,6.0,6.0,6.000000000000001,6.000000000000009,6.000000000000126,6.000000000001554,6.000000000017306,6.000000000173989,6.0000000015795285,6.000000012948326,6.0000000958474375,6.000000640660756,6.0000038668424045,6.000021074903156,6.000103718328883,6.0004609208131034,6.001849601426587,6.0067021054967284,6.021929367733764,6.064792328174014,6.172864328826535,6.416461481267743,6.906021743048742,7.779960357706557,9.158044632803398,11.060837841450994,13.327443708960164,15.59166322990625,17.368031456849828,18.23971754255122,18.06211798700096,17.06295826971126,15.769613163638155,14.795798525854757,14.596925721073116,NaN,NaN,NaN,NaN,NaN,NaN,NaN,NaN,NaN,NaN,NaN,NaN,NaN,NaN,NaN,NaN,NaN,NaN,NaN,NaN,NaN,NaN,NaN,NaN,NaN,NaN,6.000000065923535,6.000000011030342,6.000000001704249,6.0000000002431495,6.000000000032034,21.69725055083951,25.96983583677869,30.242421122717865,34.51500640865711,38.78759169459629,43.06017698053553,47.3327622664747
NaN,NaN,NaN,NaN,NaN,NaN,NaN,NaN,NaN,NaN,NaN,NaN,NaN,NaN,NaN,NaN,NaN,NaN,NaN,NaN,NaN,NaN,NaN,NaN,NaN,6.0,6.0,6.0,6.0,6.000000000000001,6.000000000000012,6.000000000000168,6.000000000002041,6.000000000022471,6.00000000022337,6.000000002004988,6.00000001625098,6.000000118940026,6.000000786062756,6.00000469101851,6.000025278880417,6.00012300685924,6.0005404825860635,6.002144445935233,6.007682981157649,6.024855710078145,6.072611467065096,6.191544022044176,6.45626772466698,6.9814439279974065,7.9064256242141315,9.344353847765493,11.299136937466304,13.586381085982946,15.819781328906677,17.510221824489204,18.260827258489552,17.964880053199526,16.888956847746364,15.582007857489408,14.65348120786191,14.533476928724502,NaN,NaN,NaN,NaN,NaN,NaN,NaN,NaN,NaN,NaN,NaN,NaN,NaN,NaN,NaN,NaN,NaN,NaN,NaN,NaN,NaN,NaN,NaN,NaN,NaN,NaN,6.000000058996896,6.000000009821622,6.0000000015098465,6.000000000214327,6.000000000028094,21.69725055083951,25.96983583677869,30.242421122717865,34.51500640865711,38.78759169459629,43.06017698053553,47.3327622664747
NaN,NaN,NaN,NaN,NaN,NaN,NaN,NaN,NaN,NaN,NaN,NaN,NaN,NaN,NaN,NaN,NaN,NaN,NaN,NaN,NaN,NaN,NaN,NaN,NaN,NaN,6.0,6.0,6.0,6.000000000000001,6.000000000000017,6.000000000000222,6.000000000002677,6.00000000002914,6.000000000286406,6.000000002541852,6.000000020370406,6.000000147410941,6.000000963253262,6.000005683711049,6.000030283373566,6.000145699251179,6.000632981859982,6.002483168691918,6.008796348973346,6.028137170039105,6.081272013063909,6.211975665383211,6.499250901954211,7.061809470147571,8.039312133537258,9.53720843161646,11.541696912316663,13.844636764262228,16.040806932479075,17.63988079841957,18.267442159025947,17.85572680938676,16.709083026683103,15.395443362361398,14.517357971083081,14.478196649775404,NaN,NaN,NaN,NaN,NaN,NaN,NaN,NaN,NaN,NaN,NaN,NaN,NaN,NaN,NaN,NaN,NaN,NaN,NaN,NaN,NaN,NaN,NaN,NaN,NaN,NaN,6.000000052781129,6.0000000087425525,6.000000001337191,6.000000000188862,6.000000000024632,21.69725055083951,25.96983583677869,30.242421122717865,34.51500640865711,38.78759169459629,43.06017698053553,47.3327622664747
NaN,NaN,NaN,NaN,NaN,NaN,NaN,NaN,NaN,NaN,NaN,NaN,NaN,NaN,NaN,NaN,NaN,NaN,NaN,NaN,NaN,NaN,NaN,NaN,NaN,NaN,NaN,6.0,6.0,6.000000000000002,6.000000000000022,6.000000000000294,6.000000000003507,6.000000000037742,6.000000000366769,6.000000003218423,6.000000025501984,6.0000001824675255,6.000001178902603,6.000006877823164,6.000036233045786,6.000172361188736,6.000740380537792,6.00287178232992,6.010058409365584,6.031811843086926,6.090851269927148,6.234292074634895,6.545597243400603,7.147313033843805,8.178722127997094,9.736487799044315,11.788090936720081,14.10153220487543,16.2540316441161,17.756571885343465,18.259609302609732,17.735175720197063,16.524092517276056,15.210603657167434,14.387820522783658,14.431134655147599,NaN,NaN,NaN,NaN,NaN,NaN,NaN,NaN,NaN,NaN,NaN,NaN,NaN,NaN,NaN,NaN,NaN,NaN,NaN,NaN,NaN,NaN,NaN,NaN,NaN,6.000000264496234,6.000000047205111,6.000000007779544,6.0000000011839,6.000000000166368,6.000000000021589,21.69725055083951,25.96983583677869,30.242421122717865,34.51500640865711,38.78759169459629,43.06017698053553,47.3327622664747
NaN,NaN,NaN,NaN,NaN,NaN,NaN,NaN,NaN,NaN,NaN,NaN,NaN,NaN,NaN,NaN,NaN,NaN,NaN,NaN,NaN,NaN,NaN,NaN,NaN,NaN,NaN,NaN,6.0,6.000000000000002,6.00000000000003,6.000000000000389,6.000000000004588,6.000000000048821,6.000000000469092,6.000000004069959,6.000000031886175,6.000000225577414,6.000001441018428,6.000008312357055,6.000043297179093,6.000203645966359,6.000864913937062,6.003317042119845,6.011487098282144,6.035921248574236,6.101432041531685,6.25863266496741,6.595497135563699,7.238144955543914,8.324739501802522,9.942039649199202,12.03785830200654,14.356371807167822,16.45876217801365,17.85990480561133,18.23743288881937,17.603784896013245,16.334748207609216,15.02814918561403,14.265223516601418,14.392308583465518,NaN,NaN,NaN,NaN,NaN,NaN,NaN,NaN,NaN,NaN,NaN,NaN,NaN,NaN,NaN,NaN,NaN,NaN,NaN,NaN,NaN,NaN,NaN,NaN,NaN,6.000000237675891,6.000000042204642,6.000000006920395,6.000000001047845,6.000000000146507,6.0000000000189155,21.69725055083951,25.96983583677869,30.242421122717865,34.51500640865711,38.78759169459629,43.06017698053553,47.3327622664747
NaN,NaN,NaN,NaN,NaN,NaN,NaN,NaN,NaN,NaN,NaN,NaN,NaN,NaN,NaN,NaN,NaN,NaN,NaN,NaN,NaN,NaN,NaN,NaN,NaN,NaN,NaN,NaN,6.0,6.000000000000003,6.00000000000004,6.000000000000514,6.000000000005995,6.000000000063073,6.000000000599208,6.00000000514033,6.000000039818513,6.000000278522198,6.00000175920039,6.000010033478963,6.000051673577683,6.000240306940816,6.0010091250054165,6.003826525621354,6.0131022396916824,6.040510554826801,6.113102839943854,6.285143408968296,6.6491445071236015,7.334489901903495,8.477428113034577,10.153678969984739,12.290505289820851,14.608445923372402,16.65432423798175,17.949537977001814,18.20107373802027,17.462149900592234,16.14181629723033,14.848714413618957,14.149884330118981,14.361705295691891,NaN,NaN,NaN,NaN,NaN,NaN,NaN,NaN,NaN,NaN,NaN,NaN,NaN,NaN,NaN,NaN,NaN,NaN,NaN,NaN,NaN,NaN,NaN,NaN,NaN,6.000000213506749,6.000000037721785,6.000000006154155,6.0000000009271295,6.000000000128976,6.000000000016568,21.69725055083951,25.96983583677869,30.242421122717865,34.51500640865711,38.78759169459629,43.06017698053553,47.3327622664747
NaN,NaN,NaN,NaN,NaN,NaN,NaN,NaN,NaN,NaN,NaN,NaN,NaN,NaN,NaN,NaN,NaN,NaN,NaN,NaN,NaN,NaN,NaN,NaN,NaN,NaN,NaN,NaN,6.0,6.0000000000000036,6.000000000000053,6.0000000000006795,6.000000000007824,6.000000000081384,6.000000000764453,6.000000006484047,6.000000049661728,6.000000343461595,6.000002144940553,6.000012095757427,6.000061593038775,6.000283211567488,6.001175902223152,6.004408719181952,6.014925707158691,6.045628809094281,6.1259580799654625,6.313976747028211,6.706736134926057,7.43652545779736,8.63683011151219,10.371187198203952,12.545506292168822,14.857034060439208,16.840066356919444,18.02518071604147,18.150748419459756,17.310900368882095,15.946062502198293,14.672905624252717,14.04208306740843,14.339282327220898,15.502951575892608,NaN,NaN,NaN,NaN,NaN,NaN,NaN,NaN,NaN,NaN,NaN,NaN,NaN,NaN,NaN,NaN,NaN,NaN,NaN,NaN,NaN,NaN,NaN,NaN,6.000000191733907,6.000000033704284,6.000000005471002,6.000000000820058,6.000000000113506,6.0000000000145075,21.69725055083951,25.96983583677869,30.242421122717865,34.51500640865711,38.78759169459629,43.06017698053553,47.3327622664747
NaN,NaN,NaN,NaN,NaN,NaN,NaN,NaN,NaN,NaN,NaN,NaN,NaN,NaN,NaN,NaN,NaN,NaN,NaN,NaN,NaN,NaN,NaN,NaN,NaN,NaN,NaN,NaN,6.0,6.000000000000005,6.000000000000071,6.000000000000895,6.000000000010197,6.000000000104878,6.000000000974045,6.000000008168749,6.000000061860408,6.000000423010085,6.0000026119771706,6.000014563600674,6.000073324464565,6.000333357193161,6.001368521503742,6.005073111643152,6.016981594486169,6.051329171147176,6.140098257034038,6.345291445827868,6.768470868402146,7.544420649786466,8.802964296620635,10.594311550641688,12.802305184012955,15.101408250504718,17.015363666930973,18.086595137903252,18.086728035363265,17.150696462806458,15.748248357089219,14.501298957492248,13.94206277577196,14.324969421497304,15.557915111978014,NaN,NaN,NaN,NaN,NaN,NaN,NaN,NaN,NaN,NaN,NaN,NaN,NaN,NaN,NaN,NaN,NaN,NaN,NaN,NaN,NaN,NaN,NaN,6.000000908763658,6.000000172126237,6.000000030105012,6.000000004862125,6.000000000725119,6.000000000099859,6.000000000012699,21.69725055083951,25.96983583677869,30.242421122717865,34.51500640865711,38.78759169459629,43.06017698053553,47.3327622664747
NaN,NaN,NaN,NaN,NaN,NaN,NaN,NaN,NaN,NaN,NaN,NaN,NaN,NaN,NaN,NaN,NaN,NaN,NaN,NaN,NaN,NaN,NaN,NaN,NaN,NaN,NaN,NaN,NaN,6.000000000000007,6.000000000000094,6.000000000001179,6.000000000013274,6.0000000001349845,6.000000001239541,6.0000000102782485,6.000000076958733,6.000000520328272,6.00000317671062,6.000017512922008,6.000087180693938,6.000391888768681,6.001590692267804,6.005830294758149,6.019296391033902,6.0576691291343865,6.155630020204393,6.3792520715371,6.834547610713123,7.658330702105448,8.97581380864352,10.822736753765469,13.060252687805203,15.340705610248287,17.17939069058894,18.133256785733334,18.008941202276123,16.981918673407716,15.549047703477854,14.334438699703684,13.850029864607263,14.318670129503172,15.618523305918925,NaN,NaN,NaN,NaN,NaN,NaN,NaN,NaN,NaN,NaN,NaN,NaN,NaN,NaN,NaN,NaN,NaN,NaN,NaN,NaN,NaN,NaN,NaN,6.000000819698976,6.00000015447424,6.00000002688149,6.000000004319626,6.0000000006409655,6.000000000087825,6.000000000011112,21.69725055083951,25.96983583677869,30.242421122717865,34.51500640865711,38.78759169459629,43.06017698053553,47.3327622664747
NaN,NaN,NaN,NaN,NaN,NaN,NaN,NaN,NaN,NaN,NaN,NaN,NaN,NaN,NaN,NaN,NaN,NaN,NaN,NaN,NaN,NaN,NaN,NaN,NaN,NaN,NaN,NaN,NaN,6.000000000000009,6.000000000000125,6.00000000000155,6.000000000017256,6.000000000173515,6.0000000015754225,6.000000012916261,6.000000095621863,6.000000639231682,6.000003858691824,6.000021033067825,6.000103525155658,6.000460118757528,6.00184660847178,6.0066920729472955,6.0218991719674175,6.064710737901096,6.172666279239378,6.416028458924473,6.905162677223164,7.778387002804841,9.155288729353433,11.055951163471505,13.318165478211366,15.572616863242393,17.32761072347743,18.15589470737315,17.898620382960644,16.768885593148358,15.286637715692533,14.075956928942363,13.629350525008709,14.143630036343263,15.476290871252983,NaN,NaN,NaN,NaN,NaN,NaN,NaN,NaN,NaN,NaN,NaN,NaN,NaN,NaN,NaN,NaN,NaN,NaN,NaN,NaN,NaN,NaN,NaN,6.000000739126329,6.000000138588085,6.00000002399544,6.000000003836429,6.000000000566398,6.0000000000772165,6.00000000000972,21.69725055083951,25.96983583677869,30.242421122717865,34.51500640865711,38.78759169459629,43.06017698053553,47.3327622664747
NaN,NaN,NaN,NaN,NaN,NaN,NaN,NaN,NaN,NaN,NaN,NaN,NaN,NaN,NaN,NaN,NaN,NaN,NaN,NaN,NaN,NaN,NaN,NaN,NaN,NaN,NaN,NaN,NaN,6.000000000000012,6.000000000000167,6.000000000002035,6.000000000022407,6.000000000222765,6.000000001999804,6.000000016210959,6.000000118661726,6.000000784320066,6.000004681194666,6.000025229044063,6.000122779432796,6.000539549397165,6.002141004666061,6.007671581936352,6.024821804201606,6.072520910097186,6.191326616928861,6.455796888652673,6.980515423923755,7.90472222274073,9.341322153954314,11.29356955799578,13.57529825010112,15.796031346965215,17.45828347853914,18.150919353223895,17.7469319338239,16.49011055077531,14.91304571898851,13.628875630780046,13.10473153490501,13.51490279198842,14.711967544797373,NaN,NaN,NaN,NaN,NaN,NaN,NaN,NaN,NaN,NaN,NaN,NaN,NaN,NaN,NaN,NaN,NaN,NaN,NaN,NaN,NaN,NaN,6.0000032839605995,6.000000664444856,6.000000124101317,6.000000021396872,6.000000003405498,6.000000000500343,6.0000000000678675,6.000000000008501,21.69725055083951,25.96983583677869,30.242421122717865,34.51500640865711,38.78759169459629,43.06017698053553,47.3327622664747
NaN,NaN,NaN,NaN,NaN,NaN,NaN,NaN,NaN,NaN,NaN,NaN,NaN,NaN,NaN,NaN,NaN,NaN,NaN,NaN,NaN,NaN,NaN,NaN,NaN,NaN,NaN,NaN,NaN,6.000000000000016,6.000000000000213,6.000000000002594,6.000000000028462,6.000000000281619,6.000000002513055,6.000000020224445,6.000000146786517,6.000000960794682,6.000005671885808,6.000030224083396,6.0001454318483285,6.0006318975245225,6.002479217160595,6.008783413844507,6.0280991467289775,6.081171622362759,6.211737233338812,6.498739096390607,7.0608046883340885,8.037459737550698,9.533840103884835,11.535252744281598,13.831155878998747,16.01069526435541,17.572153932112855,18.121291529537476,17.56099541697907,16.160048958348714,14.455070943638631,13.039375316870302,12.349193246568571,12.53761858135821,13.462694832700072,NaN,NaN,NaN,NaN,NaN,NaN,NaN,NaN,NaN,NaN,NaN,NaN,NaN,NaN,NaN,NaN,NaN,NaN,NaN,NaN,NaN,NaN,6.000002785006462,6.000000563491296,6.000000105245772,6.000000018145902,6.000000002888077,6.000000000424322,6.0000000000575495,6.000000000007205,21.69725055083951,25.96983583677869,30.242421122717865,34.51500640865711,38.78759169459629,43.06017698053553,47.3327622664747
NaN,NaN,NaN,NaN,NaN,NaN,NaN,NaN,NaN,NaN,NaN,NaN,NaN,NaN,NaN,NaN,NaN,NaN,NaN,NaN,NaN,NaN,NaN,NaN,NaN,NaN,NaN,NaN,NaN,NaN,6.000000000000246,6.000000000002991,6.000000000032823,6.00000000032477,6.000000002898116,6.000000023323326,6.000000169277814,6.000001108011995,6.000006540692861,6.000034820734483,6.00016718102536,6.000723887273481,6.002826765785516,6.009955055653549,6.031617872709601,6.090564272894847,6.233946692808516,6.545041672191333,7.146226922530851,8.176708873777212,9.732747387004045,11.780658183665572,14.085319150689518,16.216637852496156,17.670722381714526,18.071749883280155,17.35181217383213,15.801070349578316,13.954512580992795,12.380021693545393,11.47970924340811,11.386399330485707,11.969430315264757,12.915249416308528,NaN,NaN,NaN,NaN,NaN,NaN,NaN,NaN,NaN,NaN,NaN,NaN,NaN,NaN,NaN,NaN,NaN,NaN,NaN,NaN,NaN,6.000002180273208,6.0000004411354135,6.000000082392821,6.00000001420572,6.000000002260964,6.000000000332185,6.000000000045053,6.000000000005641,21.69725055083951,25.96983583677869,30.242421122717865,34.51500640865711,38.78759169459629,43.06017698053553,47.3327622664747
NaN,NaN,NaN,NaN,NaN,NaN,NaN,NaN,NaN,NaN,NaN,NaN,NaN,NaN,NaN,NaN,NaN,NaN,NaN,NaN,NaN,NaN,NaN,NaN,NaN,NaN,NaN,NaN,NaN,NaN,6.000000000000256,6.000000000003111,6.000000000034136,6.0000000003377725,6.000000003014148,6.00000002425712,6.000000176055171,6.000001152373347,6.000006802561778,6.0000362148473325,6.000173874423417,6.000752869384767,6.002939940090758,6.010353621180265,6.032883730640468,6.094190057901344,6.243312558005605,6.566839508999065,7.190949161487933,8.256664041639567,9.856452696037891,11.943909008520293,14.26334378585971,16.363965220433958,17.73259018343819,18.002820249256473,17.130763704281115,15.436251291028046,13.45447704240851,11.725678227668284,10.61700154381785,10.24149991633807,10.480924464565758,11.069465833335101,NaN,NaN,NaN,NaN,NaN,NaN,NaN,NaN,NaN,NaN,NaN,NaN,NaN,NaN,NaN,NaN,NaN,NaN,NaN,NaN,6.000007188652767,6.000001575622124,6.000000318796156,6.000000059542974,6.000000010266074,6.000000001633935,6.000000000240061,6.000000000032559,6.000000000004076,21.69725055083951,25.96983583677869,30.242421122717865,34.51500640865711,38.78759169459629,43.06017698053553,47.3327622664747
NaN,NaN,NaN,NaN,NaN,NaN,NaN,NaN,NaN,NaN,NaN,NaN,NaN,NaN,NaN,NaN,NaN,NaN,NaN,NaN,NaN,NaN,NaN,NaN,NaN,NaN,NaN,NaN,NaN,NaN,6.00000000000024,6.0000000000029186,6.000000000032019,6.000000000316817,6.000000002827146,6.000000022752172,6.000000165132441,6.0000010808783495,6.000006380520446,6.000033968022463,6.0001630869833935,6.0007061601712985,6.002757541362372,6.009711264343433,6.030843559567359,6.088346285226002,6.228216686542766,6.531670130435224,7.117053268088728,8.116627491449346,9.61708548642465,11.574783712663528,13.749579415098793,15.717867253571534,16.996563934616383,17.2385319103155,16.3960977479791,14.752599096894755,12.80080121737101,11.041781273700119,9.814536849773589,9.226261064059395,9.18179870001898,9.46582169108807,NaN,NaN,NaN,NaN,NaN,NaN,NaN,NaN,NaN,NaN,NaN,NaN,NaN,NaN,NaN,NaN,NaN,NaN,NaN,NaN,6.000004795623726,6.000001051113621,6.000000212672173,6.000000039721726,6.0000000068486035,6.000000001090014,6.0000000001601475,6.00000000002172,6.00000000000272,21.69725055083951,25.96983583677869,30.242421122717865,34.51500640865711,38.78759169459629,43.06017698053553,47.3327622664747
NaN,NaN,NaN,NaN,NaN,NaN,NaN,NaN,NaN,NaN,NaN,NaN,NaN,NaN,NaN,NaN,NaN,NaN,NaN,NaN,NaN,NaN,NaN,NaN,NaN,NaN,NaN,NaN,NaN,NaN,6.0000000000002025,6.000000000002468,6.000000000027085,6.000000000267995,6.00000000239148,6.000000019246038,6.0000001396853575,6.000000914313854,6.000005397275477,6.00002873351395,6.000137955103401,6.0005973401137,6.002332601114081,6.008214746872867,6.026090526294228,6.0747319850291,6.19304803291775,6.449738185523031,6.94490987498367,7.790436139484465,9.059628145648325,10.715501831945044,12.554741105842371,14.218575876620415,15.29738111597636,15.495546526294229,14.769256320424716,13.352771757453631,11.655781248956592,10.094640951587676,8.951071451394874,8.316998830267753,8.122757417284014,8.207193101749175,NaN,NaN,NaN,NaN,NaN,NaN,NaN,NaN,NaN,NaN,NaN,NaN,NaN,NaN,NaN,NaN,NaN,NaN,NaN,6.0000124380131865,6.000002953242674,6.000000647297156,6.000000130967852,6.000000024461447,6.000000004217509,6.000000000671253,6.0000000000986216,6.000000000013376,6.000000000001674,21.69725055083951,25.96983583677869,30.242421122717865,34.51500640865711,38.78759169459629,43.06017698053553,47.3327622664747
NaN,NaN,NaN,NaN,NaN,NaN,NaN,NaN,NaN,NaN,NaN,NaN,NaN,NaN,NaN,NaN,NaN,NaN,NaN,NaN,NaN,NaN,NaN,NaN,NaN,NaN,NaN,NaN,NaN,NaN,NaN,6.000000000001883,6.000000000020662,6.000000000204447,6.0000000018244,6.00000001468232,6.000000106562459,6.000000697507129,6.000004117446212,6.000021920077654,6.000105242489925,6.00045569579058,6.001779482834316,6.006266823844409,6.019903804539113,6.057011135835126,6.147271392233637,6.343093464356667,6.7208458282359045,7.365870117965285,8.33408209435065,9.597233182750253,11.000125185043682,12.268830997362615,13.090345228764178,13.238130699790709,12.676946084538052,11.582686501533598,10.26417721307087,9.03514110963822,8.107874820898699,7.553157659817191,7.323476507998822,7.306813471845519,7.3787250862092915,NaN,NaN,NaN,NaN,NaN,NaN,NaN,NaN,NaN,NaN,NaN,NaN,NaN,NaN,NaN,NaN,NaN,NaN,6.000007070684996,6.0000016788411745,6.000000367971494,6.000000074451797,6.000000013905693,6.0000000023975435,6.00000000038159,6.000000000056064,6.000000000007604,6.000000000000952,21.69725055083951,25.96983583677869,30.242421122717865,34.51500640865711,38.78759169459629,43.06017698053553,47.3327622664747
NaN,NaN,NaN,NaN,NaN,NaN,NaN,NaN,NaN,NaN,NaN,NaN,NaN,NaN,NaN,NaN,NaN,NaN,NaN,NaN,NaN,NaN,NaN,NaN,NaN,NaN,NaN,NaN,NaN,NaN,NaN,6.000000000001296,6.000000000014215,6.000000000140659,6.000000001255186,6.000000010101431,6.0000000733149355,6.000000479884663,6.000002832801559,6.0000150810057296,6.000072406795673,6.000313518538578,6.00122428352021,6.004311572289099,6.013693808591204,6.03922363067045,6.101322611842487,6.236047932074544,6.495940610675737,6.939713989906597,7.605832608665233,8.474845056017246,9.43993042132333,10.312516979929379,10.877012395320445,10.977070625441243,10.587579127134154,9.828209081341114,8.909658521954842,8.045904821150858,7.381756933642387,6.9662218425994755,6.76929936764739,6.719134877610807,6.736932597883861,6.759134990264566,NaN,NaN,NaN,NaN,NaN,NaN,NaN,NaN,NaN,NaN,NaN,NaN,NaN,NaN,NaN,NaN,NaN,6.000003710465583,6.000000881001261,6.000000193099475,6.0000000390698816,6.000000007297255,6.000000001258153,6.000000000200246,6.000000000029421,6.000000000003991,6.000000000000499,21.69725055083951,25.96983583677869,30.242421122717865,34.51500640865711,38.78759169459629,43.06017698053553,47.3327622664747
NaN,NaN,NaN,NaN,NaN,NaN,NaN,NaN,NaN,NaN,NaN,NaN,NaN,NaN,NaN,NaN,NaN,NaN,NaN,NaN,NaN,NaN,NaN,NaN,NaN,NaN,NaN,NaN,NaN,NaN,NaN,6.000000000000804,6.0000000000088205,6.000000000087275,6.00000000077881,6.000000006267668,6.0000000454899585,6.000000297755613,6.000001757677685,6.000009357361124,6.00004492648197,6.000194529874321,6.000759635194431,6.002675215271617,6.0084966415122985,6.024337210152183,6.062867949777325,6.14646132541091,6.307717432199196,6.583065598998405,6.996369645482494,7.535553317067781,8.13431758316553,8.675610625958933,9.025556115886264,9.086931829235724,8.843777098139583,8.369756583337253,7.794827019698083,7.250940419264329,6.827399675942287,6.554748271025519,6.415547951972597,6.367495216978755,6.364682932960448,6.370534075757456,NaN,NaN,NaN,NaN,NaN,NaN,NaN,NaN,NaN,NaN,NaN,NaN,NaN,NaN,NaN,NaN,6.000006988115689,6.0000017974290945,6.000000426775903,6.0000000935415265,6.000000018926289,6.000000003534947,6.000000000609476,6.000000000097003,6.000000000014252,6.000000000001933,6.000000000000242,21.69725055083951,25.96983583677869,30.242421122717865,34.51500640865711,38.78759169459629,43.06017698053553,47.3327622664747
NaN,NaN,NaN,NaN,NaN,NaN,NaN,NaN,NaN,NaN,NaN,NaN,NaN,NaN,NaN,NaN,NaN,NaN,NaN,NaN,NaN,NaN,NaN,NaN,NaN,NaN,NaN,NaN,NaN,NaN,NaN,6.000000000000449,6.000000000004936,6.000000000048837,6.000000000435802,6.000000003507227,6.000000025455023,6.000000166616463,6.000000983551701,6.000005236141136,6.00002513971583,6.00010885396585,6.0004250725138215,6.001496982325174,6.004754504006256,6.0136184815220615,6.035179295168174,6.0819559862596275,6.172190656889335,6.326267939665915,6.557540460648953,6.85924778418391,7.194282852420358,7.49712719727745,7.692824192843324,7.726885242135745,7.5902274844352675,7.323836429035614,7.000122097745429,6.692595225056441,6.451008452091627,6.292507543532036,6.20780515253182,6.174141917425664,6.167023380213932,6.167126025885433,6.162674879510625,NaN,NaN,NaN,NaN,NaN,NaN,NaN,NaN,NaN,NaN,NaN,NaN,NaN,NaN,NaN,6.000003124927076,6.000000803769584,6.000000190844519,6.000000041829653,6.000000008463408,6.000000001580748,6.000000000272544,6.000000000043378,6.000000000006374,6.000000000000864,6.000000000000108,21.69725055083951,25.96983583677869,30.242421122717865,34.51500640865711,38.78759169459629,43.06017698053553,47.3327622664747
NaN,NaN,NaN,NaN,NaN,NaN,NaN,NaN,NaN,NaN,NaN,NaN,NaN,NaN,NaN,NaN,NaN,NaN,NaN,NaN,NaN,NaN,NaN,NaN,NaN,NaN,NaN,NaN,NaN,NaN,NaN,NaN,6.0000000000024905,6.000000000024646,6.000000000219929,6.000000001769933,6.000000012845953,6.000000084083491,6.000000496352274,6.000002642434104,6.00001268683189,6.000054933475346,6.000214514097928,6.000755456535973,6.002399374378914,6.006872606273753,6.017753331838638,6.041359314712483,6.086896455877824,6.164651813487767,6.2813634788931365,6.433618729058225,6.602688524185171,6.755501740712941,6.854215640036929,6.87130113880059,6.802119113424506,6.667267009027289,6.503173298443892,6.346816160566277,6.223223383658298,6.141067512881683,6.095833664205897,6.076369772450945,6.070750991219251,6.0696437518879565,6.067365888189211,6.061578698970975,NaN,NaN,NaN,NaN,NaN,NaN,NaN,NaN,NaN,NaN,NaN,NaN,NaN,6.000004629572504,6.000001289959661,6.000000331793451,6.000000078779992,6.000000017267143,6.000000003493667,6.000000000652528,6.000000000112506,6.000000000017907,6.000000000002631,6.000000000000357,6.000000000000044,21.69725055083951,25.96983583677869,30.242421122717865,34.51500640865711,38.78759169459629,43.06017698053553,47.3327622664747
NaN,NaN,NaN,NaN,NaN,NaN,NaN,NaN,NaN,NaN,NaN,NaN,NaN,NaN,NaN,NaN,NaN,NaN,NaN,NaN,NaN,NaN,NaN,NaN,NaN,NaN,NaN,NaN,NaN,NaN,NaN,NaN,6.000000000001133,6.000000000011217,6.000000000100094,6.000000000805535,6.0000000058464735,6.000000038268234,6.000000225900767,6.000001202629508,6.00000577405444,6.000025001425027,6.000097630052979,6.000343824772478,6.001092007674164,6.003127873079215,6.008079928143124,6.018823522645319,6.03954845339921,6.074936549783202,6.128054347644865,6.197348292942924,6.2742934406757636,6.343836058320583,6.388747877790772,6.3964894100202,6.364930839226806,6.303417884793385,6.22849217805609,6.156943612530835,6.100136245304875,6.062023759359227,6.040608580491568,6.030926164401607,6.027694485752267,6.0268047908632765,6.02575757462372,6.023490867282402,6.019967683858279,NaN,NaN,NaN,NaN,NaN,NaN,NaN,NaN,NaN,NaN,NaN,NaN,6.000001764142139,6.000000491551259,6.000000126433015,6.000000030019857,6.000000006579808,6.000000001331295,6.000000000248652,6.0000000000428715,6.000000000006823,6.000000000001003,6.000000000000136,6.000000000000017,21.69725055083951,25.96983583677869,30.242421122717865,34.51500640865711,38.78759169459629,43.06017698053553,47.3327622664747
NaN,NaN,NaN,NaN,NaN,NaN,NaN,NaN,NaN,NaN,NaN,NaN,NaN,NaN,NaN,NaN,NaN,NaN,NaN,NaN,NaN,NaN,NaN,NaN,NaN,NaN,NaN,NaN,NaN,NaN,NaN,NaN,6.000000000000465,6.000000000004604,6.000000000041084,6.000000000330633,6.000000002399698,6.00000001570728,6.000000092721461,6.000000493621894,6.00000236997318,6.000010261889159,6.000040072466963,6.000141123622463,6.0004482169086995,6.0012838422284265,6.003316423703048,6.007726154132367,6.016232741724668,6.030757842765233,6.052560088288208,6.0810017132151115,6.1125833485841605,6.1411254501500645,6.1595550643971295,6.162722189869625,6.149747067996882,6.124457024889454,6.093630205962819,6.064146076287484,6.040660994500037,6.024799756824891,6.015759741627978,6.011536760494582,6.010006650114718,6.00952498448387,6.009091978427962,6.008272476199663,6.0070263449985575,NaN,NaN,NaN,NaN,NaN,NaN,NaN,NaN,NaN,NaN,NaN,6.000002055909064,6.000000620558458,6.000000172909135,6.000000044474351,6.00000001055985,6.000000002314527,6.000000000468299,6.000000000087466,6.00000000001508,6.0000000000024,6.000000000000353,6.000000000000048,6.000000000000006,21.69725055083951,25.96983583677869,30.242421122717865,34.51500640865711,38.78759169459629,43.06017698053553,47.3327622664747
NaN,NaN,NaN,NaN,NaN,NaN,NaN,NaN,NaN,NaN,NaN,NaN,NaN,NaN,NaN,NaN,NaN,NaN,NaN,NaN,NaN,NaN,NaN,NaN,NaN,NaN,NaN,NaN,NaN,NaN,NaN,NaN,6.000000000000172,6.000000000001704,6.000000000015208,6.000000000122389,6.0000000008882886,6.000000005814313,6.000000034322403,6.00000018272242,6.000000877285309,6.0000037986103205,6.000014833495448,6.0000522392744715,6.000165915000445,6.000475235707722,6.001227629743872,6.002859965054293,6.006008819650969,6.011385523899328,6.019455971573755,6.029984054512684,6.041674344504075,6.052239187034676,6.059059981152755,6.060229511868412,6.055420604220164,6.046047652291024,6.034616594011881,6.023670714462576,6.014931451848035,6.0090007961205085,6.00558635247456,6.003955367815858,6.003333493862947,6.003123465391694,6.002962316364871,6.002689165997656,6.002282361383838,6.001795721859399,NaN,NaN,NaN,NaN,NaN,6.000080253185608,6.000036137552605,6.0000150214457655,6.000005763963194,6.000002041677355,6.000000667589455,6.000000201506132,6.000000056146606,6.0000000144415955,6.000000003428967,6.000000000751568,6.000000000152065,6.000000000028402,6.0000000000048965,6.00000000000078,6.000000000000115,6.000000000000015,6.000000000000002,21.69725055083951,25.96983583677869,30.242421122717865,34.51500640865711,38.78759169459629,43.06017698053553,47.3327622664747
NaN,NaN,NaN,NaN,NaN,NaN,NaN,NaN,NaN,NaN,NaN,NaN,NaN,NaN,NaN,NaN,NaN,NaN,NaN,NaN,NaN,NaN,NaN,NaN,NaN,NaN,NaN,NaN,NaN,NaN,NaN,NaN,NaN,6.000000000000569,6.000000000005077,6.000000000040858,6.000000000296542,6.000000001941023,6.000000011458031,6.0000000609991995,6.000000292868829,6.000001268110318,6.000004951944792,6.000017439315167,6.0000553882876835,6.00015865046354,6.000409826154448,6.0009547572635515,6.0020059558214935,6.0038008883207095,6.006495084222799,6.010009715287535,6.013912302790769,6.01743909993826,6.019715820849964,6.020105561435488,6.0184987295863674,6.015366926580591,6.011545966620793,6.007884093227504,6.004955449748852,6.002961134262605,6.001804681763517,6.001243696854671,6.001022583812216,6.000944741797616,6.0008907340249875,6.000806901363861,6.000684360138916,6.000538323414544,6.000391481099529,6.0002629286518445,6.000163035858847,6.000093326088928,6.000049315645384,6.000024056049534,6.000010832301774,6.000004502707582,6.000001727759174,6.0000006119967555,6.000000200111237,6.000000060401855,6.000000016830054,6.000000004328896,6.000000001027839,6.000000000225284,6.000000000045581,6.000000000008513,6.000000000001468,6.000000000000234,6.000000000000035,6.000000000000004,6.000000000000001,21.69725055083951,25.96983583677869,30.242421122717865,34.51500640865711,38.78759169459629,43.06017698053553,47.3327622664747
NaN,NaN,NaN,NaN,NaN,NaN,NaN,NaN,NaN,NaN,NaN,NaN,NaN,NaN,NaN,NaN,NaN,NaN,NaN,NaN,NaN,NaN,NaN,NaN,NaN,NaN,NaN,NaN,NaN,NaN,NaN,NaN,NaN,6.000000000000171,6.0000000000015286,6.000000000012301,6.00000000008928,6.000000000584383,6.000000003449666,6.000000018365015,6.000000088173953,6.0000003817896905,6.00000149088091,6.000005250450699,6.000016675739243,6.000047764858694,6.000123386263965,6.000287448533492,6.000603932574426,6.001144332217893,6.001955472183001,6.003013618170256,6.004188559830587,6.005250346037492,6.005935733371675,6.006052924617195,6.0055688457186065,6.004625358696686,6.00347393987016,6.0023697994045815,6.001485680187326,6.000882155176763,6.000530427383168,6.0003579953062385,6.000288530134469,6.0002634385574645,6.000247133337766,6.000223469737763,6.000189418494715,6.000148969755104,6.000108327839015,6.000072754441706,6.000045113080051,6.000025823895974,6.000013645933102,6.000006656451573,6.000002997362053,6.000001245925843,6.000000478081191,6.000000169343124,6.000000055371964,6.0000000167135505,6.000000004656975,6.000000001197831,6.000000000284409,6.000000000062338,6.000000000012613,6.0000000000023554,6.000000000000406,6.000000000000065,6.00000000000001,6.000000000000001,6.0,21.69725055083951,25.96983583677869,30.242421122717865,34.51500640865711,38.78759169459629,43.06017698053553,47.3327622664747
NaN,NaN,NaN,NaN,NaN,NaN,NaN,NaN,NaN,NaN,NaN,NaN,NaN,NaN,NaN,NaN,NaN,NaN,NaN,NaN,NaN,NaN,NaN,NaN,NaN,NaN,NaN,NaN,NaN,NaN,NaN,NaN,NaN,6.000000000000046,6.000000000000415,6.00000000000334,6.000000000024241,6.000000000158672,6.000000000936654,6.000000004986472,6.000000023941003,6.000000103663584,6.000000404804174,6.0000014256030365,6.00000452779881,6.000012969120332,6.000033501853189,6.00007804805821,6.000163979831676,6.000310709159797,6.000530949804683,6.0008182571524555,6.001137275727795,6.00142556733533,6.001611652001948,6.0016434447659375,6.001511950887149,6.001255666308649,6.000942842297931,6.00064274243051,6.00040224898824,6.000237813938619,6.000141663214907,6.000094198253071,6.000074808140032,6.00006769274367,6.000063257305576,6.000057120105701,6.000048393835636,6.000038054087403,6.000027670907353,6.000018583899741,6.000011523331772,6.000006596246059,6.000003485605091,6.000001700269176,6.000000765621462,6.000000318249029,6.000000122117118,6.0000000432556115,6.000000014143758,6.000000004269172,6.000000001189539,6.000000000305964,6.000000000072647,6.000000000015923,6.000000000003221,6.000000000000601,6.000000000000104,6.000000000000017,6.000000000000003,6.0,6.0,21.69725055083951,25.96983583677869,30.242421122717865,34.51500640865711,38.78759169459629,43.06017698053553,47.3327622664747
NaN,NaN,NaN,NaN,NaN,NaN,NaN,NaN,NaN,NaN,NaN,NaN,NaN,NaN,NaN,NaN,NaN,NaN,NaN,NaN,NaN,NaN,NaN,NaN,NaN,NaN,NaN,NaN,NaN,NaN,NaN,NaN,NaN,6.0000000000000115,6.000000000000101,6.000000000000818,6.000000000005936,6.000000000038854,6.000000000229359,6.000000001221041,6.000000005862451,6.000000025384179,6.000000099124698,6.000000349088472,6.0000011087254475,6.000003175758085,6.0000082036235,6.000019111685277,6.000040153860397,6.0000760835722895,6.000130014036111,6.000200367115014,6.000278485180207,6.000349078679852,6.000394643670997,6.000402424894818,6.000370217717412,6.000307445433241,6.000230816512673,6.000157287093567,6.000098334264496,6.000057987378947,6.000034349265865,6.000022633356515,6.000017809056156,6.000016023102873,6.000014935805895,6.000013474484188,6.0000114125224115,6.000008973276302,6.000006524694915,6.000004381973818,6.000002717126453,6.000001555350616,6.000000821882149,6.00000040091197,6.0000001805283585,6.000000075040966,6.00000002879439,6.000000010199381,6.0000000033350025,6.000000001006642,6.000000000280485,6.000000000072144,6.000000000017129,6.000000000003754,6.000000000000759,6.000000000000142,6.000000000000025,6.0000000000000036,6.000000000000001,6.0,6.0,21.69725055083951,25.96983583677869,30.242421122717865,34.51500640865711,38.78759169459629,43.06017698053553,47.3327622664747
