t,G1_pred,G2_pred,G3_pred,G4_pred
0.0,0.0009536666362456453,-0.0037887992885808214,0.002517905294641423,-0.003474104115603782
12.0,0.0009898038950801671,-0.0037831692812080875,0.002502470454122413,-0.0034778609573516694
24.0,0.0010258148107121917,-0.003777575701407028,0.0024871055818718388,-0.003481336077506725
36.0,0.001061697188830521,-0.003772018398013291,0.0024718105757898234,-0.0034845285929900743
48.0,0.001097448824035327,-0.0037664972113825093,0.0024565853313840078,-0.0034874376304981983
60.0,0.0011330674999255885,-0.003761011973330855,0.0024414297418142994,-0.0034900623266400296
72.0,0.0011685509891847523,-0.0037555625070731166,0.002426343697939655,-0.003492401828068821
84.0,0.001203897053675039,-0.003750148627159791,0.0024113270883617255,-0.0034944552916178623
96.0,0.001239103444528572,-0.003744770139419512,0.002396379799477391,-0.003496221884432764
108.0,0.0012741679022470892,-0.003739426840897321,0.002381501715523475,-0.0034977007841083957
120.0,0.0013090881568013843,-0.003734118519793446,0.0023666927186302977,-0.003498891178821552
132.0,0.0013438619277357094,-0.003728844955407498,0.002351952688873199,-0.0034997922674651905
144.0,0.001378486924274877,-0.003723605918074885,0.0023372815043232673,-0.0035004032597855325
156.0,0.0014129608454338943,-0.003718401169112838,0.0023226790411038922,-0.003500723376515108
168.0,0.0014472813801331766,-0.0037132304607578118,0.002308145173445561,-0.003500751849506649
180.0,0.0014814462073147044,-0.003708093536111824,0.002293679773742077,-0.0035004879218703197
192.0,0.00151545299606249,-0.0037029901290827547,0.0022792827126105475,-0.0034999308481065555
204.0,0.0015492994057281217,-0.003697919964328278,0.0022649538589481627,-0.0034990798942422796
216.0,0.0015829830860576086,-0.00369288275719952,0.002250693079994655,-0.0034979343379645256
228.0,0.0016165016773221422,-0.003687878213686789,0.0022365002413953228,-0.003496493468756162
240.0,0.0016498528104556473,-0.003682906030362698,0.0022223752072617273,-0.0034947565880290715
252.0,0.001683034107190326,-0.0036779658943282903,0.0022083178402396916,-0.0034927230092613587
264.0,0.0017160431802026796,-0.003673057483159735,0.002194328001573667,-0.0034903920581294823
276.0,0.00174887763325806,-0.003668180464853392,0.0021804055511761428,-0.00348776307264341
288.0,0.0017815350613607298,-0.0036633344977754084,0.0021665503476935993,-0.003484835403281074
300.0,0.0018140130509098767,-0.0036585192306079,0.002152762248581512,-0.0034816084131231023
312.0,0.001846309179857071,-0.0036537343022973803,0.0021390411101730802,-0.0034780814779853814
324.0,0.0018784210178685798,-0.0036489793420045533,0.002125386787754001,-0.003474253986553412
336.0,0.0019103461264928998,-0.003644253969055322,0.002111799135637575,-0.0034701253405171814
348.0,0.0019420820593314125,-0.0036395577928897208,0.00209827800724096,-0.003465694954702017
360.0,0.0019736263622116487,-0.003634890413012591,0.0020848232551631957,-0.0034609622572039644
372.0,0.0020049765733700514,-0.0036302514189486546,0.0020714347312652884,-0.0034559266895218196
384.0,0.0020361302236329634,-0.003625640390193051,0.0020581122867507975,-0.003450587706688782
396.0,0.002067084836606739,-0.0036210568961649453,0.0020448557722483537,-0.0034449447774066513
408.0,0.002097837928868057,-0.003616500496162682,0.002031665037897132,-0.0034389973841759125
420.0,0.002128387010165496,-0.0036119707393189593,0.0020185399334312903,-0.0034327450234298215
432.0,0.0021587295836161258,-0.0036074671645566353,0.002005480308267825,-0.003426187205662963
444.0,0.002188863145917562,-0.003602989300545492,0.0019924860115964546,-0.003419323455563769
456.0,0.002218785187554251,-0.003598536665660637,0.001979556892469557,-0.0034121533121447556
468.0,0.0022484931930184596,-0.0035941087679405154,0.0019666927998949757,-0.0034046763288739304
480.0,0.0022779846410277346,-0.0035897051050465534,0.0019538935829291684,-0.0033968920738016092
492.0,0.0023072570047528995,-0.003585325164224183,0.0019411590907739487,-0.0033888001296925457
504.0,0.002336307752049467,-0.0035809684222644425,0.0019284891728739845,-0.0033804000941544607
516.0,0.0023651343456921464,-0.003576634345465464,0.0019158836790155384,-0.003371691579764982
528.0,0.0023937342436173847,-0.00357232238959692,0.0019033424594263534,-0.003362674214200924
540.0,0.0024221048991703853,-0.0035680319998639617,0.001890865364879854,-0.0033533476403649135
552.0,0.002450243761355851,-0.003563762610872462,0.0018784522467987785,-0.003343711516512901
564.0,0.002478148275096223,-0.0035595136465976437,0.0018661029573608448,-0.0033337655163808294
576.0,0.0025058158814936643,-0.0035552845203482147,0.0018538173496071425,-0.0033235093293089366
588.0,0.002533244018099394,-0.0035510746347385547,0.001841595277551962,-0.0033129426603689394
600.0,0.0025604301191857123,-0.003546883381656707,0.0018294365962939138,-0.0033020652304869835
612.0,0.0025873716160277963,-0.003542710142236026,0.0018173411621286925,-0.003290876776569092
624.0,0.002614065937186362,-0.0035385542868271655,0.0018053088326647967,-0.003279377051623289
636.0,0.002640510508800757,-0.00353441517497205,0.0017933394669410185,-0.003267565824883717
648.0,0.0026667027548852792,-0.0035302921553779024,0.0017814329255437245,-0.0032554428819312267
660.0,0.0026926400976312534,-0.0035261845658932506,0.0017695890707291953,-0.0032430080248168347
672.0,0.002718319957716868,-0.0035220917334858257,0.0017578077665445016,-0.003230261072180461
684.0,0.002743739754621867,-0.003518012974219935,0.0017460888789532225,-0.0032172018593723054
696.0,0.002768896906947732,-0.003513947593237046,0.0017344322759615186,-0.0032038302385709178
708.0,0.002793788832747529,-0.0035098948847368527,0.0017228378277457726,-0.0031901460789035413
720.0,0.002818412949856998,-0.0035058541319589465,0.001711305406782826,-0.0031761492665626223
732.0,0.0028427666762367854,-0.0035018246071674905,0.0016998348879831982,-0.003161839704923057
744.0,0.0028668474303173083,-0.0034978055716360992,0.0016884261488240224,-0.003147217314658071
756.0,0.002890652631353789,-0.003493796275635064,0.0016770790694849574,-0.003132282033856959
768.0,0.0029141796997859196,-0.003489795958419313,0.0016657935329872642,-0.003117033818135724
780.0,0.0029374260576024575,-0.0034858038482165066,0.0016545694253323195,-0.0031014726407546933
792.0,0.0029603891287177664,-0.0034818191622211433,0.001643406635644544,-0.0030855984927289776
804.0,0.002983066339350235,-0.0034778411065847017,0.0016323050563155153,-0.003069411382942082
816.0,0.0030054551184103342,-0.0034738688764114345,0.001621264583149075,-0.00305291133825656
828.0,0.003027552897894782,-0.0034699016557527343,0.001610285115509251,-0.00303609840362358
840.0,0.00304935711328895,-0.0034659386176066065,0.00159936655647136,-0.003018972642193918
852.0,0.0030708652039741005,-0.0034619789239146714,0.0015885088129728026,-0.0030015341354252614
864.0,0.003092074613646245,-0.0034580217255643572,0.001577711795967468,-0.0029837829831894716
876.0,0.003112982790736407,-0.003454066162390447,0.0015669754205822756,-0.0029657193038807525
888.0,0.003133587188845037,-0.0034501113631794297,0.0015562996062747914,-0.0029473432345201445
900.0,0.00315388526717858,-0.003446156445676203,0.001545684276993517,-0.002928654930859302
912.0,0.003173874490995411,-0.0034422005165904504,0.0015351293613398709,-0.002909654567487152
924.0,0.003193552332063178,-0.003438242671607139,0.001524634792733258,-0.002890342337928717
936.0,0.003212916269116989,-0.0034342819953967346,0.0015142005095761316,-0.002870718454749968
948.0,0.0032319637883314184,-0.0034303175616288983,0.001503826455423872,-0.002850783149656748
960.0,0.0032506923837989435,-0.0034263484329880717,0.0014935125791548723,-0.002830536673595646
972.0,0.003269099558013508,-0.0034223736611897204,0.0014832588351418943,-0.0028099792968505413
984.0,0.003287182822367729,-0.0034183922869981814,0.0014730651834288927,-0.0027891113091419797
996.0,0.003304939697653886,-0.0034144033402493737,0.0014629315899060483,-0.002767933019723008
1008.0,0.003322367714575364,-0.00341040583987251,0.0014528580264889651,-0.002746444757474757
1020.0,0.0033394644142658303,-0.003406398793914134,0.0014428444713002891,-0.0027246468709994504
1032.0,0.003356227348817936,-0.003402381199566984,0.001432890908852305,-0.002702539728715349
1044.0,0.0033726540818193734,-0.0033983520431962524,0.001422997330231067,-0.0026801237189473387
1056.0,0.0033887421888985636,-0.003394310300372752,0.0014131637332856495,-0.0026573992500191213
1068.0,0.0034044892582788602,-0.003390254935904377,0.0014033901228153317,-0.0026343667503419474
1080.0,0.003419892891343576,-0.0033861849038729977,0.0013936765107618251,-0.0026110266685034356
1092.0,0.0034349507032049587,-0.0033820991476695636,0.0013840229164027648,-0.002587379473355307
1104.0,0.003449660323289118,-0.0033779966000357237,0.0013744293665467963,-0.0025634256541009065
1116.0,0.00346401939592407,-0.0033738761831048417,0.0013648958957315147,-0.0025391657203777257
1128.0,0.003478025580942283,-0.0033697368084457113,0.0013554225464222497,-0.0025146002023429745
1140.0,0.003491676554288392,-0.003365577377109852,0.0013460093692137173,-0.0024897296507571387
1152.0,0.0035049700086385513,-0.0033613967796793445,0.0013366564230352027,-0.0024645546370644436
1164.0,0.003517903654030048,-0.0033571938963181253,0.0013273637753538,-0.00243907575347322
1176.0,0.003530475218498398,-0.003352967596824921,0.0013181315023834336,-0.0024132936130365074
1188.0,0.003542682448725999,-0.003348716740690816,0.0013089596892951957,-0.002387208849728116
1200.0,0.003554523110701431,-0.0033444401771541774,0.0012998484304262703,-0.002360822118521712
1212.0,0.003565994990385686,-0.003340136745264864,0.001290797829497141,-0.0023341340954644574
1224.0,0.003577095894391334,-0.003335805273944392,0.0012818079998239904,-0.0023071454777515987
1236.0,0.0035878236506720063,-0.003331444582053783,0.0012728790645378726,-0.0022798569838020782
1248.0,0.0035981761092176573,-0.003327053478460913,0.0012640111568040166,-0.0022522693533274796
1260.0,0.003608151142768898,-0.0033226307621104026,0.0012552044200419832,-0.0022243833474037897
1272.0,0.0036177466475319775,-0.0033181752220980826,0.0012464590081508464,-0.0021961997485409196
1284.0,0.00362696054391215,-0.0033136856377461027,0.0012377750857316058,-0.0021677193607519477
1296.0,0.0036357907772525816,-0.0033091607786832206,0.0012291528283176409,-0.0021389430096186088
1308.0,0.003644235318587097,-0.003304599404923253,0.0012205924225987472,-0.0021098715423573736
1320.0,0.003652292165403498,-0.003300000266951368,0.0012120940666559832,-0.0020805058278843755
1332.0,0.0036599593424152047,-0.0032953621058103913,0.0012036579701916877,-0.0020508467568784994
1344.0,0.003667234902348014,-0.003290683653188395,0.0011952843547634595,-0.0020208952418434498
1356.0,0.0036741169267349577,-0.0032859636315135665,0.001186973454020225,-0.0019906522171678973
1368.0,0.0036806035267237386,-0.003281200754047614,0.0011787255139399308,-0.001960118639185937
1380.0,0.00368669284389557,-0.003276393724983992,0.001170540793067533,-0.0019292954862347028
1392.0,0.0036923830510942474,-0.0032715412395486337,0.0011624195627566725,-0.0018981837587109807
1404.0,0.00369767235326951,-0.0032666419841032093,0.0011543621074108848,-0.001866784479128164
1416.0,0.003702558988329413,-0.003261694636252567,0.001146368724727946,-0.0018350986921690168
1428.0,0.003707041228005241,-0.003256697864954257,0.001138439725944164,-0.001803127464741261
1440.0,0.003711117378728708,-0.0032516503306277283,0.0011305754360815198,-0.0017708718860263706
1452.0,0.003714785782521067,-0.003246550685275268,0.0011227761941957279,-0.0017383330675335568
1464.0,0.003718044817894263,-0.003241397572595478,0.0011150423536255144,-0.0017055121431469172
1476.0,0.003720892900763856,-0.003236189628108163,0.0011073742822421406,-0.0016724102691745915
1488.0,0.0037233284853745927,-0.0032309254792760728,0.0010997723627032274,-0.0016390286243954388
1500.0,0.0037253500652380256,-0.0032256037456352485,0.0010922369927038461,-0.0016053684101053206
1512.0,0.0037269561740827656,-0.0032202230389232894,0.0010847685852317726,-0.0015714308501609472
1524.0,0.0037281453868177328,-0.003214781963214952,0.0010773675688225959,-0.0015372171910240165
1536.0,0.003728916320507203,-0.0032092791150583957,0.0010700343878151664,-0.0015027287018018753
1548.0,0.003729267635358788,-0.0032037130836155905,0.0010627695026105763,-0.0014679666742893269
1560.0,0.0037291980357250856,-0.00319808245080596,0.001055573389928767,-0.0014329324230087231
1572.0,0.0037287062711156144,-0.0031923857914525136,0.0010484465430676895,-0.001397627285246797
1584.0,0.003727791137227092,-0.003186621673432255,0.0010413894721633607,-0.001362052621092985
1596.0,0.003726451476980308,-0.003180788657829496,0.0010344027044504739,-0.001326209813476191
1608.0,0.003724686181573761,-0.0031748852990915524,0.0010274867845230656,-0.0012901002681956625
1620.0,0.003722494191551677,-0.0031689101451895796,0.0010206422745952307,-0.001253725413960828
1632.0,0.0037198744978832535,-0.003162861737780444,0.0010138697547652648,-0.0012170867024181922
1644.0,0.0037168261430527774,-0.0031567386123750457,0.001007169823275561,-0.0011801856081851136
1656.0,0.0037133482221710368,-0.0031505392985066577,0.0010005430967769333,-0.0011430236288794832
1668.0,0.0037094398840929604,-0.0031442623199043895,0.0009939902105910448,-0.0011056022851477429
1680.0,0.0037051003325512255,-0.003137906194671046,0.0009875118189722337,-0.0010679231206941614
1692.0,0.0037003288273056295,-0.0031314694354617895,0.0009811085953729953,-0.0010299877023067852
1704.0,0.0036951246853030723,-0.0031249505496687216,0.0009747812327033922,-0.000991797619881385
1716.0,0.0036894872818544686,-0.003118348039607713,0.0009685304435965783,-0.0009533544864471777
1728.0,0.003683416051823249,-0.0031116604027086325,0.0009623569606697774,-0.0009146599381908774
1740.0,0.0036769104908295075,-0.0031048861317104354,0.0009562615367864069,-0.0008757156344771921
1752.0,0.0036699701564672713,-0.003098023714857505,0.0009502449453174244,-0.0008365232578696549
1764.0,0.003662594669537174,-0.0030910716361011725,0.0009443079804022231,-0.00079708451415101
1776.0,0.0036547837152917165,-0.0030840283753050604,0.0009384514572085556,-0.00075740113234294
1788.0,0.0036465370446971054,-0.003076892408452686,0.0009326762121918061,-0.0007174748647211932
1800.0,0.0036378544757066297,-0.0030696622078590988,0.0009269831033518472,-0.0006773074868352061
1812.0,0.003628735894552697,-0.0030623362423875533,0.0009213730104923878,-0.0006369007975209479
1824.0,0.003619181257048243,-0.0030549129776671763,0.0009158468354740698,-0.0005962566189168864
1836.0,0.003609190589906948,-0.0030473908763157115,0.0009104055024698257,-0.0005553767964772416
1848.0,0.003598763992076655,-0.0030397683981670948,0.0009050499582186969,-0.0005142631989845242
1860.0,0.0035879016360868057,-0.003032044000499723,0.0008997811722735172,-0.0004729177185594166
1872.0,0.0035766037694120456,-0.003024216138271099,0.0008946001372536899,-0.0004313422706735473
1884.0,0.0035648707158501478,-0.003016283264354852,0.0008895078690900199,-0.0003895387941567838
1896.0,0.0035527028769134147,-0.003008243829781307,0.0008845054072692954,-0.0003475092512069469
1908.0,0.003540100733237933,-0.0030000962839827547,0.0008795938150776353,-0.0003052556273964724
1920.0,0.0035270648460052137,-0.0029918390750402132,0.0008747741798416017,-0.0002627799316783849
1932.0,0.0035135958583797644,-0.0029834706499369187,0.0008700476131617771,-0.00022008419639345245
1944.0,0.003499694496962913,-0.0029749894548137673,0.0008654152511508931,-0.00017717047727226765
1956.0,0.003485361573258898,-0.002966393935226873,0.0008608782546634733,-0.0001340408534414375
1968.0,0.0034705979851599317,-0.0029576825364126882,0.0008564378095226727,-9.06974274238262e-5
1980.0,0.003455404718442419,-0.0029488537035531545,0.0008520951267468949,-4.714232514279465e-5
1992.0,0.003439782848282051,-0.0029399058820472265,0.0008478514427693248,-3.377695919383472e-6
2004.0,0.003423733540780842,-0.0029308375177836757,0.0008437080196555882,4.0594287523586237e-5
2016.0,0.003407258054512634,-0.0029216470574201236,0.0008396661453157206,8.477142906523905e-5
2028.0,0.0033903577420808864,-0.0029123329486630684,0.0008357271337125216,0.00012915150918779705
2040.0,0.003373034051694257,-0.0029028936405538983,0.000831892325067321,0.00017373228497917503
2052.0,0.0033552885287555234,-0.0028933275837578695,0.0008281630860570224,0.00021851149013690785
2064.0,0.0033371228174676887,-0.002883633230855283,0.000824540810010245,0.0002634868349711897
2076.0,0.0033185386624531715,-0.0028738090366386,0.0008210269170940629,0.00030865600641229174
2088.0,0.003299537910390754,-0.0028638534584130293,0.0008176228544988992,0.0003540166680145382
2100.0,0.0032801225116671287,-0.002853764956296953,0.0008143300966158562,0.0003995664599646537
2112.0,0.003260294522041289,-0.002843541993532317,0.0008111501452084252,0.00044530299908873
2124.0,0.003240056104328558,-0.0028331830367931687,0.000808084529577098,0.0004912238788606568
2136.0,0.0032194095300963413,-0.002822686556500857,0.0008051348067186423,0.0005373266694117806
2148.0,0.0031983571813778908,-0.002812051027140973,0.0008023025614779591,0.0005836089175409176
2160.0,0.0031769015523980815,-0.0028012749275857507,0.0007995894066929049,0.0006300681467238181
2172.0,0.003155045251318732,-0.0027903567414185246,0.0007969969833296689,0.0006767018571269406
2184.0,0.003132791001995157,-0.0027792949572620837,0.00079452696061625,0.0007235075256180404
2196.0,0.0031101416457501654,-0.002768088069111302,0.0007921810361584125,0.0007704826057798875
2208.0,0.003087100143161957,-0.0027567345766672594,0.0007899609360584037,0.0008176245279236244
2220.0,0.0030636695758701968,-0.0027452329856785876,0.000787868415013937,0.0008649306991036082
2232.0,0.003039853148391239,-0.002733581808280837,0.0007859052564172242,0.000912398503132697
2244.0,0.0030156541899543574,-0.002721779563344906,0.0007840732724392133,0.0009600253005972031
2256.0,0.002991076156350983,-0.002709824776825215,0.0007823743041045703,0.0010078084288752398
2268.0,0.0029661226317965472,-0.0026977159821118674,0.0007808102213602564,0.001055745202152271
2280.0,0.0029407973308098467,-0.0026854517203873177,0.0007793829231287977,0.0011038329114400336
2292.0,0.0029151041001074032,-0.0026730305409850344,0.0007780943373526666,0.0011520688245950025
2304.0,0.002889046920509536,-0.0026604510017518776,0.0007769464210299892,0.0012004501863369169
2316.0,0.0028626299088647666,-0.002647711669414528,0.0007759411602332941,0.001248974218271283
2328.0,0.002835857319986583,-0.0026348111199469768,0.0007750805701213226,0.0012976381189073044
2340.0,0.0028087335486040796,-0.0026217479389438816,0.000774366694935219,0.00134643906368008
2352.0,0.0027812631313297795,-0.002608520721993794,0.000773801607983203,0.0013953742049735846
2364.0,0.002753450748638503,-0.002595128075060009,0.000773387411611412,0.0014444406721424094
2376.0,0.002725301226862077,-0.0025815686148585315,0.00077312623716113,0.0014936355715353261
2388.0,0.002696819540198507,-0.002567840969244714,0.0007730202449128046,0.0015429559865194065
2400.0,0.0026680108127328864,-0.002553943777597767,0.0007730716240139379,0.0015923989775043917
2412.0,0.002638880320475427,-0.002539875691212966,0.0007732825923914277,0.0016419615819685748
2424.0,0.0026094334934087873,-0.002525635373691902,0.0007736553966525631,0.0016916408144840162
2436.0,0.002579675917553953,-0.00251122150133911,0.0007741923119634619,0.0017414336667430155
2448.0,0.00254961333704571,-0.002496632763560762,0.0007748956419161152,0.001791337107587429
2460.0,0.002519251656221945,-0.002481867863262377,0.0007757677183775416,0.0018413480830334686
2472.0,0.0024885969417271156,-0.0024669255172546367,0.0007768109013179259,0.0018914635163038707
2484.0,0.002457655424628759,-0.0024518044566573943,0.0007780275786262308,0.0019416803078533273
2496.0,0.002426433502545018,-0.0024365034273087227,0.0007794201659027875,0.0019919953354009534
2508.0,0.0023949377417863335,-0.0024210211901741496,0.0007809911062346686,0.0020424054539607273
2520.0,0.002363174879508753,-0.0024053565217587863,0.0007827428699508435,0.002092907495872494
2532.0,0.002331151825878848,-0.002389508214523328,0.0007846779543584925,0.0021434982708339115
2544.0,0.0022988756662533708,-0.002373475077300659,0.0007867988834548839,0.0021941745659320652
2556.0,0.0022663536633666173,-0.002357255935712843,0.0007891082076230682,0.002244933145678474
2568.0,0.002233593259532228,-0.0023408496325934905,0.0007916085033022116,0.002295770752043319
2580.0,0.0022006020788547243,-0.0023242550284095984,0.0007943023726358286,0.002346684104489169
2592.0,0.0021673879294543882,-0.002307471001686344,0.0007971924430966934,0.002397669900006179
2604.0,0.0021339588057006434,-0.002290496449431592,0.0008002813670904343,0.002448724813150463
2616.0,0.0021003228904560856,-0.0022733302875645248,0.000803571821530534,0.0024998454960795183
2628.0,0.0020664885573335387,-0.002255971451343583,0.0008070665073924357,0.0025510285785905126
2640.0,0.0020324643729602507,-0.002238418895797352,0.0008107681492400265,0.002602270668158317
2652.0,0.0019982590992529067,-0.002220671596154751,0.0008146794947258909,0.0026535683499764387
2664.0,0.001963881695704134,-0.0022027285482788053,0.0008188033140644618,0.002704918186996426
2676.0,0.0019293413216742716,-0.0021845887690990842,0.0008231423994792125,0.002756316719968857
2688.0,0.0018946473386967089,-0.002166251297046347,0.0008276995646187349,0.002807760467485619
2700.0,0.0018598093127880702,-0.0021477151924871596,0.0008324776439474421,0.0028592459260221303
2712.0,0.0018248370167698313,-0.0021289795381607135,0.0008374794921035961,0.00291076956998209
2724.0,0.001789740432595048,-0.002110043439612838,0.0008427079832277057,0.0029623278517423024
2736.0,0.001754529753686701,-0.002090906025634262,0.0008481660102620178,0.0030139172016963936
2748.0,0.0017192153872783028,-0.0020715664486969793,0.0008538564842151056,0.0030655340283042634
2760.0,0.0016838079567681186,-0.0020520238853898587,0.0008597823333962723,0.003117174718136627
2772.0,0.0016483183040726587,-0.0020322775368566345,0.0008659465026170238,0.003168835635926681
2784.0,0.001612757491993612,-0.0020123266292316547,0.0008723519523546122,0.0032205131246175953
2796.0,0.0015771368065852498,-0.0019921704140758237,0.000879001657887811,0.0032722035054142742
2808.0,0.0015414677595317408,-0.001971808168812296,0.0008858986083917428,0.0033239030778347764
2820.0,0.001505762090526025,-0.0019512391971610171,0.0008930458059968199,0.003375608119763167
2832.0,0.0014700317696564325,-0.0019304628295725157,0.0009004462648170425,0.0034273148875058543
2844.0,0.001434288999796078,-0.0019094784236615425,0.0009081030099298074,0.0034790196158437786
2856.0,0.0013985462189972722,-0.0018882853646378164,0.0009160190763296341,0.0035307185180894485
2868.0,0.0013628161028883118,-0.0018668830657354377,0.000924197507832368,0.0035824077861490652
2880.0,0.0013271115670741296,-0.001845270968642447,0.000932641355946319,0.0036340835905769725
2892.0,0.0012914457695405793,-0.00182344854392881,0.0009413536786989432,0.003685742080638099
2904.0,0.0012558321130596434,-0.0018014152914677048,0.0009503375394230365,0.003737379384370472
2916.0,0.0012202842475968131,-0.0017791707408603905,0.000959596005503896,0.003788991608648082
2928.0,0.0011848160727196064,-0.0017567144518567876,0.0009691321470765429,0.003840574839246512
2940.0,0.001149441740007827,-0.0017340460147705627,0.0009789490356875916,0.0038921251409082883
2952.0,0.001114175655463151,-0.0017111650508959478,0.0009890497429052916,0.003943638557413552
2964.0,0.0010790324819187694,-0.0016880712129170652,0.0009994373388888533,0.003995111111645584
2976.0,0.0010440271414493135,-0.001664764185318246,0.001010114890908867,0.004046538805666744
2988.0,0.0010091748177772572,-0.0016412436847873177,0.0010210854618270815,0.004097917620788816
3000.0,0.0009744909586814413,-0.0016175094606150006,0.0010323521085172857,0.004149243517649628
3012.0,0.0009399912783986733,-0.0015935612950949418,0.0010439178802500032,0.004200512436288266
3024.0,0.0009056917600258063,-0.001569399003912758,0.0010557858170211418,0.004251720296225427
3036.0,0.0008716086579175428,-0.0015450224365351137,0.0010679589478306065,0.0043028629965431095
3048.0,0.0008377585000797771,-0.001520431476592525,0.0010804402889166356,0.004353936415967222
3060.0,0.0008041580905589901,-0.0014956260422564135,0.0010932328419319126,0.004404936412953482
3072.0,0.0007708245118246623,-0.0014706060866127857,0.0011063395920710775,0.004455858825773339
3084.0,0.0007377751271498215,-0.0014453715980259421,0.0011197635061462874,0.004506699472604098
3096.0,0.0007050275829797725,-0.0014199226005012985,0.0011335075306077094,0.004557454151618283
3108.0,0.0006725998112998149,-0.0013942591540379232,0.0011475745895130757,0.004608118641080794
3120.0,0.0006405100319873056,-0.0013683813549766263,0.0011619675824372788,0.004658688699442276
3132.0,0.000608776755165942,-0.0013422893363392654,0.0011766893823340688,0.00470916006543768
3144.0,0.0005774187835397016,-0.001315983268162936,0.0011917428333351882,0.004759528458191269
3156.0,0.000546455214724989,-0.0012894633578236156,0.001207130748499638,0.004809789577314878
3168.0,0.0005159054435697891,-0.0012627298503540552,0.0012228559074986614,0.004859939103019621
3180.0,0.00048578916446032766,-0.0012357830287520674,0.0012389210542511353,0.004909972696222072
3192.0,0.0004561263736179433,-0.001208623214280502,0.0012553288944947283,0.004959885998656911
3204.0,0.0004269373713811572,-0.0011812507667582697,0.0012720820933035254,0.005009674632994503
3216.0,0.000398242764477183,-0.0011536660848393138,0.00128918327254237,0.005059334202955353
3228.0,0.00037006346827611614,-0.0011258696062866058,0.0013066350082648545,0.005108860293434998
3240.0,0.0003424207090329881,-0.00109786180823003,0.0013244398280528175,0.005158248470625543
3252.0,0.0003153360261101551,-0.0010696432074165305,0.0013426002082916055,0.005207494282145793
3264.0,0.0002888312741901322,-0.0010412143604500435,0.0013611185713884241,0.005256593257171219
3276.0,0.000262928625462254,-0.0010125758640162144,0.0013799972829291254,0.005305540906569317
3288.0,0.00023765057179676863,-0.0009837283550975587,0.0013992386487760786,0.005354332723037175
3300.0,0.00021301992690084953,-0.0009546725111744814,0.0014188449120989405,0.005402964181244037
3312.0,0.00018905982844911323,-0.000925409050414841,0.0014388182503531355,0.005451430737976416
3324.0,0.00016579374019778936,-0.0008959387318480186,0.0014591607721900351,0.005499727832287846
3336.0,0.00014324545407679717,-0.0008662623555250951,0.0014798745143113703,0.005547850885652593
3348.0,0.00012143909225739713,-0.0008363807626659558,0.0015009614382549413,0.005595795302123327
3360.0,0.00010039910919645845,-0.0008062948357885763,0.0015224234271282375,0.005643556468491968
3372.0,8.015029365939647e-5,-0.0007760054988246515,0.0015442622822750066,0.005691129754456445
3384.0,6.0717770711718466e-5,-0.0007455137172174414,0.0015664797198820385,0.005738510512790909
3396.0,4.2127003691133647e-5,-0.0007148204980041428,0.0015890773675276415,0.005785694079521259
3408.0,2.4403796145079648e-5,-0.0006839268898789219,0.001612056760666343,0.005832675774102916
3420.0,7.574293747591998e-6,-0.0006528339832375316,0.0016354193390573368,0.005879450899606745
3432.0,-8.335013823343451e-6,-0.0006215429102068223,0.0016591664431311604,0.005926014742906965
3444.0,-2.329729102714534e-5,-0.0005900548446503423,0.0016832993102977936,0.005972362574875781
3456.0,-3.728535464411764e-5,-0.0005583710021560759,0.0017078190711982272,0.006018489650582028
3468.0,-5.027167198597138e-5,-0.0005264926400027833,0.001732726745895606,0.006064391209496096
3480.0,-6.222835914058283e-5,-0.0004944210571051003,0.001758023240011973,0.006110062475698286
3492.0,-7.312717925369444e-5,-0.00046215759393632844,0.0017837093408097776,0.00615549865809395
3504.0,-8.293954084517136e-5,-0.0004297036324290432,0.001809785713214128,0.006200694950635521
3516.0,-9.163649616282521e-5,-0.0003970605958498463,0.0018362528957859073,0.006245646532547333
3528.0,-9.918873957568547e-5,-0.00036422994865269176,0.0018631112966409832,0.006290348568557459
3540.0,-0.00010556660600469919,-0.00033121319630375484,0.0018903611893153621,0.0063347962091364896
3552.0,-0.0001107400693972499,-0.0002980118850835628,0.001918002708582174,0.006378984590741314
3564.0,-0.00011467874124064525,-0.000264627601859406,0.001946035846221203,0.006422908836065076
3576.0,-0.00011735186912160273,-0.00023106197383111066,0.0019744604467375887,0.006466564054294702
3588.0,-0.00011872833532956817,-0.00019731666825036076,0.0020032762030386536,0.006509945341371996
3600.0,-0.00011877665550622668,-0.0001633933921045272,0.0020324826520655356,0.006553047780265456
3612.0,-0.00011746497734087258,-0.00012929389177906286,0.0020620791703800725,0.006595866441245768
3624.0,-0.00011476107931684271,-9.501995267918034e-5,0.0020920649697179286,0.006638396382169183
3636.0,-0.00011063236950781263,-6.0573398826146985e-5,0.002122439092497215,0.00668063264876808
3648.0,-0.00010504588442256796,-2.5956092416679066e-5,0.002153200407297391,0.0067225702749481656
3660.0,-9.796828790786805e-5,8.830066650200585e-6,0.0021843476043008764,0.0067642042830940025
3672.0,-8.936587010185265e-5,4.378314128224842e-5,0.002215879190705275,0.006805529684381584
3684.0,-7.920454644300134e-5,7.890115773995926e-5,0.0022477934861078602,0.006846541479095768
3696.0,-6.744985674169562e-5,0.00011418210621856606,0.002280088617864967,0.006887234656963552
3708.0,-5.406696430496766e-5,0.00014962394147022273,0.002312762516428729,0.006927604197483367
3720.0,-3.9020655124892556e-5,0.0001852245834650032,0.0023458129106623676,0.006967645070273268
3732.0,-2.2275337128355166e-5,0.00022098191809209744,0.0023792373231444966,0.007007352235422773
3744.0,-3.7950394921118513e-6,0.0002568937979037858,0.0024130330654530616,0.0070467206438504515
3756.0,1.645658797906624e-5,0.00029295804290355165,0.0024471972334477315,0.0070857452376756405
3768.0,3.851627540416708e-5,0.0003291724413771388,0.0024817267025395717,0.007124420950595282
3780.0,6.242113331177135e-5,0.00036553475076802483,0.002516618122963922,0.007162742708270421
3792.0,8.820865305113335e-5,0.00040204269860523445,0.0025518679150509857,0.007200705428721629
3804.0,0.00011591670713614194,0.00043869398347267524,0.002587472264506431,0.007238304022733913
3816.0,0.00014558354950802016,0.00047548627603332533,0.002623427117696836,0.007275533394272067
3828.0,0.00017724781572944076,0.0005124172201018198,0.002659728176954937,0.007312388440901936
3840.0,0.00021094852309288398,0.0005494844337712856,0.002696370895899129,0.007348864054225468
3852.0,0.0002467250706549712,0.0005866855105915864,0.0027333504747797527,0.007384955120323021
3864.0,0.00028461723918570686,0.0006240180208057916,0.002770661855853139,0.007420656520206945
3876.0,0.0003246651910337947,0.0006614795126421089,0.002808299718786822,0.007455963130285695
3888.0,0.00036690946990604323,0.0006990675136639563,0.002846258476105465,0.007490869822835068
3900.0,0.0004113910005601254,0.0007367795321813891,0.0028845322686800318,0.007525371466484569
3912.0,0.0004581510884047041,0.0007746130587225966,0.0029231149612655508,0.007559462926711329
3924.0,0.000507231419007638,0.0008125655675686669,0.002962000138092731,0.007593139066345567
3936.0,0.0005586740575124344,0.0008506345183562775,0.0030011810985231258,0.007626394746087228
3948.0,0.0006125214479518332,0.0008888173577425232,0.0030406508527654544,0.007659224825035185
3960.0,0.0006688164124681942,0.0009271115211408817,0.003080402117669863,0.0076916241612232025
3972.0,0.0007276021504307936,0.0009655144345267277,0.003120427312595493,0.007723587612174232
3984.0,0.0007889222374453872,0.001004023516313922,0.0031607185553663153,0.007755110035459346
3996.0,0.0008528206242644082,0.0010426361793082414,0.0032012676583157845,0.007786186289275389
4008.0,0.0009193416355820702,0.001081349832729804,0.0032420661244305024,0.007816811233026466
4020.0,0.0009885299687222293,0.0011201618843211525,0.0032831051435981903,0.007846979727927278
4032.0,0.0010604306922125523,0.0011590697425284194,0.0033243755889653392,0.007876686637610195
4044.0,0.0011350892442395788,0.0011980708187670705,0.003365868013414014,0.00790592682874959
4056.0,0.0012125514309893337,0.0012371625297688885,0.0034075726461653133,0.007934695171698238
4068.0,0.0012928634248613805,0.001276342300016657,0.0034494793895108525,0.007962986541134864
4080.0,0.0013760717625642682,0.001315607564265471,0.0034915778156888663,0.007990795816726702
4092.0,0.0014622233430802017,0.0013549557701505663,0.0035338571639033922,0.008018117883803265
4104.0,0.0015513654255016676,0.0013943843808924758,0.0035763063374997447,0.008044947634046194
4116.0,0.0016435456267360274,0.0014338908780908502,0.0036189139013021385,0.008071279966189317
4128.0,0.001738811919074254,0.0014734727646162835,0.0036616680791175527,0.00809710978673523
4140.0,0.0018372126276209877,0.0015131275676006153,0.003704556751422665,0.008122432010683467
4152.0,0.0019387964275858205,0.001552852841526696,0.0037475674532296624,0.008147241562274324
4164.0,0.002043612341427588,0.0015926461714202422,0.0037906873721489792,0.00817153337574611
4176.0,0.0021517097358545526,0.001632505176149622,0.003833903346651596,0.008195302396106233
4188.0,0.002263138318673266,0.0016724275118276538,0.0038772018645379658,0.008218543579918205
4200.0,0.0023779481354828866,0.0017124108753286613,0.003920569061625606,0.008241251896101011
4212.0,0.0024961895662161185,0.0017524530079122275,0.003963990720660532,0.008263422326746359
4224.0,0.0026179133215198935,0.0017925516989650836,0.004007452270459545,0.00828504986794739
4236.0,0.002743170438970745,0.0018327047898561086,0.004050938785294889,0.008306129530644892
4248.0,0.0028720122791291366,0.0018729101779144247,0.004094434984524567,0.008326656341487507
4260.0,0.0030044905214207315,0.0019131658205255864,0.0041379252324800705,0.008346625343708253
4272.0,0.0031406571598479385,0.001953469739352953,0.00418139353861699,0.00836603159801623
4284.0,0.0032805644985236387,0.001993820024684241,0.004224823557938268,0.008384870183502542
4296.0,0.003424265147026928,0.0020342148399091348,0.00426819859169375,0.008403136198564122
4308.0,0.0035718120155785182,0.0020746524261263527,0.004311501588370008,0.00842082476184318
4320.0,0.0037232583100252833,0.002115131106884126,0.0043547151449711,0.00843793101318021
4332.0,0.0038786575266417656,0.002155649293059031,0.004397821508603787,0.008454450114586343
4344.0,0.0040380634467334225,0.002196205487869432,0.004440802578368992,0.008470377251230697
4356.0,0.004201530131048209,0.002236798292035616,0.004483639907568802,0.00848570763244387
4368.0,0.0043691119139852505,0.002277426409078305,0.004526314706241208,0.00850043649273658
4380.0,0.00454086339760193,0.0023180886507652362,0.004568807844016684,0.00851455909284047
4392.0,0.004716839445415046,0.0023587839427081994,0.004611099853317875,0.00852807072075669
4404.0,0.004897095175990289,0.0023995113301067267,0.004653170932897285,0.008540966692830498
4416.0,0.005081685956318693,0.0024402699836476374,0.0046950009517262165,0.008553242354836788
4428.0,0.0052706673949760585,0.0024810592055621167,0.0047365694532358615,0.008564893083084585
4440.0,0.005464095335062549,0.002521878435835012,0.004777855659922621,0.008575914285539346
4452.0,0.005662025846915442,0.0025627272585810393,0.00481883847831218,0.008586301402961106
4464.0,0.005864515220597263,0.002603605408578867,0.004859496504302757,0.008596049910060695
4476.0,0.0060716199581502955,0.0026445127779712377,0.004899808028876337,0.008605155316674808
4488.0,0.006283396765618621,0.002685449423133167,0.00493975104419532,0.008613613168954141
4500.0,0.0064999025448294195,0.002726415571708593,0.0049793032500779905,0.008621419050574244
4512.0,0.006721194384934764,0.0027674116298172027,0.005018442060867913,0.008628568583961195
4524.0,0.006947329553707526,0.002808438189435797,0.005057144612688677,0.008635057431535281
4536.0,0.007178365488589661,0.002849496035954191,0.0050953877710974635,0.008640881296971277
4548.0,0.007414359787487855,0.00289058615590803,0.005133148139133174,0.008646035926479362
4560.0,0.007655370199314164,0.002931709744890855,0.005170402065762837,0.008650517110101251
4572.0,0.0079014546142692,0.0029728682156453592,0.005207125654732671,0.008654320683024797
4584.0,0.008152671053865232,0.003014063206338423,0.005243294773817686,0.00865744252691708
4596.0,0.00840907766068029,0.0030552965890179723,0.005278885064475589,0.008659878571274315
4608.0,0.008670732687850694,0.0030965704782560804,0.005313871951905226,0.008661624794790178
4620.0,0.008937694488288253,0.0031378872399767874,0.00534823065550756,0.008662677226741862
4632.0,0.009210021503627215,0.0031792495004731164,0.00538193619975063,0.008663031948394233
4644.0,0.009487772252893045,0.003220660155610497,0.005414963425435244,0.008662685094421085
4656.0,0.009771005320892721,0.003262122380219945,0.005447287001361378,0.008661632854345229
4668.0,0.010059779346325452,0.0033036396376823554,0.005478881436392975,0.008659871473994649
4680.0,0.010354153009607028,0.0033452156897002816,0.005509721091921091,0.008657397256978588
4692.0,0.01065418502040797,0.0033868546062631594,0.005539780194711935,0.00865420656618017
4704.0,0.010959934104904354,0.003428560775803585,0.005569032850151978,0.008650295825264886
4716.0,0.011271458992737876,0.003470338915541084,0.005597453055875452,0.008645661520209985
4728.0,0.011588818403681318,0.0035121940820213096,0.005625014715766964,0.008640300200850104
4740.0,0.011912071034011387,0.003554131681841287,0.005651691654341887,0.008634208482437115
4752.0,0.012241275542583752,0.0035961574825693135,0.005677457631496324,0.008627383047222943
4764.0,0.012576490536610918,0.003638277623848364,0.00570228635761514,0.00861982064605469
4776.0,0.012917774557140889,0.003680498628689896,0.005726151509036846,0.008611518099988037
4788.0,0.01326518606423508,0.0037228274149580173,0.005749026743863482,0.008602472301920808
4800.0,0.013618783421844576,0.0037652713070299923,0.005770885718110852,0.008592680218236781
4812.0,0.01397862488238412,0.0038078380476474216,0.005791702102186373,0.008582138890473032
4824.0,0.014344768571003523,0.003850535809945377,0.005811449597687694,0.008570845436997765
4836.0,0.014717272469554926,0.0038933732096598297,0.0058301019545106345,0.008558797054709397
4848.0,0.01509619440025646,0.003936359317511573,0.005847632988258751,0.008545991020748087
4860.0,0.01548159200905333,0.003979503671762447,0.005864016597938428,0.00853242469422439
4872.0,0.01587352274867406,0.004022816290941339,0.005879226783930179,0.008518095517963634
4884.0,0.01627204386138425,0.004066307686736277,0.005893237666226986,0.008503001020265515
4896.0,0.016677212361437266,0.004109988877045778,0.005906023502921277,0.0084871388166795
4908.0,0.017089085017226023,0.0041538713991911835,0.005917558708931507,0.008470506611793126
4920.0,0.017507718333131514,0.004197967323275674,0.005927817874951183,0.008453102201037004
4932.0,0.017933168531074246,0.004242289265698682,0.005936775786610365,0.008434923472503866
4944.0,0.018365491531768557,0.004286850402802869,0.005944407443828681,0.008415968408779381
4956.0,0.018804742935682316,0.004331664484662871,0.005950688080351922,0.008396235088790095
4968.0,0.019250978003702054,0.004376745849000482,0.005955593183448467,0.008375721689662392
4980.0,0.019704251637510908,0.004422109435222581,0.005959098513756943,0.00835442648859474
4992.0,0.020164618359676596,0.00446777079857396,0.005961180125262366,0.008332347864742573
5004.0,0.02063213229345819,0.004513746124398067,0.0059618143853885225,0.008309484301117206
5016.0,0.02110684714232793,0.004560052242496324,0.005960977995185288,0.00828583438649353
5028.0,0.021588816169221873,0.004606706641575767,0.005958648009595051,0.008261396817330832
5040.0,0.022078092175512924,0.004653727483781532,0.0059548018577835204,0.008236170399705992
5052.0,0.022574727479717865,0.0047011336192974915,0.0059494173635060085,0.00821015405125422
5064.0,0.023078773895940333,0.004748944601008921,0.0059424727655052675,0.008183346803121654
5076.0,0.02359028271205528,0.004797180699217786,0.005933946737909229,0.008155747801928147
5088.0,0.024109304667640347,0.0048458629163926,0.005923818410615858,0.008127356311737638
5100.0,0.024635889931658803,0.004895013001950471,0.0059120673896469675,0.008098171716037827
5112.0,0.02517008807990246,0.004944653467051627,0.005898673777444519,0.008068193519727401
5124.0,0.02571194807219774,0.0049948075993967375,0.005883618193098461,0.00803742135111258
5136.0,0.026261518229384398,0.00504549947801388,0.005866881792479892,0.0080058549639078
5148.0,0.02681884621007289,0.005096753988017795,0.005848446288261262,0.007973494239244226
5160.0,0.02738397898718519,0.005148596835332982,0.005828293969808017,0.007940339187683554
5172.0,0.0279569628242929,0.005201054561359844,0.005806407722913465,0.007906389951239441
5184.0,0.02853784325175188,0.005254154557569807,0.0057827710493651915,0.007871646805396475
5196.0,0.029126665042651052,0.0053079250800144515,0.005757368086316404,0.007836110161140754
5208.0,0.029723472188577203,0.0053623952637322295,0.00573018362544879,0.007799780566989108
5220.0,0.030328307875203575,0.005417595137029899,0.00570120313190043,0.007762658711021636
5232.0,0.030941214457721522,0.0054735556356311985,0.0056704127629449985,0.007724745422914771
5244.0,0.031562233436112364,0.005530308616660318,0.0056377993863976975,0.007686041675976703
5256.0,0.032191405430276016,0.0055878868724546366,0.005603350598734104,0.0076465485891823795
5268.0,0.03282877015502514,0.0056463241441769355,0.0055670547428975856,0.007606267429206559
5280.0,0.03347436639495448,0.0057056551352123175,0.005528900925778242,0.007565199612456816
5292.0,0.034128231979197496,0.00576591552432635,0.0054888790353477684,0.0075233467071034385
5304.0,0.03479040375607808,0.00582714197856455,0.005446979757428173,0.007480710435104815
5316.0,0.03546091756767106,0.005889372165868746,0.005403194592074098,0.007437292674231127
5328.0,0.036139808224282484,0.00595264476739224,0.005357515869562228,0.007393095460079803
5340.0,0.0368271094788596,0.006016999489486544,0.00530993676595521,0.00734812098808843
5352.0,0.0375228540013444,0.006082477075334075,0.005260451318235354,0.007302371615537047
5364.0,0.03822707335297706,0.006149119316215403,0.0052090544389858315,0.007255849863543586
5376.0,0.03893979796057258,0.006216969062366184,0.005155741930605071,0.00720855841905383
5388.0,0.03966105709076926,0.006286070233418359,0.005100510499039597,0.007160500136814706
5400.0,0.040390878824270685,0.006356467828387197,0.005043357767016705,0.007111678041342433
5412.0,0.04112929003009051,0.0064282079351848515,0.004984282286768012,0.007062095328873849
5424.0,0.04187631633981187,0.006501337739631109,0.004923283552225058,0.007011755369309439
5436.0,0.04263198212187504,0.0065759055339368044,0.004860362010676453,0.006960661708137354
5448.0,0.04339631045590705,0.0066519607246298545,0.004795519073872212,0.006908818068344445
5460.0,0.04416932310710289,0.006729553839901481,0.004728757128564118,0.006856228352310867
5472.0,0.044951040500674895,0.006808736536340239,0.004660079546469145,0.006802896643684858
5484.0,0.045741481696378476,0.006889561605027246,0.004589490693645719,0.006748827209240318
5496.0,0.046540664363133664,0.006972082976967435,0.004516995939272447,0.006694024500713984
5508.0,0.04734860475374694,0.007056355727825772,0.004442601663819011,0.006638493156620774
5520.0,0.04816531767975377,0.007142436081939221,0.00436631526660157,0.0065822380040452405
5532.0,0.04899081648638822,0.007230381415579752,0.004288145172710298,0.006525264060412261
5544.0,0.049825113027697106,0.007320250259436251,0.004208100839306499,0.006467576535228517
5556.0,0.05066821764180895,0.007412102300288062,0.004126192761276792,0.006409180831799546
5568.0,0.05152013912636802,0.0075059983818433415,0.0040424324762435085,0.006350082548920596
5580.0,0.052380884714150616,0.0076020005047105765,0.003956832568918052,0.0062902874825335395
5592.0,0.05325046004887119,0.007700171825476901,0.00386940667480095,0.006229801627356812
5604.0,0.05412886916119251,0.007800576654866678,0.0037801694832145308,0.006168631178482785
5616.0,0.05501611444494993,0.007903280454948057,0.0036891367396736166,0.0061067825329405995
5628.0,0.055912196633603445,0.008008349835364206,0.0035963252475827434,0.0060442622912247335
5640.0,0.056817114776926386,0.008115852548559302,0.0035017528692632485,0.005981077258788228
5652.0,0.057730866217942725,0.008225857483975849,0.003405438526305475,0.005917234447494986
5664.0,0.0586534465701258,0.008338434661190636,0.003307402199244573,0.005852741077037829
5676.0,0.05958484969486259,0.008453655221970398,0.00320766492656243,0.005787604576312368
5688.0,0.06052506767920301,0.0085715914212188,0.0031062488030091998,0.005721832584748274
5700.0,0.06147409081389513,0.008692316616788015,0.0030031769772552244,0.005655432953599042
5712.0,0.062431907571722164,0.008815905258136955,0.002898473648863198,0.005588413747187264
5724.0,0.06339850458614589,0.008942432873804772,0.0027921640645903745,0.005520783244099617
5736.0,0.0643738666302708,0.009071976057687073,0.0026842745140203406,0.005452549938335327
5748.0,0.06535797659612969,0.009204612454083272,0.002574832324527161,0.005383722540408496
5760.0,0.06635081547430693,0.009340420741503368,0.0024638658555774656,0.005314309978392627
5772.0,0.06735236233390368,0.009479480615209389,0.002351404492369591,0.0052443213989176105
5784.0,0.06836259430285123,0.009621872768475384,0.0022374786388231135,0.005173766168109967
5796.0,0.06938148654858034,0.009767678872548528,0.002122119709914841,0.005102653872477762
5808.0,0.07040901225905781,0.009916981555295384,0.00200536012337086,0.005030994319738059
5820.0,0.0714451426241878,0.010069864378518874,0.001887233290723489,0.004958797539584427
5832.0,0.07248984681759404,0.010226411813932627,0.0017677736077340162,0.004886073784396483
5844.0,0.07354309197878028,0.010386709217781065,0.0016470164441952997,0.004812833529883417
5856.0,0.07460484319568085,0.010550842804093442,0.0015249981331142137,0.004739087475668216
5868.0,0.07567506348759909,0.010718899616569307,0.0014017559592845522,0.004664846545802327
5880.0,0.0767537137885496,0.010890967499076878,0.001277328147267616,0.004590121889217258
5892.0,0.07784075293099518,0.011067135064771624,0.0011517538487718706,0.0045149248801058806
5904.0,0.0789361376299934,0.011247491663821815,0.0010250731294559265,0.004439267118233378
5916.0,0.08003982246775299,0.01143212734974404,0.0008973269551583729,0.00436316042918003
5928.0,0.08115175987859949,0.011621132844347362,0.0007685571775647854,0.004286616864506647
5940.0,0.08227190013436426,0.01181459950128691,0.0006388065193208836,0.0042096487018490406
5952.0,0.08340019133018622,0.012012619268234631,0.0005081185586051917,0.004132268444937547
5964.0,0.08453657937074388,0.012215284647665817,0.0003765377131696862,0.004054488823534243
5976.0,0.08568100795690514,0.012422688656276354,0.00024410922386287892,0.003976322793297321
5988.0,0.08683341857281374,0.01263492478303617,0.00011087913764012275,0.0038977835355612916
6000.0,0.08799375047340088,0.012852086945894528,-2.3105709919438167e-5,0.0038188844570394426
6012.0,0.08916194067233343,0.013074269447144786,-0.00015779771258109948,0.003739639189438579
6024.0,0.09033792393039997,0.013301566927472808,-0.0002931485118972954,0.0036600615889941235
6036.0,0.0915216327443307,0.01353407431870219,-0.0004291090161104988,0.0035801657359177883
6048.0,0.09271299733606542,0.013771886795256781,-0.0005656294195019937,0.0034999659337582242
6060.0,0.09391194564245872,0.014015099724368651,-0.0007026592221777775,0.0034194767086729166
6072.0,0.09511840330543764,0.014263808615046544,-0.000840147250274155,0.0033387128086140028
6084.0,0.09633229366260534,0.014518109065845428,-0.000978041676576169,0.00325768920241927
6096.0,0.09755353773830086,0.014778096711452707,-0.0011162900415270724,0.0031764210788158137
6108.0,0.09878205423510998,0.015043867168134245,-0.0012548392746215067,0.00309492384532567
6120.0,0.10001775952584022,0.015315515978064832,-0.001393635716167907,0.003013213127085017
6132.0,0.10126056764595803,0.015593138552587156,-0.0015326251394054968,0.002931304765558772
6144.0,0.10251039028649078,0.015876830114432312,-0.0016717527729589177,0.002849214817169529
6156.0,0.10376713678740518,0.016166685638942614,-0.0018109633236212813,0.0027669595518217474
6168.0,0.10503071413146023,0.016462799794343064,-0.001950200999452388,0.0026845554513317965
6180.0,0.10630102693854099,0.01676526688109993,-0.0020894095331676077,0.002602019207758627
6192.0,0.10757797746048622,0.017074180770418723,-0.0022285322058175003,0.002519367721636301
6204.0,0.10886146557640641,0.017389634841926564,-0.00236751187073022,0.0024366181001014287
6216.0,0.11015138878850636,0.017711721920592782,-0.002506290977710851,0.0023537876549274764
6228.0,0.11144764221841574,0.018040534212933668,-0.002644811597480673,0.0022708939004493986
6240.0,0.11275011860404105,0.01837616324256402,-0.002783015446337883,0.0021879545513916535
6252.0,0.11405870829694321,0.018718699785145298,-0.002920843911028523,0.002104987520590719
6264.0,0.11537329926025211,0.01906823380279066,-0.00305823807381065,0.002022010916614997
6276.0,0.116693777067132,0.0194248543779837,-0.0031951387376981666,0.0019390430412812784
6288.0,0.11802002489980211,0.0197886496470753,-0.0033314864518683915,0.0018561023870648369
6300.0,0.1193519235491344,0.02015970673341709,-0.0034672215372111154,0.0017732076344098777
6312.0,0.1206893514148323,0.020538111680196085,-0.003602284112019863,0.0016903776489289798
6324.0,0.12203218450621087,0.02092394938303505,-0.0037366141177887224,0.0016076314785034435
6336.0,0.12338029644358957,0.021317303522428176,-0.00387015134511616,0.0015249883502741687
6348.0,0.12473355846031675,0.02171825649606737,-0.004002835459691122,0.0014424676675288822
6360.0,0.12609183940544105,0.022126889351142653,-0.004134606028344402,0.0013600890064863341
6372.0,0.12745500574704463,0.022543281716671474,-0.004265402545158628,0.0012778721129716314
6384.0,0.12882292157626485,0.02296751173593341,-0.004395164457604066,0.001195836898988549
6396.0,0.13019544861201443,0.023399655999077375,-0.004523831192703977,0.0011140034391876955
6408.0,0.13157244620643038,0.023839789475971835,-0.004651342183193623,0.001032391967229103
6420.0,0.13295377135106512,0.024287985449366657,-0.004777636893670369,0.0009510228720402691
6432.0,0.13433927868384832,0.024744315448441093,-0.004902654846710965,0.0008699166939714412
6444.0,0.1357288204968411,0.025208849182802473,-0.005026335648940776,0.0007890941208483007
6456.0,0.1371222467448055,0.025681654477011873,-0.005148619017036921,0.0007085759839189076
6468.0,0.13851940505461954,0.026162797205703078,-0.005269444803654044,0.0006283832537012854
6480.0,0.1399201407355601,0.02665234122936408,-0.005388753023241974,0.0005485370357289285
6492.0,0.14132429679048006,0.027150348330853766,-0.005506483877757054,0.0004690585661946342
6504.0,0.14273171392791506,0.027656878152720273,-0.005622577782229972,0.00038996920749693326
6516.0,0.1441422305751397,0.028171988135387665,-0.005736975390188734,0.00031129044368356784
6528.0,0.1455556828922105,0.028695733456278037,-0.0058496176189057475,0.00023304387580076052
6540.0,0.1469719047870241,0.029228166969941054,-0.005960445674465638,0.00015525121714361767
6552.0,0.148390727931416,0.029769339149240903,-0.0060694010766188175,7.793428841175454e-5
6564.0,0.14981198177834282,0.0303192980276846,-0.00617642568341905,1.1150127693440592e-6
6576.0,0.15123549358017335,0.03087808914293071,-0.00628146171561797,-7.518458918617799e-5
6588.0,0.15266108840811854,0.03144575548156221,-0.006384451780797558,-0.00015094240455236496
6600.0,0.15408858917284568,0.032022337425157074,-0.006485338897229631,-0.00022613623333268829
6612.0,0.1555178166462942,0.03260787269773893,-0.006584066517438945,-0.0003007437937441737
6624.0,0.15694858948474413,0.03320239631464107,-0.00668057855144711,-0.00037474272760806143
6636.0,0.1583807242531564,0.03380594053285111,-0.006774819389695846,-0.0004481106058270984
6648.0,0.1598140354508317,0.034418534802878854,-0.006866733925608298,-0.0005208249339489213
6660.0,0.1612483355384103,0.03504020572219883,-0.006956267577789228,-0.0005928631578098684
6672.0,0.1626834349662606,0.03567097699031597,-0.007043366311835615,-0.0006642026692606981
6684.0,0.16411914220427726,0.03631086936549105,-0.007127976661742946,-0.0007348208119687047
6696.0,0.1655552637731325,0.03695990062317529,-0.007210045750890015,-0.0008046948873017268
6708.0,0.16699160427700593,0.03761808551618527,-0.0072895213125789005,-0.0008738021602812882
6720.0,0.16842796643783606,0.03828543573666161,-0.007366351710119692,-0.0009421198656106092
6732.0,0.16986415113110942,0.03896195987983524,-0.007440485956434276,-0.00100962521377497
6744.0,0.1712999574232405,0.039647663409640814,-0.0075118737331681465,-0.0010762953972083822
6756.0,0.17273518261055065,0.040342548626196226,-0.007580465409288341,-0.0011421075965250202
6768.0,0.1741696222598907,0.0410466146351813,-0.0076462120591498026,-0.0012070389868189882
6780.0,0.1756030702509293,0.041759857319127416,-0.0077090654800154035,-0.00127106674401916
6792.0,0.17703531882013623,0.042482269310646366,-0.007768978209009812,-0.0013341680513090995
6804.0,0.17846615860648163,0.043213839967604355,-0.007825903539494118,-0.00139632010559948
6816.0,0.1798953786988824,0.04395455535026115,-0.007879795536838041,-0.0014575001240534624
6828.0,0.18132276668541233,0.044704398200379566,-0.007930609053578279,-0.0015176853506680618
6840.0,0.18274810870429856,0.04546334792231321,-0.007978299743947988,-0.0015768530628993624
6852.0,0.18417118949672195,0.0462313805660722,-0.008022824077754273,-0.001634980578334555
6864.0,0.18559179246144017,0.047008468812373354,-0.00806413935359835,-0.0016920452614079123
6876.0,0.18700969971124284,0.047794581959664295,-0.00810220371141198,-0.0017480245301587094
6888.0,0.18842469213125623,0.048589685913120684,-0.008136976144305225,-0.0018028958630196962
6900.0,0.18983654943910272,0.04939374317560708,-0.008168416509704367,-0.001856636805649299
6912.0,0.19124505024692284,0.05020671284058443,-0.008196485539772036,-0.0019092249777866652
6924.0,0.19264997212526322,0.051028550586957794,-0.008221144851088151,-0.001960638080139951
6936.0,0.19405109166883253,0.051859208675837085,-0.008242356953585751,-0.0020108539012995003
6948.0,0.1954481845641236,0.052698635949196965,-0.008260085258726756,-0.0020598503246712987
6960.0,0.19684102565889267,0.05354677783041292,-0.008274294086904228,-0.0021076053354306887
6972.0,0.19822938903349402,0.05440357632663845,-0.008284948674062327,-0.0021540970274908366
6984.0,0.19961304807404942,0.0552689700330083,-0.00829201517752233,-0.0021993036104871744
6996.0,0.2009917755474473,0.05614289413862679,-0.008295460680999331,-0.0022432034167657253
7008.0,0.20236534367814324,0.057025280434307664,-0.008295253198812982,-0.002285774908382554
7020.0,0.20373352422674504,0.057916057322039645,-0.008291361679268923,-0.002326996684101322
7032.0,0.2050960885703543,0.05881514982612746,-0.008283756007210957,-0.0023668474863958386
7044.0,0.20645280778463365,0.05972247960597503,-0.008272407005734637,-0.0024053062084406773
7056.0,0.20780345272756787,0.06063796497046984,-0.008257286437056456,-0.0024423519011029377
7068.0,0.20914779412487966,0.06156152089392019,-0.008238367002530729,-0.002477963779916964
7080.0,0.21048560265705515,0.06249305903350119,-0.008215622341810024,-0.0025121212320440567
7092.0,0.21181664904794037,0.06343248774816695,-0.008189027031144408,-0.0025448038232207468
7104.0,0.21314070415485087,0.06437971211897348,-0.008158556580817884,-0.002575991304677179
7116.0,0.2144575390601448,0.06533463397076664,-0.008124187431716466,-0.0026056636200341224
7128.0,0.21576692516420118,0.06629715189518266,-0.008085896951027002,-0.0026338009121732314
7140.0,0.2170686342797362,0.06726716127491139,-0.00804366342706761,-0.0026603835300698514
7152.0,0.21836243872740077,0.06824455430916354,-0.007997466063244946,-0.0026853920355949315
7164.0,0.2196481114325758,0.06922922004029523,-0.007947284971148105,-0.0027088072102707667
7176.0,0.22092542602329746,0.0702210443815319,-0.007893101162767306,-0.002730610061988846
7188.0,0.2221941569292428,0.07121991014573426,-0.00783489654185545,-0.002750781831679469
7200.0,0.2234540794816681,0.07222569707515672,-0.007772653894422832,-0.002769303999924297
7212.0,0.22470497001424114,0.0732382818721396,-0.007706356878377306,-0.002786158293524861
7224.0,0.2259466059646561,0.07425753823067924,-0.007635990012315123,-0.002801326692000748
7236.0,0.22717876597695025,0.07528333686882244,-0.007561538663464054,-0.002814791434033674
7248.0,0.22840123000441465,0.0763155455618299,-0.007482989034792567,-0.0028265350238432727
7260.0,0.22961377941300326,0.07735402917605544,-0.007400328151286585,-0.0028365402374887563
7272.0,0.2308161970851346,0.07839864970348259,-0.007313543845410761,-0.0028447901291032904
7284.0,0.232008267523773,0.07944926629687296,-0.007222624741760261,-0.002851268037044441
7296.0,0.23318977695668672,0.08050573530546537,-0.007127560240911955,-0.0028559575899689757
7308.0,0.23436051344075703,0.08156791031118349,-0.007028340502495033,-0.002858842712814502
7320.0,0.23552026696623393,0.08263564216529404,-0.006924956427486702,-0.002859907632701386
7332.0,0.2366688295608043,0.08370877902546944,-0.006817399639753474,-0.0028591368847337567
7344.0,0.23780599539336342,0.08478716639321415,-0.006705662466845931,-0.002856515317704582
7356.0,0.2389315608773544,0.08587064715159337,-0.006589737920072149,-0.002852028099703835
7368.0,0.24004532477355636,0.08695906160323914,-0.006469619673859894,-0.002845660723620018
7380.0,0.24114708829218548,0.08805224750857399,-0.006345302044430255,-0.0028373990125295026
7392.0,0.24223665519418647,0.08915004012422381,-0.006216779967795544,-0.0028272291249774525
7404.0,0.24331383189157482,0.09025227224157531,-0.006084048977111435,-0.0028151375601436976
7416.0,0.24437842754670397,0.09135877422544277,-0.00594710517939398,-0.0028011111628824456
7428.0,0.24543025417031927,0.09246937405281289,-0.005805945231627779,-0.0027851371286438387
7440.0,0.24646912671826116,0.09358389735163145,-0.005660566316290423,-0.002767203008264711
7452.0,0.24749486318669492,0.09470216743960355,-0.005510966116311161,-0.0027472967126297085
7464.0,0.24850728470571634,0.09582400536298592,-0.005357142789491995,-0.0027254065171945854
7476.0,0.24950621563121253,0.09694922993533717,-0.005199094942413461,-0.0027015210663723643
7488.0,0.250491483634831,0.09807765777621288,-0.005036821603853867,-0.0026756293777772527
7500.0,0.2514629197919359,0.09920910334978185,-0.004870322197744671,-0.0026477208463207974
7512.0,0.2524203586674104,0.10034337900334955,-0.004699596515695882,-0.0026177852481562777
7524.0,0.25336363839917325,0.10148029500577616,-0.004524644689107869,-0.002585812744473677
7536.0,0.2542926007792906,0.10261965958577238,-0.0043454671609119075,-0.00255179388513508
7548.0,0.25520709133254144,0.10376127897007512,-0.004162064656957912,-0.002515719612146486
7560.0,0.2561069593923213,0.1049049574214932,-0.003974438157086341,-0.0024775812629703187
7572.0,0.25699205817375814,0.10605049727681984,-0.0037825888659070023,-0.0024373705736667195
7584.0,0.2578622448439183,0.10719769898461665,-0.0035865181833251436,-0.002395079681864219
7596.0,0.25871738058898897,0.10834636114287402,-0.003386227674839433,-0.002350701129555245
7608.0,0.25955733067832254,0.10949628053655436,-0.0031817190416445137,-0.0023042278657154774
7620.0,0.2603819645252322,0.11064725217502615,-0.0029729940905728405,-0.0022556532487403858
7632.0,0.2611911557444313,0.11179906932940722,-0.0027600547039076245,-0.0022049710486969007
7644.0,0.26198478220601856,0.11295152356983582,-0.002542902809100356,-0.0021521754493882134
7656.0,0.26276272608591145,0.11410440480267707,-0.0023215403484224545,-0.0020972610502293237
7668.0,0.26352487391263024,0.1152575013077043,-0.002095969248593295,-0.0020402228679261974
7680.0,0.2642711166103505,0.11641059977527236,-0.0018661913904093816,-0.0019810563379586074
7692.0,0.26500134953814103,0.11756348534350887,-0.0016322085784154158,-0.0019197573158668407
7704.0,0.26571547252531147,0.11871594163556433,-0.0013940225106477827,-0.001856322078331786
7716.0,0.2664133899027907,0.11986775079694878,-0.0011516347484876177,-0.0017907473240515587
7728.0,0.2670950105304869,0.12101869353299473,-0.000905046686659132,-0.0017230301744127416
7740.0,0.2677602478205541,0.12216854914649129,-0.0006542595234018331,-0.0016531681739473392
7752.0,0.268409019756523,0.12331709557552045,-0.0003992742308591632,-0.0015811592905809468
7764.0,0.26904124890824577,0.12446410943156115,-0.00014009152571495265,-0.0015070019156635459
7776.0,0.26965686244262166,0.12560936603788853,0.00012328815988783132,-0.0014306948637845054
7788.0,0.2702557921300636,0.12675263946833487,0.0003908647071119639,-0.0013522373723670877
7800.0,0.27083797434668133,0.12789370258645733,0.0006626383388361953,-0.0012716291010430383
7812.0,0.27140335007217475,0.12903232708517554,0.0009386096476793476,-0.0011888701308024885
7824.0,0.2719518648834103,0.13016828352692508,0.0012187796236031306,-0.0011039609629181005
7836.0,0.2724834689436869,0.13130134138440436,0.0015031496810606823,-0.001016902517646523
7848.0,0.27299811698769905,0.1324312690819604,0.0017917216856542864,-0.0009276961326962485
7860.0,0.2734957683021969,0.13355783403768837,0.0020844979802667196,-0.0008363435614682155
7872.0,0.27397638670237157,0.1346808027063071,0.002381481410645786,-0.0007428469710642829
7884.0,0.274439940503996,0.13579994062287765,0.0026826753503847584,-0.0006472089400658756
7896.0,0.27488640249134333,0.1369150124474363,0.0029880837252948336,-0.0005494324560732788
7908.0,0.27531574988093815,0.13802578201061017,0.0032977110371125787,-0.0004495209130184197
7920.0,0.27572796428118396,0.1391320123602905,0.0036115623865271354,-0.00034747810823280295
7932.0,0.2761230316479244,0.1402334658094312,0.003929643495484678,-0.00024330823928851025
7944.0,0.27650094223600896,0.1413299039850492,0.00425196072874693,-0.00013701590059823215
7956.0,0.2768616905469278,0.14242108787850644,0.004578521114672253,-2.86060797753257e-5
7968.0,0.2772052752726017,0.1435067778971377,0.004909332365181672,8.191584623669368e-5
7980.0,0.2775316992354143,0.14458673391730748,0.0052444028948921695,0.0001945441152781599
7992.0,0.2778409693245784,0.14566071533896985,0.0055837418393787225,0.000309272584319599
8004.0,0.2781330964289384,0.1467284811418058,0.005927359072544852,0.00042609473405084974
8016.0,0.2784080953663226,0.14778978994301423,0.00627526522306783,0.0005450036737026237
8028.0,0.27866598480955335,0.14884440005683192,0.00662747168989538,0.0006659921461062493
8040.0,0.2789067872092418,0.14989206955585488,0.00698399065676493,0.0007890525329898382
8052.0,0.27913052871349264,0.15093255633423786,0.007344835105727074,0.0009141768605086184
8064.0,0.27933723908465513,0.1519656181728421,0.0077100188296359215,0.001041356805010496
8076.0,0.27952695161326296,0.152991012806403,0.00807955644359721,0.0011705836990347981
8088.0,0.2796997030293018,0.15400849799278532,0.00845346339534072,0.001301848537540902
8100.0,0.27985553341096037,0.15501783158440147,0.008831755974495377,0.0014351419843700655
8112.0,0.2799944860910236,0.15601877160184596,0.009214451320750813,0.0015704543789351808
8124.0,0.28011660756106527,0.1570110763098211,0.009601567430884188,0.0017077757431387466
8136.0,0.28022194737360473,0.15799450429541034,0.00999312316462208,0.0018470957885143996
8148.0,0.2803105580424021,0.1589688145487545,0.010389138249336537,0.001988403923593514
8160.0,0.28038249494106154,0.15993376654619168,0.010789633283535667,0.0021316892614935135
8172.0,0.28043781620012465,0.16088912033590846,0.011194629739153923,0.0022769406277242943
8184.0,0.2804765826028265,0.1618346366261539,0.011604149962605649,0.0024241465682121807
8196.0,0.2804988574797085,0.16277007687605227,0.012018217174599277,0.0025732953575367395
8208.0,0.2805047066022607,0.16369520338907045,0.012436855468692748,0.0027243750073804515
8220.0,0.2804941980757967,0.16460977940915505,0.012860089808578577,0.0028773732751853007
8232.0,0.28046740223173605,0.1655135692195877,0.01328794602408137,0.0030322776730158305
8244.0,0.28042439151949505,0.16640633824457396,0.01372045080586301,0.0031890754766240315
8256.0,0.2803652403981758,0.16728785315358902,0.014157631698817279,0.0033477537347123346
8268.0,0.2802900252282414,0.16815788196849338,0.014599517094152012,0.0035082992783932038
8280.0,0.2801988241633775,0.16901619417343178,0.015046136220138034,0.003670698730840298
8292.0,0.28009171704272573,0.1698625608275096,0.015497519131535048,0.003834938517126664
8304.0,0.27996878528368846,0.17069675468024983,0.015953696697667018,0.00400100487424699
8316.0,0.2798301117754869,0.17151855028981652,0.016414700589156984,0.0041688838613227405
8328.0,0.2796757807736707,0.1723277241439843,0.016880563263308293,0.00433856136997781
8340.0,0.27950587779576197,0.17312405478383291,0.017351317948130017,0.004510023134892564
8352.0,0.27932048951821975,0.173907322930129,0.017826998625004926,0.004683254744519368
8364.0,0.27911970367491207,0.17467731161235958,0.01830764000999742,0.004858241651964641
8376.0,0.27890360895726796,0.1754338063003567,0.018793277533799013,0.005034969186026701
8388.0,0.27867229491629775,0.1761765950384709,0.019283947320312404,0.00521342256238972
8400.0,0.27842585186664137,0.17690546858221137,0.01977968616387689,0.005393586894960722
8412.0,0.2781643707928268,0.17762022053728566,0.02028053150513597,0.005575447207359356
8424.0,0.27788794325789323,0.17832064750095492,0.02078652140554823,0.005758988444537101
8436.0,0.2775966613145472,0.1790065492056059,0.021297694520549377,0.005944195484534134
8448.0,0.2772906174189983,0.17967772866443368,0.021814090071367778,0.006131053150364531
8460.0,0.27696990434763213,0.18033399231913178,0.022335747815504105,0.00631954622202241
8472.0,0.2766346151166553,0.1809751501894554,0.022862708015875945,0.00650965944860777
8484.0,0.27628484290486577,0.1816010160245291,0.023395011408638432,0.0067013775605617165
8496.0,0.27592068097965483,0.18221140745575645,0.023932699169695884,0.006894685282010142
8508.0,0.275542222626389,0.1828061461511726,0.024475812879907684,0.0070895673432041575
8520.0,0.2751495610812793,0.1833850579710838,0.025024394489002,0.007286008493062143
8532.0,0.27474278946784614,0.18394797312480748,0.025578486278209807,0.007483993511791673
8544.0,0.27432200073708657,0.18449472632834074,0.026138130821637233,0.0076835072236036625
8556.0,0.27388728761143744,0.18502515696275526,0.026703370946386643,0.007884534509495889
8568.0,0.2734387425326267,0.18553910923311254,0.02727424969144026,0.008087060320114782
8580.0,0.27297645761348016,0.1860364323276865,0.027850810265330223,0.00829106968867499
8592.0,0.2725005245937663,0.18651698057727004,0.028433096002609806,0.008496547743944108
8604.0,0.27201103480013833,0.18698061361431995,0.02902115031914254,0.00870347972327596
8616.0,0.27150807911022,0.18742719653171627,0.029615016666232116,0.008911850985693387
8628.0,0.27099174792089253,0.18785660004085397,0.030214738483617772,0.009121647025010698
8640.0,0.2704621311208035,0.1882687006288271,0.03082035915135093,0.00933285348298784
8652.0,0.26991931806714087,0.18866338071442312,0.03143192194058145,0.009545456162516237
8664.0,0.2693633975666734,0.1890405288026445,0.03204946996327997,0.009759441040824227
8676.0,0.26879445786107625,0.18940003963747762,0.03267304612091515,0.009974794282696452
8688.0,0.26821258661654235,0.18974181435260484,0.03330269305212429,0.010191502253704549
8700.0,0.26761787091765765,0.1900657606197614,0.03393845307939255,0.010409551533437665
8712.0,0.26701039726553394,0.1903717927944267,0.03458036815478367,0.01062892892873235
8724.0,0.2663902515801629,0.1906598320585367,0.035228479804742016,0.010849621486886223
8736.0,0.26575751920695523,0.1909298065598921,0.03588282907400572,0.011071616508862236
8748.0,0.2651122849274168,0.19118165154794248,0.036543456468658385,0.011294901562463378
8760.0,0.26445463297390875,0.191415309505617,0.03721040189836103,0.01151946449547881
8772.0,0.26378464704841853,0.19163073027686953,0.037883704617789796,0.011745293448797364
8784.0,0.26310241034527904,0.1918278711896024,0.03856340316732643,0.011972376869472535
8796.0,0.2624080055777417,0.19200669717363925,0.039249535313035315,0.01220070352374264
8808.0,0.2617015150083135,0.19216718087340684,0.039942137985963806,0.012430262509993198
8820.0,0.26098302048276734,0.1923093027549965,0.040641247220813914,0.012661043271657652
8832.0,0.2602526034677033,0.19243305120726562,0.041346898094016545,0.012893035610047662
8844.0,0.2595103450915508,0.19253842263665583,0.04205912466126692,0.01312622969711176
8856.0,0.258756326188891,0.19262542155539636,0.042777959894546635,0.013360616088106535
8868.0,0.25799062734795764,0.1926940606627745,0.04350343561869828,0.013596185734186313
8880.0,0.25721332896118343,0.19274436091915453,0.04423558244758215,0.013832929994892162
8892.0,0.2564245112786451,0.19277635161243803,0.04497442971987698,0.014070840650543655
8904.0,0.25562425446425296,0.19279007041666424,0.045720005434563865,0.01430990991451897
8916.0,0.25481263865452086,0.19278556344245762,0.046472336186154366,0.014550130445425559
8928.0,0.25398974401976,0.1927628852790433,0.04723144709970671,0.014791495359145361
8940.0,0.2531556508275167,0.19272209902756512,0.04799736176568763,0.01503399824075504
8952.0,0.2523104395080834,0.19266327632543634,0.04877010217473762,0.015277633156312385
8964.0,0.2514541907218978,0.19258649736149724,0.049549688652388,0.015522394664500672
8976.0,0.25058698542864516,0.1924918508817416,0.05033613979379716,0.01576827782812868
8988.0,0.24970890495787712,0.19237943418539874,0.051129472398553734,0.016015278225473557
9000.0,0.2488200310809442,0.19224935311118932,0.05192970140562087,0.016263391961469226
9012.0,0.24792044608406277,0.19210172201356152,0.05273683982846844,0.016512615678719762
9024.0,0.2470102328422983,0.19193666372876766,0.05355089869046222,0.01676294656834766
9036.0,0.24608947489427294,0.19175430953063524,0.05437188696058007,0.017014382380658208
9048.0,0.2451582565173991,0.19155479907591844,0.055199811489508074,0.017266921435617318
9060.0,0.24421666280342583,0.19133828033914055,0.056034676946192394,0.0175205626331352
9072.0,0.24326477973409857,0.19110490953685622,0.05687648575490788,0.017775305463154076
9084.0,0.2423026942567286,0.1908548510412873,0.05772523803291517,0.01803115001552357
9096.0,0.24133049435946624,0.19058827728331007,0.058580931528777455,0.018288096989665905
9108.0,0.24034826914607593,0.19030536864479544,0.059443561561402056,0.018546147704020306
9120.0,0.23935610891001197,0.19000631334033832,0.06031312095988294,0.018805304105259532
9132.0,0.23835410520759495,0.1896913072884216,0.061189600004215125,0.019065568777269483
9144.0,0.23734235093009473,0.1893605539721025,0.062072986366953915,0.019326944949893118
9156.0,0.23632094037452697,0.18901426428932513,0.06296326505589275,0.01958943650742066
9168.0,0.2352899693129715,0.18865265639299902,0.06386041835783648,0.019853047996826554
9180.0,0.23424953506022964,0.18827595552099696,0.06476442578354515,0.020117784635740318
9192.0,0.23319973653963963,0.1878843938162664,0.06567526401392061,0.020383652320153767
9204.0,0.23214067434688465,0.18747821013727078,0.06659290684752076,0.02065065763184447
9216.0,0.23107245081160727,0.1870576498589944,0.06751732514947092,0.020918807845514392
9228.0,0.2299951700566871,0.1866229646647799,0.0684484868018547,0.02118811093564007
9240.0,0.2289089380550214,0.1861744123293007,0.06938635665565965,0.021458575583018096
9252.0,0.2278138626836522,0.18571225649296957,0.07033089648435993,0.021730211181004946
9264.0,0.2267100537751219,0.18523676642813908,0.07128206493920705,0.022003027841437758
9276.0,0.2255976231659046,0.1847482167974507,0.07223981750631739,0.022277036400235473
9288.0,0.22447668474181526,0.1842468874047249,0.07320410646562453,0.02255224842266325
9300.0,0.22334735448026521,0.18373306293879896,0.07417488085177748,0.0228286762082584
9312.0,0.222209750489274,0.18320703271074693,0.07515208641707266,0.023106332795406883
9324.0,0.22106399304315114,0.18266909038492482,0.0761356655964767,0.023385231965564728
9336.0,0.21991020461475438,0.1821195337043135,0.0771255574748344,0.02366538824710852
9348.0,0.21874850990426564,0.18155866421064734,0.07812169775633042,0.023946816918813257
9360.0,0.21757903586442756,0.18098678695981513,0.07912401873628024,0.024229534012951547
9372.0,0.21640191172218887,0.18040421023306807,0.08013244927532406,0.024513556317988246
9384.0,0.21521726899673282,0.17981124524454342,0.0811469147760959,0.0247989013808864
9396.0,0.2140252415138593,0.17920820584565111,0.08216733716244384,0.025085587508991248
9408.0,0.21282596541672072,0.1785954082268696,0.08319363486126694,0.02537363377149645
9420.0,0.21161957917290397,0.17797317061750184,0.08422572278703438,0.025663060000484537
9432.0,0.21040622357789157,0.1773418129839604,0.08526351232906343,0.025953886791516553
9444.0,0.2091860417549121,0.17670165672714036,0.08630691134161084,0.02624613550378221
9456.0,0.20795917915123227,0.17605302437944792,0.08735582413684537,0.026539828259780827
9468.0,0.2067257835309494,0.17539623930206377,0.0884101514807615,0.026834987944533994
9480.0,0.20548600496433883,0.17473162538299622,0.08946979059208648,0.027131638204319977
9492.0,0.20423999581384453,0.1740595067365034,0.09053463514424806,0.02742980344491009
9504.0,0.2029879107168026,0.17338020740443633,0.09160457527043839,0.02772950882930659
9516.0,0.20172990656499884,0.1726940510600678,0.0926794975718411,0.02803078027496213
9528.0,0.20046614248117836,0.1720013607149516,0.09375928512905136,0.02833364445048274
9540.0,0.19919677979263212,0.1713024584293571,0.09484381751674353,0.02863812877178296
9552.0,0.1979219820019937,0.1705976650268048,0.09593297082162024,0.028944261397702755
9564.0,0.19664191475540188,0.16988729981322798,0.09702661766368156,0.029252071225060367
9576.0,0.1953567458081748,0.16917168030125865,0.09812462722084131,0.029561587883137935
9588.0,0.19406664498817067,0.16845112194014175,0.09922686525692112,0.029872841727580403
9600.0,0.19277178415700114,0.1677259378517363,0.10033319415304959,0.0301858638337046
9612.0,0.19147233716928388,0.16699643857308,0.10144347294247968,0.03050068598919765
9624.0,0.19016847983011975,0.1662629318059499,0.10255755734884045,0.030817340686203117
9636.0,0.1888603898509848,0.16552572217384204,0.10367529982783873,0.031135861112770107
9648.0,0.18754824680424423,0.16478511098677662,0.10479654961240706,0.031456281143664035
9660.0,0.18623223207647435,0.16404139601430673,0.10592115276130992,0.031778635330522595
9672.0,0.1849125288208156,0.16329487126710016,0.10704895221119232,0.0321029588913426
9684.0,0.18358932190854535,0.16254582678742518,0.10817978783207101,0.032429287699289225
9696.0,0.18226279788008476,0.1617945484488632,0.10931349648624622,0.03275765827081462
9708.0,0.18093314489564513,0.16104131776554248,0.11044991209062241,0.03308810775306978
9720.0,0.179600552685709,0.16028641171116104,0.11158886568240278,0.03342067391060338
9732.0,0.17826521250155475,0.15953010254805494,0.11273018548813514,0.03375539511133224
9744.0,0.17692731706600368,0.15877265766652232,0.11387369699607117,0.03409231031176942
9756.0,0.17558706052460088,0.15801433943462734,0.11501922303179128,0.03443145904150319
9768.0,0.17424463839737822,0.1572554050586322,0.11616658383706169,0.034772881386909954
9780.0,0.17290024753140165,0.15649610645423945,0.11731559715184983,0.03511661797409317
9792.0,0.17155408605423816,0.15573669012875468,0.11846607829946679,0.035462709951033705
9804.0,0.17020635332851114,0.15497739707428587,0.1196178402747451,0.03581119896894363
9816.0,0.16885724990766343,0.15421846267206768,0.12077069383520063,0.03616212716280981
9828.0,0.1675069774930626,0.15346011660795777,0.12192444759510246,0.03651553713111648
9840.0,0.16615573889254748,0.15270258279916324,0.1230789081223565,0.03687147191474039
9852.0,0.1648037379805067,0.1519460793321949,0.12423388003813315,0.03722997497500229
9864.0,0.16345117965956538,0.15119081841206924,0.1253891661191402,0.03759109017087013
9876.0,0.16209826982392636,0.15043700632270546,0.12654456740244246,0.037954861735301465
9888.0,0.1607452153244071,0.1496848433984988,0.1276998832927309,0.03832133425072082
9900.0,0.15939222393518082,0.1489345240069872,0.12885491167193183,0.03869055262361557
9912.0,0.15803950432221622,0.14818623654253682,0.1300094490110455,0.0390625620582511
9924.0,0.15668726601338473,0.14744016343093586,0.1311632904841007,0.0394374080294938
9936.0,0.15533571937018895,0.146696481144789,0.1323162300840982,0.03981513625473586
9948.0,0.15398507556103175,0.1459553602295564,0.1334680607408231,0.040195792664915936
9960.0,0.15263554653593792,0.14521696534010026,0.13461857444039627,0.04057942337463121
9972.0,0.15128734500260466,0.14448145528755363,0.1357675623464295,0.04096607465133439
9984.0,0.14994068440364114,0.1437489830963321,0.13691481492264834,0.041355792883618445
9996.0,0.14859577889483844,0.14301969607108767,0.1380601220568462,0.04174862454857365
10008.0,0.14725284332428457,0.14229373587338084,0.13920327318601727,0.042144616178232744
10020.0,0.14591209321211956,0.14157123860785203,0.1403440574225312,0.042543814325083674
10032.0,0.14457374473071216,0.14085233491763077,0.14148226368119238,0.04294626552666919
10044.0,0.14323801468500763,0.14013715008875385,0.142617680807043,0.04335201626925928
10056.0,0.1419051204927999,0.1394258041632933,0.1437500977037374,0.04376111295060933
10068.0,0.14057528016464382,0.13871841206093233,0.14487930346235495,0.044173601841799186
10080.0,0.13924871228312213,0.13801508370869275,0.14600508749047275,0.0445895290481651
10092.0,0.13792563598116886,0.13731592417850624,0.14712723964135996,0.04500894046932577
10104.0,0.1366062709191333,0.13662103383232144,0.14824555034311396,0.04543188175831503
10116.0,0.1352908372602687,0.13593050847441615,0.14935981072759535,0.045858398279819246
10128.0,0.1339795556443168,0.1352444395105813,0.1504698127589909,0.04628853506754531
10140.0,0.13267264715886135,0.13456291411383875,0.15157534936184855,0.04672233678071754
10152.0,0.1313703333081187,0.13388601539632855,0.15267621454842364,0.04715984765972209
10164.0,0.1300728359788303,0.13321382258700987,0.15377220354517918,0.047601111480914816
10176.0,0.1287803774029407,0.13254641121480326,0.1548631129182739,0.04804617151060838
10188.0,0.12749318011673094,0.13188385329678776,0.15594874069789078,0.04849507045825267
10200.0,0.12621146691610044,0.1312262175310731,0.15702888650124713,0.048947850428835246
10212.0,0.12493546080769437,0.13057356949394286,0.1581033516541271,0.04940455287451863
10224.0,0.12366538495559129,0.12992597184086313,0.15917193931079493,0.049865218545541067
10236.0,0.12240146262328162,0.12928348451095245,0.16023445457212887,0.050329887440402024
10248.0,0.121143917110685,0.12864616493447958,0.16129070460183953,0.05079859875536733
10260.0,0.11989297168597139,0.1280140682429763,0.1623404987406225,0.05127139083331272
10272.0,0.11864884951198901,0.12738724748151892,0.16338364861810845,0.05174830111194932
10284.0,0.11741177356711048,0.12676575382274446,0.16441996826247093,0.05222936607145146
10296.0,0.1161819665603465,0.12614963678215244,0.16544927420756456,0.05271462118153745
10308.0,0.1149596508406065,0.1255389444342421,0.16647138559745672,0.05320410084802519
10320.0,0.11374504830000434,0.1249337236290172,0.1674861242882372,0.05369783835891577
10332.0,0.11253838027116478,0.1243340202084126,0.16849331494697523,0.05419586583003597
10344.0,0.1113398674184889,0.12373987922215172,0.16949278514771804,0.054698214150292614
10356.0,0.11014972962340117,0.12315134514258397,0.17048436546441348,0.05520491292658226
10368.0,0.10896818586360865,0.12256846207801213,0.17146788956064846,0.05571599042839973
10380.0,0.10779545408647336,0.12199127398403756,0.17244319427611074,0.056231473532204826
10392.0,0.10663175107659335,0.12141982487243709,0.1734101197096704,0.05675138766559248
10404.0,0.10547729231776282,0.12085415901709784,0.17436850929898912,0.05727575675132961
10416.0,0.10433229184949802,0.1202943211565119,0.1753182098965772,0.057804603151304895
10428.0,0.10319696211835004,0.11974035669236655,0.1762590718422133,0.05833794761046429
10440.0,0.10207151382427654,0.1191923118837289,0.1771909490316561,0.05887580920078308
10452.0,0.10095615576235747,0.1186502340363543,0.17811369898157062,0.059418205265345095
10464.0,0.09985109466019407,0.1181141716866438,0.17902718289061645,0.05996515136259143
10476.0,0.09875653501134272,0.1175841747797667,0.17993126569662685,0.06051666121081104
10488.0,0.09767267890518383,0.11706029484148538,0.18082581612983464,0.06107274663293788
10500.0,0.09659972585363145,0.11654258514322176,0.18171070676209508,0.06163341750173162
10512.0,0.09553787261514401,0.1160311008599075,0.18258581405205718,0.062198681685414814
10524.0,0.09448731301648894,0.1155258992201716,0.1834510183862588,0.06276854499384418
10536.0,0.09344823777276236,0.11502703964842853,0.18430620411609872,0.06334301112528629
10548.0,0.09242083430616047,0.11453458389844806,0.18515125959067366,0.06392208161389253
10560.0,0.09140528656403947,0.11404859617798661,0.185986077185446,0.06450575577793707
10572.0,0.09040177483679068,0.11356914326408758,0.18681055332673696,0.06509403066891736
10584.0,0.08941047557608242,0.11309629460866946,0.18762458851202185,0.06568690102158774
10596.0,0.08843156121402443,0.11263012243403475,0.1884280873260344,0.0662843592050222
10608.0,0.08746519998381454,0.1121707018179539,0.1892209584526664,0.0668863951747895
10620.0,0.08651155574242536,0.11171811076799877,0.19000311468266773,0.0674929964263297
10632.0,0.085570787795894,0.11127243028482622,0.1907744729171613,0.06810414794961753
10644.0,0.08464305072777104,0.11083374441411961,0.19153495416697341,0.06871983218521237
10656.0,0.08372849423127417,0.11040214028694349,0.19228448354779673,0.06934002898177381
10668.0,0.08282726294568543,0.10997770814827408,0.19302299027121397,0.06996471555514817
10680.0,0.0819394962975186,0.10956054137350105,0.19375040763159435,0.07059386644910345
10692.0,0.08106532834696863,0.109150736472733,0.1944666729888934,0.07122745349781734
10704.0,0.08020488764013146,0.1087483930827518,0.19517172774738697,0.07186544579020232
10716.0,0.07935829706747106,0.10835361394650762,0.1958655173303723,0.07250780963616649
10728.0,0.07852567372897765,0.10796650488007054,0.19654799115087365,0.07315450853489751
10740.0,0.07770712880645354,0.107587174726991,0.19721910257838637,0.0738055031452631
10752.0,0.07690276744331209,0.10721573530005016,0.1978788089017108,0.07446075125842033
10764.0,0.07611268863227351,0.10685230131042275,0.1985270712879166,0.0751202077727201
10776.0,0.07533698511129099,0.10649699028430284,0.199163854737481,0.07578382467099952
10788.0,0.07457574326802538,0.10614992246709368,0.19978912803566326,0.07645155100034731
10800.0,0.0738290430531413,0.10581122071527041,0.20040286370015423,0.0771233328544321
10812.0,0.07309695790267531,0.10548101037609636,0.20100503792506652,0.07779911335846666
10824.0,0.07237955466969007,0.10515941915538593,0.20159563052131868,0.07847883265690722
10836.0,0.07167689356539139,0.10484657697354707,0.2021746248534721,0.0791624279039531
10848.0,0.07098902810985178,0.10454261581018483,0.20274200777308174,0.07984983325693103
10860.0,0.07031600509245642,0.10424766953757153,0.20329776954863185,0.08054097987263653
10872.0,0.06965786454214432,0.10396187374332744,0.2038419037921063,0.08123579590670424
10884.0,0.06901463970748337,0.10368536554269553,0.2043744073822803,0.08193420651607668
10896.0,0.06838635704659604,0.10341828338082795,0.20489528038478172,0.08263613386463053
10908.0,0.06777303622690374,0.10316076682552014,0.20540452596901645,0.08334149713202896
10920.0,0.0671746901346367,0.10291295635089302,0.20590215032200596,0.08405021252585287
10932.0,0.06659132489401828,0.10267499311251388,0.20638816255923415,0.08476219329706007
10944.0,0.0660229398960083,0.10244701871450998,0.20686257463255983,0.08547734975882573
10956.0,0.06546952783645604,0.10222917496924246,0.2073254012352946,0.0861955893088041
10968.0,0.06493107476348262,0.10202160365012655,0.20777665970450082,0.08691681645485008
10980.0,0.0644075601339,0.10182444623822964,0.2082163699206219,0.08764093284423272
10992.0,0.06389895687842678,0.10163784366327519,0.20864455420450065,0.08836783729636755
11004.0,0.06340523147545976,0.10146193603972621,0.20906123721189301,0.08909742583908925
11016.0,0.06292634403312411,0.10129686239861653,0.2094664458255556,0.08982959174847943
11028.0,0.06246224837930381,0.10114276041582977,0.20986020904500266,0.09056422559226232
11040.0,0.062012892159351685,0.10099976613753148,0.21024255787402224,0.09130121527675879
11052.0,0.06157821694113597,0.10086801370347435,0.2106135252060549,0.09204044609741617
11064.0,0.06115815832709469,0.10074763506889187,0.210973145707526,0.09278180079287901
11076.0,0.060752646072924174,0.10063875972572696,0.21132145569923713,0.09352515960259883
11088.0,0.06036160421254876,0.10054151442391052,0.21165849303592713,0.09427040032795729
11100.0,0.059984951188978154,0.10045602289343103,0.21198429698410032,0.09501739839686162
11112.0,0.05962259999067974,0.10038240556792616,0.21229890809824128,0.09576602693178057
11124.0,0.05927445829306255,0.10032077931050565,0.21260236809553126,0.09651615682117559
11136.0,0.05894042860467787,0.10027125714253457,0.21289471972918006,0.09726765679426583
11148.0,0.05862040841773766,0.10023394797606855,0.21317600666050354,0.09802039349907281
11160.0,0.05831429036255181,0.10020895635062979,0.21344627332986796,0.09877423158366816
11172.0,0.05802196236546978,0.10019638217499871,0.21370556482662925,0.09952903378055655
11184.0,0.057743307809939914,0.10019632047466667,0.21395392675821664,0.10028466099410077
11196.0,0.05747820570028402,0.10020886114558439,0.2141914051184848,0.10104097239090183
11208.0,0.057226530827787975,0.10023408871480421,0.21441804615548848,0.10179782549303494
11220.0,0.05698815393873185,0.10027208210860311,0.2146338962388233,0.10255507627402963
11232.0,0.05676294190396573,0.10032291442862629,0.21483900172669596,0.10331257925748621
11244.0,0.05655075788966924,0.10038665273657718,0.21503340883287292,0.10407018761820375
11256.0,0.05635146152892315,0.10046335784794116,0.21521716349367934,0.10482775328568866
11268.0,0.05616490909373838,0.10055308413518436,0.2153903112352166,0.1055851270499168
11280.0,0.05599095366720294,0.1006558793408602,0.21555289704097386,0.10634215866919504
11292.0,0.05582944531540758,0.10077178440099027,0.21570496522001043,0.10709869697998801
11304.0,0.055680231258830724,0.10090083327906679,0.21584655927590315,0.10785459000854059
11316.0,0.055543156042879134,0.10104305281098111,0.21597772177664532,0.10860968508415003
11328.0,0.05541806170728064,0.10119846256113502,0.21609849422568994,0.10936382895391217
11340.0,0.05530478795405168,0.10136707468996231,0.21620891693435187,0.11011686789877154
11352.0,0.055203172313771705,0.1015488938330435,0.21630902889576362,0.11086864785070591
11364.0,0.05511305030990758,0.1017439169919527,0.21639886766060643,0.11161901451085446
11376.0,0.05503425562095205,0.10195213343693543,0.21647846921482797,0.11236781346841765
11388.0,0.05496662024014924,0.10217352462148419,0.216547867859578,0.11311489032012653
11400.0,0.05490997463259372,0.10240806410883073,0.21660709609357656,0.11386009079010069
11412.0,0.05486414788951405,0.10265571751033024,0.21665618449816332,0.11460326084990079
11424.0,0.05482896787955498,0.1029164424356917,0.2166951616252468,0.11534424683856687
11436.0,0.054804261396891846,0.10319018845495108,0.21672405388840232,0.11608289558246163
11448.0,0.05478985430602466,0.10347689707206832,0.21674288545736514,0.1168190545147109
11460.0,0.054785571683119774,0.10377650170997109,0.21675167815615518,0.11755257179403827
11472.0,0.05479123795376126,0.10408892770685851,0.21675045136508747,0.11828329642280219
11484.0,0.054806677027021626,0.10441409232353804,0.21673922192692055,0.11901107836403074
11496.0,0.054831712425730796,0.10475190476152288,0.21671800405739458,0.11973576865726147
11508.0,0.05486616741288165,0.10510226619162377,0.2166868092604018,0.12045721953298308
11520.0,0.05490986511408874,0.10546506979271333,0.21664564624806448,0.12117528452549357
11532.0,0.05496262863603665,0.10584020080032921,0.21659452086595107,0.12188981858397595
11544.0,0.055024281180886744,0.10622753656476763,0.21653343602369793,0.12260067818161391
11556.0,0.055094646156590384,0.10662694661828287,0.21646239163127817,0.1233077214225549
11568.0,0.05517354728309249,0.1070382927510178,0.21638138454117184,0.1240108081465498
11580.0,0.05526080869440603,0.10746142909524484,0.2162904084966806,0.12470980003109872
11592.0,0.05535625503655689,0.10789620221751345,0.21618945408662021,0.1254045606909241
11604.0,0.055459711561404765,0.1083424512182744,0.21607850870663764,0.12609495577463048
11616.0,0.05557100421634448,0.10880000783854854,0.2159575565273749,0.12678085305838316
11628.0,0.055689959729922967,0.10926869657320731,0.21582657846970207,0.12746212253647304
11640.0,0.055816405693394223,0.10974833479042247,0.21568555218723612,0.12813863650862428
11652.0,0.05595017063825237,0.11023873285685105,0.2155344520563523,0.12881026966392148
11664.0,0.0560910841097866,0.11073969426811364,0.2153732491738828,0.1294768991612455
11676.0,0.05623897673671054,0.11125101578414662,0.21520191136268385,0.1301384047060976
11688.0,0.05639368029692472,0.11177248756898722,0.2150204031852539,0.13079466862373534
11700.0,0.05655502777946883,0.11230389333459337,0.2148286859655534,0.13144557592851536
11712.0,0.056722853442742395,0.11284501048827553,0.21462671781918002,0.13209101438938753
11724.0,0.056896992869054495,0.11339561028336687,0.21441445369202847,0.13273087459146493
11736.0,0.0570772830155888,0.11395545797272917,0.21419184540754937,0.13336504999363186
11748.0,0.05726356226185958,0.11452431296475436,0.2139588417227123,0.13399343698214816
11760.0,0.057455670453743155,0.11510192898149549,0.2137153883927466,0.13461593492022572
11772.0,0.05765344894417437,0.1156880542186068,0.21346142824472966,0.13523244619356695
11784.0,0.05785674063059357,0.11628243150678191,0.21319690126006613,0.13584287625187316
11796.0,0.05806538998923719,0.11688479847439687,0.21292174466587557,0.13644713364633232
11808.0,0.058279243106370233,0.1174948877110883,0.21263589303529762,0.13704513006311858
11820.0,0.05849814770654373,0.11811242693201832,0.21233927839669275,0.13763678035294674
11832.0,0.05872195317798808,0.11873713914259812,0.21203183035169668,0.13822200255673606
11844.0,0.05895051059522846,0.11936874280346776,0.2117134762020629,0.1388007179274583
11856.0,0.05918367273902201,0.12000695199553987,0.2113841410852072,0.13937285094824603
11868.0,0.0594212941137217,0.12065147658495855,0.21104374811834112,0.139938329346858
11880.0,0.05966323096215271,0.12130202238782202,0.2106922185510568,0.1404970841066171
11892.0,0.059909341278110456,0.12195829133456017,0.21032947192620396,0.14104904947392713
11904.0,0.06015948481657107,0.12261998163385913,0.20995542624887004,0.14159416296251742
11916.0,0.06041352310171521,0.12328678793607223,0.20956999816325736,0.1421323653545431
11928.0,0.06067131943285526,0.12395840149604373,0.2091731031372172,0.14266360069870343
11940.0,0.060932738888369184,0.12463451033532023,0.20876465565418192,0.14318781630554112
11952.0,0.061197648327728595,0.1253147994037264,0.20834456941221177,0.1437049627400912
11964.0,0.061465916391715184,0.1259989507402996,0.20791275752984387,0.1442149938120709
11976.0,0.06173741350091811,0.1266866436336048,0.20746913275841458,0.14471786656378638
11988.0,0.062012011852602356,0.12737755478145169,0.20701360770049207,0.14521354125596808
12000.0,0.06228958541603203,0.12807135845005965,0.2065460950340507,0.1457019813517199
12012.0,0.0625700099263406,0.12876772663272712,0.2060665077419751,0.1461831534988065
12024.0,0.0628531628770281,0.12946632920806533,0.20557475934647973,0.146657027510476
12036.0,0.06313892351116918,0.13016683409787913,0.2050707641479963,0.14712357634503664
12048.0,0.06342717281141366,0.13086890742477195,0.20455443746807403,0.14758277608440692
12060.0,0.06371779348885631,0.13157221366956753,0.20402569589581093,0.1480346059118447
12072.0,0.0640106699708528,0.1322764158286442,0.2034844575373137,0.14847904808907694
12084.0,0.06430568838785723,0.1329811755712791,0.20293064226769367,0.14891608793304295
12096.0,0.06460273655935211,0.13368615339710122,0.2023641719850449,0.14934571379245257
12108.0,0.06490170397893967,0.1343910087937572,0.20178497086590363,0.14976791702437192
12120.0,0.06520248179866658,0.13509540039489412,0.20119296562160638,0.15018269197102901
12132.0,0.0655049628126405,0.13579898613854657,0.2005880857550125,0.15059003593702935
12144.0,0.06580904144001049,0.13650142342603347,0.199970263817015,0.15098994916717196
12156.0,0.0661146137073651,0.13720236928145157,0.1993394356622778,0.15138243482502156
12168.0,0.06642157723061065,0.13790148051184678,0.19869554070361464,0.1517674989724164
12180.0,0.06672983119638436,0.1385984138681402,0.19803852216444168,0.15214515055004102
12192.0,0.06703927634306286,0.1392928262068824,0.19736832732872622,0.15251540135921585
12204.0,0.06734981494140786,0.13998437465288605,0.19668490778785,0.15287826604500696
12216.0,0.06766135077491137,0.14067271676279033,0.19598821968382163,0.15323376208077139
12228.0,0.06797378911987799,0.14135751068959235,0.19527822394827243,0.15358190975421593
12240.0,0.06828703672530173,0.14203841534817074,0.1945548865366722,0.15392273215504318
12252.0,0.06860100179256726,0.14271509058180767,0.1938181786572154,0.15425625516422853
12264.0,0.06891559395503526,0.1433871973297176,0.19306807699384437,0.15458250744496288
12276.0,0.06923072425753576,0.14405439779555657,0.19230456392287543,0.15490152043526556
12288.0,0.06954630513581925,0.14471635561688695,0.19152762772272053,0.15521332834225426
12300.0,0.06986225039599636,0.1453727360355544,0.19073726277620742,0.15551796813804564
12312.0,0.07017847519400365,0.14602320606890995,0.18993346976502026,0.15581547955721597
12324.0,0.07049489601512833,0.14666743468181231,0.18911625585579578,0.15610590509575978
12336.0,0.070811430653621,0.14730509295931335,0.1882856348774504,0.15638929001143043
12348.0,0.07112799819242743,0.14793585427992795,0.18744162748930138,0.15666568232534817
12360.0,0.07144451898306851,0.14855939448936212,0.1865842613396071,0.1569351328247282
12372.0,0.0717609146256967,0.1491753920745764,0.18571357121414553,0.15719769506655235
12384.0,0.07207710794934329,0.1497835283380292,0.18482959917449385,0.1574534253820053
12396.0,0.07239302299239618,0.15038348757194359,0.18393239468568826,0.15770238288145094
12408.0,0.07270858498331642,0.150974957232427,0.18302201473297244,0.1579446294597297
12420.0,0.07302372032162226,0.1515576281132503,0.182098523927383,0.1581802298015066
12432.0,0.07333835655915269,0.15213119451910415,0.18116199459991864,0.15840925138641565
12444.0,0.07365242238164067,0.1526953544381076,0.18021250688411936,0.15863176449369504
12456.0,0.07396584759059413,0.15324980971337293,0.17925014878684153,0.15884784220601522
12468.0,0.07427856308552097,0.153794266213383,0.1782750162471258,0.15905756041217267
12480.0,0.07459050084649524,0.15432843400096066,0.17728721318300666,0.15926099780830888
12492.0,0.07490159391708827,0.15485202750058502,0.1762868515262046,0.15945823589731015
12504.0,0.07521177638767111,0.15536476566381036,0.1752740512446286,0.1596493589860193
12516.0,0.07552098337910343,0.1558663721325391,0.1742489403526788,0.15983445417989287
12528.0,0.07582915102681276,0.15635657539989414,0.17321165490933205,0.16001361137472123
12540.0,0.07613621646528149,0.15683510896843478,0.1721623390040673,0.16018692324502398
12552.0,0.07644211781294209,0.15730171150546304,0.17110114473067167,0.16035448522873458
12564.0,0.0767467941574923,0.15775612699515826,0.17002823214902812,0.16051639550777774
12576.0,0.07705018554163337,0.15819810488728936,0.16894376923499704,0.16067275498415406
12588.0,0.07735223294923994,0.1586274002422482,0.16784793181852725,0.16082366725112865
12600.0,0.07765287829196274,0.15904377387215826,0.16674090351017828,0.16096923855915296
12612.0,0.07795206439627264,0.15944699247780791,0.16562287561622874,0.1611095777761225
12624.0,0.078249734990942,0.1598368287811746,0.16449404704259943,0.16124479634161465
12636.0,0.0785458346949739,0.1602130616533033,0.1633546241878222,0.16137500821472797
12648.0,0.07884030900597408,0.16057547623731397,0.16220482082531204,0.16150032981518508
12660.0,0.07913310428897137,0.16092386406632536,0.1610448579752286,0.1616208799573549
12672.0,0.07942416776568256,0.1612580231760828,0.15987496376621452,0.1617367797768817
12684.0,0.07971344750422643,0.161577758212095,0.15869537328733063,0.16184815264961241
12696.0,0.08000089240928106,0.16188288053109873,0.1575063284305236,0.16195512410254692
12708.0,0.08028645221268771,0.16217320829666954,0.1563080777239636,0.1620578217165472
12720.0,0.08057007746449427,0.16244856656882595,0.15510087615661694,0.1621563750205759
12732.0,0.08085171952444066,0.16270878738747124,0.15388498499442604,0.1622509153772444
12744.0,0.08113133055387894,0.16295370984954766,0.15266067158847685,0.16234157585949802
12756.0,0.08140886350812938,0.16318318017977412,0.15142820917554897,0.16242849111827948
12768.0,0.08168427212926214,0.16339705179487032,0.15018787667145306,0.16251179724104042
12780.0,0.08195751093930617,0.16359518536116746,0.14893995845755428,0.16259163160101653
12792.0,0.08222853523387698,0.1637774488455449,0.14768474416090624,0.16266813269720015
12804.0,0.08249730107621821,0.16394371755961656,0.14642252842840942,0.16274143998498242
12816.0,0.0827637652916554,0.16409387419713453,0.14515361069541588,0.16281169369747353
12828.0,0.0830278854624454,0.1642278088645782,0.14387829494920754,0.16287903465754208
12840.0,0.08328961992303086,0.1643454191049147,0.14259688948777402,0.1629436040806499
12852.0,0.08354892775567718,0.16444660991453297,0.1413097066743081,0.1630055433686008
12864.0,0.08380576878649365,0.16453129375337427,0.14001706268785782,0.16306499389434903
12876.0,0.08406010358183136,0.16459939054828165,0.13871927727054395,0.16312209677806225
12888.0,0.08431189344504314,0.16465082768963285,0.13741667347176956,0.1631769926546589
12900.0,0.0845611004136087,0.1646855400212972,0.13610957738983603,0.16322982143308967
12912.0,0.08480768725660334,0.16470346982401535,0.13479831791137858,0.16328072204766042
12924.0,0.08505161747251123,0.16470456679227674,0.13348322644902283,0.16332983220173997
12936.0,0.08529285528737175,0.1646887880048028,0.132164636677664,0.16337728810422314
12948.0,0.08553136565324583,0.1646560978887547,0.13084288426976132,0.1634232241991714
12960.0,0.08576711424699975,0.16460646817779165,0.1295183066300309,0.1634677728890668
12972.0,0.08600006746938685,0.1645398778641186,0.12819124262991277,0.1635110642521878
12984.0,0.0862301924444315,0.16445631314467718,0.12686203234218668,0.16355322575459544
12996.0,0.08645745701908494,0.1643557673616386,0.12553101677607809,0.1635943819573215
13008.0,0.08668182976316541,0.1642382409373714,0.12419853761322543,0.1636346542193144
13020.0,0.08690327996955115,0.1641037413040628,0.12286493694482589,0.1636741603967882
13032.0,0.08712177765463115,0.16395228282818025,0.12153055701030181,0.16371301453960846
13044.0,0.08733729355899139,0.1637838867299707,0.12019573993780165,0.16375132658541403
13056.0,0.08754979914833325,0.1635985809981989,0.11886082748683145,0.16378920205216885
13068.0,0.08775926661460695,0.16339640030033598,0.11752616079333088,0.16382674172989697
13080.0,0.0879656688773518,0.16317738588840408,0.11619208011745615,0.16386404137234908
13092.0,0.08816897958523154,0.16294158550070306,0.11485892459436023,0.16390119138940507
13104.0,0.08836917311774833,0.16268905325964017,0.113527031988217,0.16393827654100662
13116.0,0.08856622458713309,0.16241984956587874,0.11219673844974175,0.1639753756334622
13128.0,0.08876010984038679,0.16213404098905143,0.11086837827745002,0.16401256121896254
13140.0,0.08895080546147241,0.161831700155242,0.1095422836828723,0.16404989929918318
13152.0,0.08913828877363889,0.16151290563149262,0.10821878455993926,0.1640874490338422
13164.0,0.08932253784186725,0.16117774180754474,0.106898208258744,0.16412526245511155
13176.0,0.08950353147542217,0.16082629877505678,0.10558087936386218,0.16416338418878249
13188.0,0.08968124923050394,0.16045867220452503,0.10426711947741672,0.16420185118308717
13200.0,0.08985567141298063,0.16007496322013004,0.10295724700704997,0.1642406924460939
13212.0,0.09002677908119275,0.1596752782727428,0.10165157695895513,0.16427992879259318
13224.0,0.09019455404881438,0.1592597290113056,0.10035042073612137,0.16431957260138008
13236.0,0.09035897888776298,0.15882843215281253,0.0990540859419114,0.16435962758384662
13248.0,0.09052003693113794,0.15838150935110407,0.0977628761891125,0.16440008856479366
13260.0,0.0906777122761819,0.157919087064687,0.09647709091455416,0.16444094127634235
13272.0,0.09083198978724738,0.15744129642379015,0.09519702519940598,0.16448216216583947
13284.0,0.09098285509876183,0.15694827309685272,0.09392296959524662,0.1645237182186149
13296.0,0.09113029461816982,0.1564401571566499,0.09265520995597643,0.1645655667964368
13308.0,0.09127429552884991,0.15591709294624334,0.09139402727565551,0.16460765549249162
13320.0,0.091414845792982,0.15537922894494183,0.0901396975323303,0.16464992200368317
13332.0,0.09155193415436833,0.15482671763445524,0.08889249153788537,0.16469229402102156
13344.0,0.09168555014117788,0.1542597153654112,0.0876526747939882,0.16473468913883832
13356.0,0.09181568406861804,0.1536783822244051,0.08642050735414429,0.1647770147835248
13368.0,0.09194232704150898,0.1530828819017387,0.08519624369189663,0.16481916816245956
13380.0,0.09206547095675927,0.15247338156000784,0.08398013257519008,0.16486103623374115
13392.0,0.0921851085057208,0.1518500517036744,0.08277241694690418,0.1649024956972911
13404.0,0.09230123317642043,0.15121306604977436,0.08157333381156597,0.16494341300786586
13416.0,0.09241383925565225,0.15056260139987887,0.08038311412823293,0.16498364441043037
13428.0,0.09252292183091892,0.14989883751344696,0.07920198270953561,0.16502303599831603
13440.0,0.09262847679221153,0.14922195698267623,0.07803015812686263,0.16506142379452265
13452.0,0.09273050083362092,0.14853214510896778,0.07686785262166036,0.16509863385644274
13464.0,0.09282899145476256,0.1478295897811024,0.07571527202281943,0.16513448240425616
13476.0,0.09292394696201192,0.14711448135522803,0.07457261567010744,0.16516877597314
13488.0,0.09301536646953579,0.14638701253674435,0.07344007634360278,0.1652013115893976
13500.0,0.09310324990011118,0.14564737826416504,0.0723178401990859,0.16523187697051694
13512.0,0.09318759798572118,0.14489577559503194,0.07120608670932609,0.1652602507491156
13524.0,0.0932684122679231,0.14413240359394924,0.07010498861121033,0.16528620272063427
13536.0,0.09334569509797101,0.14335746322279624,0.06901471185864395,0.16530949411457746
13548.0,0.09341944963669312,0.142571157233175,0.06793541558115615,0.16532987788901485
13560.0,0.09348967985411302,0.14177369006113605,0.066867252048137,0.16534709904798406
13572.0,0.09355639052880158,0.14096526772422793,0.06581036663862622,0.16536089498134948
13584.0,0.0936195872469612,0.1401460977209018,0.06476489781656895,0.16537099582659548
13596.0,0.0936792764012277,0.13931638893230325,0.06373097711146064,0.16537712485195688
13608.0,0.09373546518918616,0.13847635152646853,0.06270872910428044,0.16537899886020135
13620.0,0.09378816161159415,0.13762619686495298,0.061698271418627576,0.1653763286123131
13632.0,0.09383737447030693,0.13676613741189414,0.06069971471696312,0.16536881927023783
13644.0,0.0938831133658991,0.13589638664552006,0.05971316270185631,0.16535617085778512
13656.0,0.09392538869497108,0.135017158972111,0.05873871212213726,0.16533807873870815
13668.0,0.09396421164715159,0.13412866964239967,0.05777645278384458,0.1653142341109049
13680.0,0.09399959420177084,0.1332311346704168,0.05682646756587103,0.16528432451563224
13692.0,0.09403154912422057,0.13232477075476157,0.05588883244019042,0.16524803436054408
13704.0,0.09406008996198173,0.13140979520228452,0.05496361649656081,0.16520504545531733
13716.0,0.09408523104032826,0.13048642585416692,0.05405088197158678,0.16515503755856942
13728.0,0.09410698745769619,0.1295548810143668,0.053150684282033005,0.165097688934714
13740.0,0.09412537508072495,0.12861537938041484,0.052263072062266706,0.1650326769193701
13752.0,0.09414041053895726,0.12766813997652232,0.05138808720571896,0.16495967849187598
13764.0,0.09415211121920979,0.1267133820889763,0.050525764910245026,0.16487837085344648
13776.0,0.09416049525960433,0.12575132520378027,0.049676133727265585,0.16478843200946197
13788.0,0.09416558154326529,0.12478218894651005,0.04883921561456718,0.16468954135436714
13800.0,0.0941673896916785,0.12380619302433662,0.048015025992650694,0.1645813802576216
13812.0,0.09416594005771853,0.12282355717018334,0.0472035738044996,0.1644636326491567
13824.0,0.09416125371834003,0.12183450108896653,0.04640486157865291,0.16433598560275403
13836.0,0.09415335246693957,0.12083924440587412,0.045618885495460434,0.16419812991579152
13848.0,0.09414225880538782,0.11983800661664029,0.0448456354564047,0.16404976068378885
13860.0,0.0941279959357329,0.11883100703976258,0.04408509515636398,0.16389057786819916
13872.0,0.09411058775158601,0.11781846477061267,0.04333724215870119,0.16372028685592455
13884.0,0.09409005882918042,0.11680059863738579,0.042602047973064786,0.16353859900903933
13896.0,0.09406643441812342,0.11577762715884979,0.04187947813576781,0.16334523220325523
13908.0,0.09403974043183055,0.11474976850382146,0.04116949229264857,0.1631399113536792
13920.0,0.09401000343765903,0.11371724045233308,0.04047204428428162,0.16292236892647805
13932.0,0.09397725064673879,0.11268026035842879,0.03978708223342913,0.1626923454350966
13944.0,0.09394150990351072,0.1116390451145328,0.039114548634616664,0.1624495899197383
13956.0,0.09390280967497672,0.11059381111734032,0.03845438044572513,0.16219386040886802
13968.0,0.09386117903966894,0.10954477423517697,0.037806509181478425,0.16192492436157835
13980.0,0.09381664767634396,0.10849214977676586,0.037170861008724944,0.16164255908969644
13992.0,0.09376924585241436,0.10743615246135307,0.036547356843400956,0.16134655215861826
14004.0,0.09371900441211689,0.10637699639013505,0.03593591244906105,0.16103670176590185
14016.0,0.09366595476443418,0.1053148950189321,0.03533643853688774,0.1607128170967442
14028.0,0.09361012887077202,0.1042500611320592,0.03474884086705447,0.16037471865555136
14040.0,0.09355155923240685,0.10318270681733391,0.034173020351357976,0.16002223857288045
14052.0,0.09349027887770721,0.10211304344217556,0.03360887315700705,0.1596552208871319
14064.0,0.09342632134913925,0.10104128163073506,0.03305629081147647,0.15927352180045334
14076.0,0.09335972069007452,0.0999676312420144,0.032515160308325734,0.15887700990840156
14088.0,0.09329051143139468,0.09889230134891558,0.0319853642138903,0.15846556640299975
14100.0,0.09321872857791663,0.09781550021817415,0.03146678077475181,0.1580390852489183
14112.0,0.09314440759464404,0.09673743529112619,0.03095928402589136,0.15759747333259622
14124.0,0.09306758439285204,0.09565831316526327,0.030462743899451764,0.1571406505841994
14136.0,0.09298829531602128,0.09457833957652259,0.02997702633400556,0.15666855007241492
14148.0,0.09290657712563166,0.09349771938227255,0.02950199338425444,0.15618111807215143
14160.0,0.09282246698681956,0.0924166565449451,0.02903750333107773,0.15567831410530078
14172.0,0.09273600245392294,0.09133535411626817,0.02858341079184659,0.15516011095481524
14184.0,0.09264722145591027,0.0902540142220628,0.028139566830928803,0.15462649465239592
14196.0,0.09255616228171776,0.08917283804755193,0.02770581907031034,0.15407746444021042
14208.0,0.09246286356549693,0.08809202582315348,0.02728201180025555,0.15351303270709163
14220.0,0.09236736427178874,0.08701177681070114,0.0268679860899414,0.15293322489975553
14232.0,0.09226970368063324,0.08593228929007135,0.026463579897994503,0.15233807940964228
14244.0,0.09216992137262887,0.08485376054616856,0.026068628182861837,0.1517276474360439
14256.0,0.09206805721394812,0.08377638685623265,0.02568296301295904,0.1511019928262344
14268.0,0.09196415134132366,0.08270036347743778,0.02530641367652475,0.1504611918933792
14280.0,0.09185824414701733,0.08162588463474574,0.024938806791130586,0.14980533321304607
14292.0,0.09175037626377856,0.0805531435089828,0.0245799664127813,0.14913451739918676
14304.0,0.09164058854980608,0.07948233222510385,0.024229714144561074,0.14844885686049097
14316.0,0.09152892207372468,0.07841364184061932,0.023887869244758664,0.14774847553806691
14328.0,0.09141541809958284,0.07734726233415098,0.023554248734432515,0.1470335086254102
14340.0,0.09130011807188557,0.07628338259409001,0.02322866750436622,0.14630410227167556
14352.0,0.0911830636006723,0.07522219040732936,0.02291093842135894,0.14556041326926963
14364.0,0.09106429644664531,0.0741638724480452,0.02260087243381676,0.14480260872680603
14376.0,0.09094385850636444,0.0731086142665022,0.022298278676599496,0.14403086572848303
14388.0,0.09082179179751265,0.07205660027785632,0.022002964575080913,0.1432453709809497
14400.0,0.0906981384442424,0.07100801375093645,0.021714735948383114,0.14244632044873282
14412.0,0.09057294066261266,0.06996303679697737,0.021433397111758547,0.14163391897929373
14424.0,0.09044624074612456,0.06892185035829158,0.02115875097807048,0.140808379918798
14436.0,0.09031808105136116,0.06788463419684698,0.020890599158354894,0.139969924719652
14448.0,0.09018850398374265,0.06685156688274613,0.020628742061419663,0.13911878254087473
14460.0,0.09005755198340215,0.06582282578257999,0.02037297899246453,0.13825518984234364
14472.0,0.08992526751118879,0.06479858704763805,0.020123108250688332,0.13737938997394872
14484.0,0.08979169303480408,0.06377902560196612,0.019878927225855932,0.13649163276066767
14496.0,0.08965687101507963,0.0627643151302486,0.019640232493812897,0.13559217408454982
14508.0,0.08952084389240028,0.0617546280655071,0.019406819910913857,0.1346812754645822
14520.0,0.08938365407327761,0.06075013557659597,0.01917848470735231,0.13375920363538063
14532.0,0.08924534391707792,0.05975100755548655,0.018955021579368563,0.1328262301256166
14544.0,0.08910595572291245,0.058757412604326466,0.018736224780327104,0.13188263083707608
14556.0,0.0889655317166893,0.05776951802226081,0.018521888210636665,0.13092868562519644
14568.0,0.08882411403833172,0.05678748979200888,0.018311805506509835,0.12996467788190919
14580.0,0.08868174472916872,0.055811492566181835,0.018105770127542775,0.1289908941215807
14592.0,0.08853846571949404,0.05484168965333776,0.01790357544310881,0.12800762357080453
14604.0,0.08839431881630241,0.0538782430037586,0.01770501481755349,0.12701515776275762
14616.0,0.08824934569120041,0.05292131319494737,0.01750988169418205,0.1260137901368172
14628.0,0.08810358786849304,0.051971059416838356,0.017317969678035,0.12500381564407603
14640.0,0.08795708671344724,0.051027639456707095,0.0171290726174457,0.12398553035936308
14652.0,0.08780988342073444,0.05009120968378324,0.016942984684373483,0.12295923110035166
14664.0,0.08766201900304693,0.04916192503355531,0.016759500453505778,0.12192521505427649
14676.0,0.08751353427989131,0.048239938991762946,0.016578414980136687,0.12088377941277015
14688.0,0.08736446986655655,0.04732540357807539,0.016399523876810436,0.11983522101526461
14700.0,0.08721486616325409,0.04641846932945177,0.016222623388731004,0.11877983600139065
14712.0,0.08706476334442803,0.04551928528317533,0.016047510467946252,0.11771791947275946
14724.0,0.08691420134823163,0.04462799895956835,0.015873982846295306,0.11664976516447012
14736.0,0.08676321986617011,0.043744756344374816,0.01570183910713458,0.11557566512666513
14748.0,0.08661185833290481,0.04286970187082023,0.01553087875583082,0.11449590941640927
14760.0,0.08646015591620779,0.04200297840133707,0.015360902289041314,0.11341078580014032
14772.0,0.08630815150707825,0.04114472720896457,0.015191711262773328,0.1123205794669012
14784.0,0.08615588370999712,0.040295087958413675,0.015023108359230694,0.1112255727525363
14796.0,0.08600339083332995,0.03945419868680642,0.014854897452457855,0.11012604487500058
14808.0,0.08585071087986348,0.038622195784085316,0.014686883672783813,0.10902227168090353
14820.0,0.08569788153747365,0.03779921397309044,0.01451887347007387,0.10791452540337011
14832.0,0.08554494016991736,0.03698538628931679,0.014350674675795753,0.1068030744312902
14844.0,0.0853919238077423,0.036180844060342277,0.01418209656391195,0.10568818308998361
14856.0,0.08523886913930757,0.03538571688493445,0.014012949910601279,0.10457011143329639
14868.0,0.08508581250190714,0.03460013261184151,0.01384304705282461,0.10344911504711027
14880.0,0.0849327898729906,0.03382421731826185,0.013672201945735353,0.10232544486422054
14892.0,0.08477983686146967,0.033058095288006566,0.013500230218959394,0.10119934699053727
14904.0,0.08462698869910683,0.03230188898935178,0.013326949231733116,0.10007106254250664
14916.0,0.0844742802319769,0.031555719052585654,0.01315217812693386,0.0989408274956721
14928.0,0.08432174591198782,0.030819704247261163,0.012975737883990208,0.09780887254423702
14940.0,0.08416941978846076,0.03009396145914961,0.012797451370701617,0.09667542297150203
14952.0,0.08401733549975274,0.02937860566691399,0.012617143393966093,0.09554069853101968
14964.0,0.08386552626491892,0.028673749918492357,0.012434640749433755,0.09440491333829105
14976.0,0.0837140248754004,0.027979505307214166,0.012249772270091164,0.09326827577283774
14988.0,0.08356286368673327,0.027295980947645865,0.012062368873796553,0.09213098839042655
15000.0,0.08341207461026263,0.02662328395117269,0.011872263609767404,0.09099324784526634
15012.0,0.08326168910486337,0.0259615194013356,0.011679291704038183,0.08985524482193692
15024.0,0.08311173816864534,0.02531079032891565,0.01148329060389728,0.0887171639768351
15036.0,0.08296225233064161,0.024671197686791716,0.01128410002131483,0.08757918388889024
15048.0,0.08281326164247217,0.02404284032456434,0.011081561975373057,0.0864414770193116
15060.0,0.08266479566996258,0.023425814962968257,0.01087552083370677,0.0853042096801124
15072.0,0.08251688348472436,0.022820216168077865,0.010665823352971567,0.08416754201115062
15084.0,0.08236955365567195,0.022226136325314883,0.01045231871834331,0.08303162796542937
15096.0,0.08222283424047802,0.02164366561327661,0.010234858582066284,0.08189661530238183
15108.0,0.0820767527769535,0.021072891977384406,0.01001329710105519,0.08076264558887966
15120.0,0.0819313362743452,0.020513901103378897,0.00978749097356179,0.07962985420768226
15132.0,0.08178661120453729,0.019966776390661828,0.009557299474923502,0.07849837037305951
15144.0,0.0816426034931576,0.01943159892550622,0.009322584492390693,0.07736831715330905
15156.0,0.08149933851057073,0.01890844745414307,0.00908321055905384,0.07623981149989187
15168.0,0.08135684106275504,0.018397398355745914,0.008839044886876896,0.07511296428290769
15180.0,0.08121513538205341,0.01789852561531413,0.00858995739883786,0.07398788033264452
15192.0,0.08107424511779217,0.017411900796490312,0.008335820760200306,0.07286465848691186
15204.0,0.08093419332675886,0.01693759301430789,0.008076510408908777,0.07174339164390525
15216.0,0.08079500246353297,0.01647566890789906,0.0078119045851240895,0.07062416682031411
15228.0,0.08065669437066052,0.016026192613172688,0.007541884359909143,0.06950706521442236
15240.0,0.08051929026867055,0.015589225735483263,0.007266333663059246,0.06839216227392766
15252.0,0.08038281074592189,0.015164827322307006,0.00698513931010418,0.06727952776822482
15264.0,0.0802472757482822,0.014753053835944906,0.00669819102846593,0.06616922586489883
15276.0,0.08011270456862145,0.014353959126270695,0.006405381482792544,0.06506131521017361
15288.0,0.07997911583613143,0.013967594403547175,0.006106606299475556,0.06395584901307658
15300.0,0.0798465275054514,0.013594008211325968,0.005801764090341145,0.06285287513307065
15312.0,0.07971495684560745,0.013233246399453266,0.005490756475535784,0.06175243617093024
15324.0,0.07958442042875487,0.01288535209721043,0.005173488105602135,0.06065456956261733
15336.0,0.07945493411872355,0.012550365686597516,0.004849866682750392,0.05955930767594831
15348.0,0.07932651305936517,0.012228324775795933,0.0045198029813299165,0.058466677909826986
15360.0,0.07919917166269645,0.011919264172826398,0.0041832108675024585,0.05737670279583332
15372.0,0.07907292359684176,0.0116232158594275,0.0038400073181212094,0.05628940010196717
15384.0,0.07894778177376827,0.011340208965178573,0.0034901124388143426,0.05520478293834354
15396.0,0.07882375833682226,0.011070269741897634,0.00313344948128038,0.05412285986465592
15408.0,0.07870086464805635,0.010813421538327948,0.002769944859793101,0.05304363499921652
15420.0,0.07857911127535713,0.010569684775152695,0.0023995281669114965,0.05196710812939833
15432.0,0.078458507979372,0.010339076920357244,0.002022132188406342,0.050893274823311234
15444.0,0.07833906370023529,0.010121612464963264,0.0016376929173962523,0.04982212654254387
15456.0,0.07822078654409942,0.009917302899171948,0.0012461495676910211,0.048753650755817834
15468.0,0.0781036837694716,0.009726156688936186,0.0008474445863451002,0.04768783105340466
15480.0,0.07798776177336782,0.009548179252991833,0.0004415236654222582,0.04662464726216067
15492.0,0.07787302607727523,0.009383372940380628,2.833575295889401e-5,0.04556407556104268
15504.0,0.07775948131294635,0.009231737008491683,-0.0003921669368627534,0.044506088596982976
15516.0,0.07764713120801012,0.009093267601648025,-0.0008200289143416098,0.04345065560099004
15528.0,0.07753597857143088,0.008967957730277754,-0.0012552914056896333,0.04239774250437102
15540.0,0.07742602527880095,0.008855797250690904,-0.0016979923452644721,0.041347312054955065
15552.0,0.07731727225748916,0.008756772845493838,-0.0021481663686145486,0.04029932393322935
15564.0,0.07720971947165012,0.008670868004682801,-0.0026058448063327674,0.039253734868275825
15576.0,0.0771033659071025,0.008598063007433175,-0.003071055678731234,0.03821049875343412
15588.0,0.07699820955608895,0.008538334904625154,-0.0035438236913325413,0.03716956676159789
15600.0,0.07689424740193143,0.00849165750213688,-0.004024170231190019,0.036130887460067734
15612.0,0.07679147540358547,0.008458001344933262,-0.004512113364038568,0.03509440692489606
15624.0,0.07668988848011761,0.008437333701985607,-0.0050076678322791765,0.03406006885465154
15636.0,0.07658948049511385,0.008429618552053958,-0.005510845053808479,0.03302781468354669
15648.0,0.07649024424102814,0.008434816570361547,-0.00602165312169077,0.0319975836938723
15660.0,0.07639217142349752,0.008452885116195498,-0.006540096804687541,0.030969313127694804
15672.0,0.07629525264563226,0.008483778221465461,-0.007066177548640751,0.029942938297763518
15684.0,0.07619947739229882,0.008527446580250772,-0.007599893478723217,0.02891839269760271
15696.0,0.07610483401441259,0.008583837539369518,-0.008141239402559806,0.027895608110739652
15708.0,0.07601130971326096,0.008652895089996449,-0.008690206814222293,0.026874514719052386
15720.0,0.07591889052487515,0.008734559860366246,-0.009246783899110537,0.025855041210205987
15732.0,0.07582756130446326,0.008828769109590136,-0.009810955539718676,0.02483711488415763
15744.0,0.07573730571094175,0.00893545672261191,-0.010382703322298521,0.02382066175872013
15756.0,0.0756481061915633,0.00905455320634084,-0.010962005544421866,0.022805606674163485
15768.0,0.07555994396668339,0.009185985686983408,-0.011548837223451972,0.02179187339685297
15780.0,0.07547279901467749,0.009329677908605893,-0.012143170105924105,0.02077938472191889
15792.0,0.0753866500570317,0.009485550232954817,-0.01274497267784764,0.019768062574953234
15804.0,0.07530147454363703,0.009653519640560541,-0.01335421017592886,0.018757828112742927
15816.0,0.07521724863830379,0.009833499733153686,-0.013970844599725196,0.017748601823034935
15828.0,0.07513394720452828,0.010025400737412843,-0.014594834724731609,0.016740303623352673
15840.0,0.07505154379153248,0.010229129510078913,-0.015226136116407787,0.015732852958866263
15852.0,0.07497001062060586,0.010444589544444903,-0.015864701145146792,0.014726168899340232
15864.0,0.07488931857177342,0.010671680978258088,-0.01651047900219274,0.013720170235162012
15876.0,0.07480943717082118,0.010910300603043883,-0.017163415716509506,0.012714775572482712
15888.0,0.07473033457670408,0.011160341874876203,-0.017823454172605974,0.011709903427482439
15900.0,0.07465197756936569,0.011421694926616266,-0.01849053412931778,0.010705472319784762
15912.0,0.07457433153799846,0.011694246581628459,-0.019164592239550568,0.009701400865050877
15924.0,0.074497360469774,0.011977880368996684,-0.01984556207098853,0.008697607866763081
15936.0,0.07442102693907483,0.012272476540252694,-0.02053337412776504,0.0076940124072455915
15948.0,0.07434529209725199,0.012577912087628366,-0.021227955873102458,0.006690533937933334
15960.0,0.07427011566295028,0.012894060763846096,-0.021929231752917777,0.005687092368928143
15972.0,0.07419545591301914,0.013220793103451554,-0.02263712322039564,0.004683608157869855
15984.0,0.07412126967404714,0.013557976445705722,-0.023351548761531365,0.003680002398148821
15996.0,0.07404751231455428,0.013905474959033506,-0.024072423921635694,0.002676196906498521
16008.0,0.07397413773786611,0.014263149667038594,-0.02479966133280645,0.0016721143099963157
16020.0,0.07390109837570699,0.014630858476085182,-0.025533170742367148,0.000667678132499655
16032.0,0.07382834518254389,0.015008456204451286,-0.026272859042256166,-0.00033718711944105
16044.0,0.07375582763070909,0.015395794613047908,-0.027018630299381077,-0.0013425558711714289
16056.0,0.07368349370633973,0.015792722437700774,-0.02777038578691983,-0.002348501394983403
16068.0,0.07361128990615848,0.016199085422999332,-0.0285280240165713,-0.0033550957256025457
16080.0,0.07353916123513758,0.016614726357693115,-0.029291440771747057,-0.004362409576079779
16092.0,0.0734670512050654,0.017039485111635756,-0.030060529141698142,-0.0053705122540609745
16104.0,0.07339490183405845,0.017473198674266104,-0.030835179556569753,-0.006379471578397682
16116.0,0.07332265364704463,0.01791570119460588,-0.031615279823378445,-0.007389353796082736
16128.0,0.0732502456772476,0.01836682402277117,-0.032400715162896845,-0.008400223499478818
16140.0,0.07317761546870863,0.01882639575296898,-0.033191368247445105,-0.009412143543812236
16152.0,0.07310469907986887,0.01929424226797294,-0.033987119239571664,-0.010425174964917815
16164.0,0.07303143108824885,0.019770186785045985,-0.03478784583161626,-0.011439376897205242
16176.0,0.07295774459624854,0.020254049903294474,-0.03559342328614204,-0.01245480649183111
16188.0,0.07288357123810199,0.020745649652429435,-0.03640372447722483,-0.013471518835058274
16200.0,0.07280884118801162,0.021244801542904708,-0.03721861993258618,-0.01448956686678958
16212.0,0.07273348316948589,0.021751318617410254,-0.03803797787655318,-0.015509001299256323
16224.0,0.0726574244659161,0.02226501150368117,-0.03886166427383854,-0.016529870535861205
16236.0,0.07258059093240916,0.022785688468603696,-0.03968954287411326,-0.017552220590158624
16248.0,0.07250290700890502,0.023313155473569748,-0.04052147525736406,-0.018576095004967805
16260.0,0.07242429573459971,0.023847216231061726,-0.04135732088001662,-0.019601534771625656
16272.0,0.07234467876370232,0.02438767226241533,-0.042196937121805306,-0.020628578249366564
16284.0,0.07226397638253829,0.024934322956732678,-0.043040179333370995,-0.021657261084841103
16296.0,0.0721821075280272,0.02548696563089847,-0.04388690088456579,-0.022687616131781357
16308.0,0.0720989898075475,0.026045395590669974,-0.04473695321345088,-0.023719673370817
16320.0,0.07201453952021247,0.02660940619277967,-0.04559018587595458,-0.0247534598294607
16332.0,0.0719286716795651,0.02717878890802772,-0.04644644659618616,-0.025788999502278573
16344.0,0.07184130003771241,0.02775333338530045,-0.04730558131736322,-0.02682631327126704
16356.0,0.07175233711090995,0.028332827516485738,-0.04816743425334612,-0.02786541882646011
16368.0,0.07166169420660597,0.0289170575022228,-0.049031847940748705,-0.02890633058679827
16380.0,0.07156928145195776,0.02950580791845257,-0.04989866329159692,-0.029949059621288507
16392.0,0.07147500782382549,0.030098861783706205,-0.05076771964652524,-0.030993613570495668
16404.0,0.07137878118024796,0.030696000627095,-0.05163885482846428,-0.03203999656840503
16416.0,0.07128050829340639,0.031297004556943085,-0.052511905196813286,-0.033088209164699345
16428.0,0.07118009488407775,0.031901652330014435,-0.05338670570206164,-0.03413824824750465
16440.0,0.07107744565757498,0.03250972142128321,-0.054263089940831885,-0.035190106966657475
16452.0,0.07097246434117288,0.033120988094200346,-0.05514089021131989,-0.0362437746575518
16464.0,0.07086505372301427,0.033735227471391585,-0.056019937569104214,-0.03729923676562605
16476.0,0.07075511569249185,0.034352213605754134,-0.056900061883296216,-0.03835647477156817
16488.0,0.07064255128209045,0.0349717195518817,-0.05778109189300064,-0.039415466117300166
16500.0,0.07052726071068727,0.03559351743777706,-0.05866285526406213,-0.04047618413282629
16512.0,0.07040914342828486,0.036217378536798045,-0.059545178646062194,-0.04153859796402662
16524.0,0.07028809816216872,0.03684307333978136,-0.060427887729545035,-0.04260267250147885
16536.0,0.07016402296446916,0.03747037162729705,-0.06131080730343662,-0.0436683683104076
16548.0,0.07003681526110193,0.03809904254198197,-0.062193761312628326,-0.0447356415618482
16560.0,0.06990637190206607,0.03872885466089832,-0.06307657291570169,-0.04580444396513507
16572.0,0.0697725892130768,0.039359576067873527,-0.06395906454275081,-0.046874722701812435
16584.0,0.0696353630484947,0.03999097442576369,-0.0648410579532901,-0.04794642036108489
16596.0,0.06949458884552864,0.04062281704859874,-0.06572237429420033,-0.04901947487691738
16608.0,0.06935016167967425,0.04125487097355762,-0.0666028341576961,-0.050093819466905345
16620.0,0.0692019763213497,0.04188690303272713,-0.06748225763927408,-0.051169382573039546
16632.0,0.06904992729369402,0.042518679924594585,-0.06836046439562346,-0.05224608780449372
16644.0,0.0688939089314816,0.04314996828523919,-0.06923727370245776,-0.05332385388256458
16656.0,0.06873381544111151,0.04378053475915786,-0.07011250451224617,-0.05440259458789985
16668.0,0.06856954096162263,0.04441014606970668,-0.07098597551181125,-0.05548221871016035
16680.0,0.06840097962668776,0.045038569089089105,-0.0718575051797632,-0.05656263000024839
16692.0,0.06822802562753442,0.04566557090787113,-0.07272691184374779,-0.05764372712525781
16704.0,0.06805057327673286,0.04629091890396693,-0.07359401373747025,-0.05872540362629229
16716.0,0.06786851707280911,0.04691438081106597,-0.07445862905747391,-0.05980754787930527
16728.0,0.06768175176560505,0.047535724786451815,-0.07532057601964298,-0.06089004305911157
16740.0,0.06749017242234076,0.048154719478187925,-0.07617967291539968,-0.061972767106738574
16752.0,0.06729367449431026,0.04877113409162263,-0.07703573816757656,-0.06305559270026566
16764.0,0.06709215388414548,0.049384738455182146,-0.07788859038592497,-0.0641383872293216
16776.0,0.06688550701358233,0.0499953030854188,-0.07873804842224708,-0.06522101277339411
16788.0,0.06667363089166126,0.05060259925127748,-0.07958393142511319,-0.06630332608412763
16800.0,0.06645642318329148,0.051206399037550296,-0.08042605889414933,-0.0673851785717579
16812.0,0.06623378227810678,0.05180647540748542,-0.08126425073386523,-0.06846641629586325
16824.0,0.06600560735954106,0.052402602264524895,-0.08209832730699967,-0.0695468799605857
16836.0,0.0657717984740479,0.0529945545131348,-0.0829281094873599,-0.07062640491449161
16848.0,0.06553225660038708,0.0535821081187043,-0.08375341871213399,-0.0717048211552331
16860.0,0.06528688371890555,0.054165040166486565,-0.08457407703365294,-0.07278195333916966
16872.0,0.06503558288073118,0.05474312891955115,-0.08538990717057776,-0.07385762079611406
16884.0,0.06477825827679999,0.0553161538757244,-0.08620073255850286,-0.07493163754935193
16896.0,0.06451481530664267,0.05588389582349485,-0.08700637739993497,-0.07600381234109416
16908.0,0.06424516064684595,0.056446136896853995,-0.08780666671365286,-0.07707394866350978
16920.0,0.06396920231911102,0.05700266062905953,-0.08860142638341004,-0.07814184479548633
16932.0,0.06368684975782794,0.05755325200528544,-0.0893904832059749,-0.07920729384525557
16944.0,0.06339801387708661,0.05809769751414999,-0.09017366493848267,-0.0802700837990267
16956.0,0.06310260713704438,0.05863578519809144,-0.09095080034509129,-0.08132999757574644
16968.0,0.06280054360957009,0.059167304702579616,-0.09172171924291878,-0.08238681308812265
16980.0,0.0624917390430848,0.05969204732413828,-0.09248625254725554,-0.08344030331001828
16992.0,0.06217611092652497,0.060209806057160045,-0.0932442323160276,-0.08449023635032557
17004.0,0.06185357855234238,0.060720375639502985,-0.09399549179350858,-0.08553637553342822
17016.0,0.061524063078473315,0.06122355259684277,-0.09473986545326163,-0.08657847948633351
17028.0,0.06118748758919644,0.061719135285770284,-0.09547718904030311,-0.0876163022325667
17040.0,0.06084377715480556,0.062206923935619995,-0.09620729961247695,-0.08864959329289196
17052.0,0.06049285889002844,0.06268672068900669,-0.09693003558102775,-0.08967809779293018
17064.0,0.060134662011114545,0.06315832964107011,-0.09764523675037207,-0.09070155657771872
17076.0,0.059769117891532185,0.06362155687739944,-0.09835274435704713,-0.0917197063332566
17088.0,0.0593961601161976,0.06407621051063692,-0.09905240110784291,-0.09273227971506129
17100.0,0.05901572453418315,0.06452210071574493,-0.09974405121710359,-0.09373900548375427
17112.0,0.058627749309830654,0.06495903976392492,-0.10042754044319357,-0.09473960864767636
17124.0,0.058232174972217346,0.0653868420551818,-0.10110271612412941,-0.09573381061252054
17136.0,0.057828944462920376,0.06580532414952167,-0.10176942721236193,-0.09672132933796204
17148.0,0.05741800318201465,0.06621430479677842,-0.10242752430872273,-0.09770187950124021
17160.0,0.056999299032262356,0.06661360496506323,-0.10307685969551295,-0.09867517266764436
17172.0,0.05657278246144372,0.06700304786782747,-0.1037172873687508,-0.09964091746783185
17184.0,0.05613840650278111,0.0673824589895366,-0.10434866306956364,-0.10059881978189292
17196.0,0.055696126813417256,0.06775166610995859,-0.10497084431473322,-0.10154858293007152
17208.0,0.05524590171090834,0.06811049932705221,-0.10558369042639137,-0.10248990787001222
17220.0,0.05478769220769504,0.06845879107846792,-0.10618706256086269,-0.10342249340042228
17232.0,0.05432146204352482,0.06879637616165292,-0.10678082373666936,-0.10434603637098408
17244.0,0.05384717771579139,0.06912309175256962,-0.10736483886168696,-0.10526023189836636
17256.0,0.053364808507773295,0.0694387774230279,-0.10793897475945957,-0.10616477358815604
17268.0,0.05287432651474409,0.06974327515663586,-0.1085031001946827,-0.10705935376250778
17280.0,0.05237570666794666,0.07003642936338277,-0.10905708589785007,-0.10794366369331518
17292.0,0.05186892675640831,0.07031808689285456,-0.10960080458907931,-0.10881739384066327
17304.0,0.05135396744659745,0.07058809704610189,-0.11013413100111172,-0.10968023409633246
17316.0,0.05083081229990621,0.07084631158616597,-0.11065694190149838,-0.11053187403209547
17328.0,0.05029944778797203,0.07109258474728115,-0.11116911611398206,-0.11137200315252976
17340.0,0.04975986330582577,0.07132677324277528,-0.111670534539075,-0.11220031115207038
17352.0,0.049212051182880884,0.07154873627167219,-0.1121610801738426,-0.11301648817599488
17364.0,0.04865600669177437,0.0717583355240387,-0.11264063813090916,-0.11382022508503364
17376.0,0.04809172805507201,0.07195543518508006,-0.1131090956566784,-0.11461121372327587
17388.0,0.04751921644985342,0.0721399019380213,-0.1135663421487966,-0.1153891471890334
17400.0,0.046938476010201166,0.07231160496579893,-0.11401226917284796,-0.11615372010831218
17412.0,0.04634951382762393,0.07247041595159041,-0.11444677047831334,-0.1169046289105326
17424.0,0.04575233994942974,0.07261620907822122,-0.11486974201378211,-0.11764157210612017
17436.0,0.04514696737509596,0.07274886102647513,-0.11528108194144393,-0.11836425056559582
17448.0,0.04453341205066193,0.07286825097235469,-0.11568069065085732,-0.11907236779976016
17460.0,0.043911692861190225,0.07297426058332483,-0.11606847077202223,-0.11976563024059197
17472.0,0.04328183162133261,0.07306677401358506,-0.11644432718774891,-0.12044374752243797
17484.0,0.04264385306405171,0.07314567789841706,-0.11680816704535499,-0.12110643276309727
17496.0,0.04199778482754378,0.07321086134764902,-0.11715989976768215,-0.12175340284437394
17508.0,0.04134365744041587,0.07326221593829521,-0.11749943706346441,-0.12238437869167867
17520.0,0.04068150430517022,0.07329963570641435,-0.1178266929370401,-0.12299908555226668
17532.0,0.0400113616800511,0.07332301713824807,-0.1181415836974431,-0.12359725327166637
17544.0,0.03933326865932196,0.07333225916069608,-0.11844402796686027,-0.12417861656788962
17556.0,0.038647267152020465,0.07332726313118208,-0.11873394668848872,-0.12474291530299075
17568.0,0.03795340185926754,0.07330793282697916,-0.11901126313379615,-0.1252898947515443
17580.0,0.03725172025018959,0.07327417443405715,-0.11927590290919649,-0.12581930586562717
17592.0,0.03654227253652524,0.0732258965355155,-0.1195277939621586,-0.12633090553587456
17604.0,0.03582511164598434,0.0731630100996728,-0.11976686658675695,-0.12682445684820726
17616.0,0.03510029319442481,0.07308542846788428,-0.11999305342867958,-0.12729972933580586
17628.0,0.0343678754569338,0.07299306734215852,-0.12020628948970466,-0.12775649922594018
17640.0,0.03362791933786786,0.07288584477264834,-0.12040651213166181,-0.12819454968125074
17652.0,0.03288048833994301,0.07276368114509175,-0.12059366107988742,-0.12861367103509935
17664.0,0.03212564853243903,0.07262649916828437,-0.12076767842619107,-0.12901366102060713
17676.0,0.03136346851859849,0.07247422386165746,-0.12092850863134169,-0.12939432499301537
17688.0,0.030594019402295582,0.07230678254304747,-0.12107609852709159,-0.12975547614501484
17700.0,0.029817374754049386,0.0721241048167349,-0.12121039731774699,-0.13009693571469735
17712.0,0.02903361057646403,0.0719261225618437,-0.12133135658129984,-0.1304185331858006
17724.0,0.028242805269162067,0.07171276992117571,-0.12143893027013497,-0.13072010647993337
17736.0,0.02744503959329816,0.07148398329057347,-0.12153307471132244,-0.1310015021404774
17748.0,0.026640396635719196,0.07123970130889518,-0.12161374860651175,-0.13126257550788073
17760.0,0.025828961772851867,0.07097986484868478,-0.12168091303143597,-0.13150319088607682
17772.0,0.025010822634388762,0.0707044170076308,-0.12173453143504007,-0.13172322169977432
17784.0,0.024186069066847025,0.07041330310089625,-0.12177456963825131,-0.1319225506423866
17796.0,0.023354793097070847,0.07010647065440653,-0.12180099583239118,-0.13210106981438025
17808.0,0.02251708889574647,0.06978386939918531,-0.12181378057725617,-0.1322586808518547
17820.0,0.02167305274100464,0.06944545126682283,-0.121812896798867,-0.13239529504515957
17832.0,0.020822782982166322,0.0690911703861587,-0.12179831978690434,-0.1325108334474046
17844.0,0.019966380003710878,0.06872098308127456,-0.12177002719184304,-0.13260522697271593
17856.0,0.019103946189515407,0.06833484787086451,-0.12172799902179257,-0.1326784164841186
17868.0,0.018235585887436304,0.06793272546908165,-0.12167221763905989,-0.1327303528709474
17880.0,0.017361405374288277,0.06751457878793012,-0.12160266775643949,-0.132760997115706
17892.0,0.016481512821275995,0.06708037294128515,-0.12151933643324914,-0.1327703203503131
17904.0,0.015596018259928422,0.06663007525062098,-0.1214222130711165,-0.13275830390169913
17916.0,0.014705033548593066,0.06616365525251595,-0.12131128940953076,-0.13272493932672852
17928.0,0.013808672339533805,0.06568108470800968,-0.12118655952116811,-0.13267022843645487
17940.0,0.012907050046670566,0.06518233761388215,-0.12104801980699922,-0.13259418330972275
17952.0,0.012000283814015904,0.06466739021591748,-0.12089566899119461,-0.13249682629615908
17964.0,0.011088492484828752,0.06413622102421926,-0.12072950811583538,-0.13237819000860981
17976.0,0.010171796571533102,0.06358881083063396,-0.12054954053543218,-0.13223831730510205
17988.0,0.009250318226424178,0.06302514272833773,-0.12035577191127653,-0.13207726126042207
18000.0,0.008324181213192498,0.062445202133639396,-0.12014821020562036,-0.13189508512743173
18012.0,0.00739351087928386,0.061848976810045767,-0.11992686567569844,-0.13169186228824006
18024.0,0.006458434129120179,0.06123645689463148,-0.1196917508676052,-0.13146767619539163
18036.0,0.005519079398190074,0.06060763492675025,-0.11944288061003083,-0.13122262030322232
18048.0,0.004575576628024318,0.05996250587912048,-0.11918027200786632,-0.13095679798957446
18060.0,0.003628057242058967,0.05930106719131436,-0.11890394443568553,-0.13067032246805363
18072.0,0.0026766541223904455,0.05862331880566581,-0.11861391953111725,-0.13036331669104215
18084.0,0.0017215015874170736,0.05792926320562017,-0.11831022118810841,-0.13003591324368932
18096.0,0.0007627353703674664,0.057218905456528156,-0.11799287555008925,-0.12968825422911182
18108.0,-0.00019950740130543487,0.05649225324889344,-0.1176619110030506,-0.12932049114505192
18120.0,-0.0011650882256715178,0.05574931694406809,-0.11731735816853742,-0.1289327847522512
18132.0,-0.0021338672452363566,0.05499010962237768,-0.11695924989656958,-0.1285253049348068
18144.0,-0.0031057032650445987,0.054214647133677005,-0.1165876212584909,-0.12809823055278668
18156.0,-0.004080453770001276,0.053422948150291985,-0.1162025095397605,-0.12765174928739387
18168.0,-0.0050579749414457545,0.052615034222331665,-0.1158039542326918,-0.12718605747897074
18180.0,-0.006038121673016254,0.05179092983532094,-0.11539199702913899,-0.1267013599581439
18192.0,-0.007020747585849842,0.05095066247011364,-0.11496668181315053,-0.12619786987042378
18204.0,-0.00800570504316115,0.05009426266502734,-0.11452805465357749,-0.12567580849455862
18216.0,-0.008992845164257475,0.04922176408013956,-0.11407616379666607,-0.1251354050549778
18228.0,-0.009982017838038468,0.048333203563674765,-0.11361105965861823,-0.12457689652863055
18240.0,-0.010973071736050409,0.04742862122040123,-0.11313279481814081,-0.12400052744655143
18252.0,-0.011965854325153041,0.04650806048195263,-0.11264142400898025,-0.12340654969048295
18264.0,-0.012960211879868302,0.04557156817898209,-0.11213700411245503,-0.1227952222848703
18276.0,-0.013955989494490437,0.044619194615036634,-0.11161959414998288,-0.12216681118457307
18288.0,-0.014953031095024619,0.043650993642051064,-0.11108925527562016,-0.12152158905860855
18300.0,-0.015951179451045627,0.042667022737331785,-0.11054605076860133,-0.12085983507026157
18312.0,-0.016950276187550864,0.041667343081908274,-0.10999004602589751,-0.12018183465388835
18324.0,-0.017950161796904618,0.040652019640113904,-0.10942130855479235,-0.11948787928873028
18336.0,-0.01895067565095973,0.039621121240249774,-0.10883990796548132,-0.11877826627006724
18348.0,-0.019951656013451835,0.038574720656182164,-0.10824591596369448,-0.11805329847802629
18360.0,-0.02095294005276775,0.03751289468970915,-0.10763940634335178,-0.11731328414435296
18372.0,-0.021954363855181083,0.03643572425353298,-0.10702045497925045,-0.11655853661746626
18384.0,-0.022955762438666177,0.035343294454656074,-0.10638913981979059,-0.11578937412608908
18396.0,-0.023956969767389605,0.03423569467802774,-0.1057455408797412,-0.11500611954176349
18408.0,-0.02495781876698784,0.033113018670238026,-0.10508974023304657,-0.11420910014053509
18420.0,-0.02595814134074198,0.03197536462307457,-0.10442182200568151,-0.11339864736409863
18432.0,-0.026957768386756994,0.030822835256735057,-0.10374187236855273,-0.11257509658067855
18444.0,-0.027956529816258513,0.02965553790247992,-0.10304997953045164,-0.11173878684592539
18456.0,-0.028954254573119703,0.028473584584522166,-0.10234623373105689,-0.11089006066408205
18468.0,-0.0299507706547279,0.027277092100926128,-0.1016307272339956,-0.11002926374968422
18480.0,-0.03094590513430867,0.02606618210329072,-0.10090355431995335,-0.10915674479004417
18492.0,-0.031939484184815264,0.024840981174993015,-0.1001648112798473,-0.10827285520875321
18504.0,-0.0329313331044961,0.023601620907756946,-0.09941459640805173,-0.10737794893043767
18516.0,-0.033921276344255444,0.022348237976302615,-0.0986530099956831,-0.10647238214699822
18528.0,-0.03490913753690714,0.021080974210856196,-0.09788015432394545,-0.10555651308553238
18540.0,-0.03589473952843958,0.019799976667259727,-0.0970961336575297,-0.10463070177816494
18552.0,-0.03687790441139013,0.01850539769444815,-0.09630105423807508,-0.10369530983396544
18564.0,-0.03785845356042797,0.017197394999052908,-0.0954950242776853,-0.10275070021315691
18576.0,-0.038836207670259096,0.015876131706875483,-0.09467815395250415,-0.1017972370037796
18588.0,-0.03981098679592854,0.014541776421004918,-0.09385055539634168,-0.10083528520099416
18600.0,-0.04078261039562804,0.01319450327632337,-0.09301234269435954,-0.09986521048917196
18612.0,-0.041750897376083715,0.011834491990165875,-0.09216363187680274,-0.098887379026939
18624.0,-0.042715666140616726,0.010461927908895587,-0.09130454091278642,-0.09790215723529949
18636.0,-0.04367673463994018,0.009077002050159877,-0.09043518970412368,-0.09690991158899301
18648.0,-0.044633920425771814,0.0076799111405996615,-0.08955570007920366,-0.09591100841119174
18660.0,-0.045587040707322765,0.006270857648779535,-0.0886661957869036,-0.09490581367167297
18672.0,-0.046535912410716265,0.00485004981313409,-0.0877668024905417,-0.09389469278856105
18684.0,-0.04748035224139115,0.003417701664695516,-0.08685764776186264,-0.09287801043374963
18696.0,-0.04842017674952427,0.0019740330444195653,-0.08593886107504842,-0.09185613034209064
18708.0,-0.049355202398512904,0.0005192696148951445,-0.08501057380075422,-0.09082941512443796
18720.0,-0.0502852456365334,-0.0009463571337402221,-0.08407291920016066,-0.08979822608462396
18732.0,-0.05121012297119555,-0.00242260988386879,-0.0831260324190391,-0.08876292304043162
18744.0,-0.052129651047300066,-0.0039092454966047005,-0.0821700504818211,-0.08772386414863209
18756.0,-0.05304364672769078,-0.0054060150243148,-0.08120511228566549,-0.0866814057341426
18768.0,-0.053951927177188316,-0.006912663729591588,-0.08023135859451985,-0.08563590212334338
18780.0,-0.05485430994958433,-0.008428931110812152,-0.07924893203316333,-0.08458770548161004
18792.0,-0.05575061307765489,-0.009954550934409938,-0.07825797708122381,-0.08353716565508029
18804.0,-0.056640655166149564,-0.011489251273957696,-0.0772586400671649,-0.08248463001670192
18816.0,-0.05752425548769967,-0.013032754556169056,-0.07625106916222935,-0.08143044331656585
18828.0,-0.058401234081573036,-0.01458477761387951,-0.07523541437432814,-0.08037494753655905
18840.0,-0.05927141185519548,-0.01614503174609047,-0.07421182754187124,-0.07931848174933778
18852.0,-0.06013461068834955,-0.017713222785111282,-0.0731804623275234,-0.07826138198163363
18864.0,-0.06099065353994006,-0.019289051170833627,-0.07214147421187216,-0.07720398108188778
18876.0,-0.06183936455721764,-0.020872212032163953,-0.07109502048700916,-0.0761466085922208
18888.0,-0.0626805691873255,-0.022462395275594155,-0.07004126024999198,-0.07508959062471934
18900.0,-0.0635140942910349,-0.02405928568091753,-0.06898035439619413,-0.07403324974203274
18912.0,-0.06433976825851928,-0.02566256300403423,-0.06791246561251238,-0.07297790484226359
18924.0,-0.06515742112699473,-0.027271902086804814,-0.06683775837043454,-0.07192387104813339
18936.0,-0.06596688470007081,-0.02888697297388479,-0.0657563989189352,-0.07087145960039203
18948.0,-0.06676799266860786,-0.030507441036445065,-0.06466855527719817,-0.06982097775545774
18960.0,-0.06756058073290404,-0.03213296710268533,-0.0635743972271455,-0.06877272868723797
18972.0,-0.06834448672599343,-0.03376320759501372,-0.06247409630575251,-0.06772701139311726
18984.0,-0.06911955073784745,-0.035397814673758826,-0.06136782579713958,-0.0666841206040618
18996.0,-0.06988561524025574,-0.03703643638725529,-0.060255760724417684,-0.06564434669880717
19008.0,-0.07064252521215188,-0.038678716828143264,-0.05913807784127163,-0.06460797562208553
19020.0,-0.07139012826514406,-0.04032429629568715,-0.05801495562326024,-0.06357528880684922
19032.0,-0.07212827476900566,-0.04197281146391617,-0.05688657425882279,-0.06254656310044542
19044.0,-0.07285681797686516,-0.043623895555371814,-0.0557531156399569,-0.0615220706946871
19056.0,-0.07357561414984153,-0.04527717852023082,-0.05461476335256239,-0.06050207905978322
19068.0,-0.0742845226808561,-0.0469322872205646,-0.053471702666420026,-0.059486850882058295
19080.0,-0.07498340621735033,-0.04858884561947127,-0.05232412052479035,-0.05847664400542489
19092.0,-0.07567213078263463,-0.05024647497481964,-0.05117220553360638,-0.05747171137654311
19104.0,-0.07635056589559946,-0.05190479403731864,-0.0500161479502355,-0.056472300993611294
19116.0,-0.07701858468849693,-0.05356341925263006,-0.04885613967179896,-0.05547865585874173
19128.0,-0.07767606402253188,-0.05522196496722012,-0.047692374223007414,-0.05449101393384233
19140.0,-0.07832288460096501,-0.05688004363763706,-0.046525046743502704,-0.05350960809996712
19152.0,-0.07895893107946514,-0.05853726604291036,-0.04535435397467341,-0.052534666120058915
19164.0,-0.07958409217342954,-0.06019324149973855,-0.04418049424592481,-0.05156641060503113
19176.0,-0.0801982607619989,-0.06184757808014153,-0.04300366746036827,-0.050605058983121745
19188.0,-0.0808013339885017,-0.06349988283124795,-0.04182407507991155,-0.049650823472466285
19200.0,-0.08139321335706665,-0.06514976199687175,-0.040641920109720425,-0.04870391105681611
19212.0,-0.08197380482514122,-0.06679682124054942,-0.03945740708202185,-0.047764523464344885
19224.0,-0.08254301889167293,-0.06844066586969008,-0.03827074203922455,-0.04683285714948375
19236.0,-0.08310077068071017,-0.07008090106050292,-0.03708213251632618,-0.045909103277711555
19248.0,-0.08364698002018911,-0.07171713208335848,-0.035891787522575186,-0.04499344771324894
19260.0,-0.0841815715156892,-0.07334896452824624,-0.03469991752236512,-0.04408607100958278
19272.0,-0.08470447461894012,-0.07497600452999457,-0.03350673441532545,-0.04318714840276559
19284.0,-0.08521562369088939,-0.07659785899292504,-0.03231245151557917,-0.04229684980741889
19296.0,-0.08571495805913851,-0.07821413581460179,-0.031117283530141537,-0.04141533981538756
19308.0,-0.0862024220695744,-0.07982444410837258,-0.029921446536419385,-0.040542777696972024
19320.0,-0.08667796513204465,-0.08142839442437541,-0.028725157958790493,-0.03967931740468375
19332.0,-0.08714154175992406,-0.08302559896870532,-0.027528636544221954,-0.03882510757946181
19344.0,-0.08759311160344929,-0.08461567182045515,-0.026332102336901447,-0.037980291559281745
19356.0,-0.08803263947671089,-0.08619822914632305,-0.02513577665184613,-0.03714500739010604
19368.0,-0.08846009537820318,-0.08777288941252565,-0.02393988204745595,-0.036319387839109304
19380.0,-0.08887545450485257,-0.08933927359374058,-0.022744642296979742,-0.035503560410121204
19392.0,-0.08927869725946991,-0.09089700537882059,-0.021550282358864872,-0.03469764736122474
19404.0,-0.08966980925157458,-0.09244571137304713,-0.020357028345943384,-0.033901765724458716
19416.0,-0.09004878129156918,-0.09398502129667505,-0.01916510749344029,-0.03311602732755825
19428.0,-0.09041560937825538,-0.09551456817956386,-0.017974748125756335,-0.03234053881768327
19440.0,-0.09077029467969988,-0.09703398855168302,-0.01678617962199394,-0.03157540168707426
19452.0,-0.09111284350748014,-0.09854292262930486,-0.01559963238019954,-0.030820712300585584
19464.0,-0.09144326728435284,-0.1000410144967023,-0.014415337780276968,-0.030076561925033232
19476.0,-0.0917615825054077,-0.10152791228319441,-0.013233528145550774,-0.02934303676031376
19488.0,-0.09206781069279457,-0.10300326833538717,-0.012054436702935593,-0.028620217972236878
19500.0,-0.09236197834410678,-0.10446673938447532,-0.010878297541684713,-0.02790818172701623
19512.0,-0.09264411687455185,-0.10591798670848968,-0.009705345570676593,-0.0272069992273771
19524.0,-0.09291426255302818,-0.10735667628937723,-0.008535816474220193,-0.026516736750220496
19536.0,-0.09317245643225425,-0.10878247896483212,-0.007369946666328016,-0.025837455685807115
19548.0,-0.09341874427312352,-0.11019507057479011,-0.006207973243440808,-0.0251692125784002
19560.0,-0.09365317646344384,-0.11159413210253263,-0.005050133935557935,-0.02451205916832927
19572.0,-0.09387580793126216,-0.11297934981034252,-0.0038966670557549765,-0.023866042435429363
19584.0,-0.09408669805297698,-0.11435041536968382,-0.002747811448046339,-0.023231204643802905
19596.0,-0.09428591055644492,-0.1157070259858703,-0.001603806433566099,-0.02260758338786764
19608.0,-0.09447351341931648,-0.11704888451722137,-0.00046489175504080965,-0.021995211639648446
19620.0,-0.09464957876283195,-0.11837569958870112,0.0006686924804840261,-0.021394117797262815
19632.0,-0.09481418274132838,-0.11968718570005066,0.0017967058606811748,-0.02080432573456656
19644.0,-0.09496740542770574,-0.12098306332843911,0.00291890772878025,-0.020225854851918745
19656.0,-0.09510933069512001,-0.12226305902566184,0.004035057246230142,-0.019658720128022555
19668.0,-0.09524004609517303,-0.123526905509933,0.005144913457209729,-0.019102932172806952
19680.0,-0.09535964273286796,-0.12477434175231891,0.006248235355013031,-0.018558497281311884
19692.0,-0.09546821513861414,-0.12600511305786746,0.007344781950335895,-0.018025417488539197
19704.0,-0.09556586113756846,-0.12721897114151098,0.008434312341479185,-0.01750369062523391
19716.0,-0.09565268171658797,-0.12841567419880512,0.00951658578649562,-0.01699331037456052
19728.0,-0.09572878088909165,-0.1295949869715864,0.010591361777297074,-0.016494266329641016
19740.0,-0.09579426555811715,-0.13075668080863656,0.011658400115741083,-0.016006544051922006
19752.0,-0.09584924537785597,-0.1319005337214353,0.012717460991707612,-0.015530125130333902
19764.0,-0.09589383261396014,-0.1330263304351043,0.013768305063193265,-0.015064987241215494
19776.0,-0.0959281420029009,-0.13413386243462713,0.014810693538417373,-0.014611104208971451
19788.0,-0.0959522906106654,-0.1352229280064615,0.01584438825996884,-0.014168446067427398
19800.0,-0.09596639769106177,-0.1362933322756228,0.01686915179098488,-0.013736979121858714
19812.0,-0.09597058454391763,-0.13734488723836655,0.017884747503383258,-0.013316666011660094
19824.0,-0.09596497437342816,-0.13837741179054983,0.018890939668136316,-0.012907465773625386
19836.0,-0.09594969214692134,-0.13939073175179573,0.019887493547604572,-0.012509333905813547
19848.0,-0.09592486445429818,-0.14038467988554826,0.020874175489910916,-0.01212222243196838
19860.0,-0.09589061936838694,-0.14135909591513068,0.02185075302536474,-0.011746079966465275
19872.0,-0.09584708630645736,-0.14231382653590768,0.022816994964918815,-0.011380851779759234
19884.0,-0.0957943958931233,-0.14324872542364242,0.023772671500657528,-0.011026479864305438
19896.0,-0.0957326798248567,-0.14416365323915914,0.02471755430829306,-0.01068290300092356
19908.0,-0.09566207073631933,-0.14505847762939714,0.025651416651661475,-0.01035005682558502
19920.0,-0.09558270206872221,-0.14593307322494883,0.026574033489189172,-0.010027873896590593
19932.0,-0.09549470794039822,-0.1467873216341752,0.027485181582313643,-0.009716283762115592
19944.0,-0.09539822301976905,-0.14762111143398549,0.028384639605822812,-0.009415213028095018
19956.0,-0.09529338240088128,-0.14843433815735396,0.029272188260090346,-0.00912458542642388
19968.0,-0.09518032148166333,-0.14922690427766294,0.03014761038515521,-0.00884432188344618
19980.0,-0.09505917584505572,-0.1499987191899422,0.031010691076622503,-0.008574340588705674
19992.0,-0.09493008114315127,-0.15074969918907308,0.03186121780332783,-0.008314557063934809
20004.0,-0.09479317298446288,-0.15147976744503136,0.03269898052672025,-0.00806488423225498
20016.0,-0.09464858682444763,-0.15218885397522394,0.033523771821907175,-0.007825232487559182
20028.0,-0.0944964578593673,-0.15287689561398263,0.03433538700030646,-0.007595509764057554
20040.0,-0.09433692092359885,-0.1535438359792715,0.035133624233832095,-0.007375621605953342
20052.0,-0.09417011039045772,-0.1541896254366545,0.03591828468055443,-0.007165471237228549
20064.0,-0.0939961600766119,-0.15481422106057893,0.036689172611751586,-0.006964959631507388
20076.0,-0.09381520315014094,-0.15541758659300667,0.03744609554027541,-0.006773985581976928
20088.0,-0.09362737204228755,-0.15599969239945313,0.03818886435014347,-0.006592445771333728
20100.0,-0.093432798362942,-0.15656051542245233,0.038917293427268254,-0.0064202348417346095
20112.0,-0.0932316128198798,-0.1571000391325013,0.03963120079122253,-0.006257245464720965
20124.0,-0.09302394514177786,-0.1576182534765016,0.04033040822794073,-0.0061033684110884875
20136.0,-0.09280992400501081,-0.1581151548237437,0.04101474142323842,-0.005958492620682328
20148.0,-0.0925896769642294,-0.15859074590945113,0.041684030097049296,-0.005822505272083056
20160.0,-0.09236333038671074,-0.1590450357759214,0.042338108138239,-0.0056952918521599935
20172.0,-0.09213100939046157,-0.15947803971128194,0.04297681373988398,-0.005576736225463015
20184.0,-0.09189283778604837,-0.15988977918589645,0.04359998953486967,-0.005466720703427387
20196.0,-0.09164893802212382,-0.1602802817864359,0.044207482731672035,-0.005365126113360361
20208.0,-0.09139943113460453,-0.16064958114764571,0.044799145250173325,-0.005271831867185786
20220.0,-0.09114443669945618,-0.16099771688183537,0.0453748338573642,-0.0051867160299158
20232.0,-0.09088407278903096,-0.16132473450610915,0.045934410302761956,-0.00510965538782529
20244.0,-0.09061845593190049,-0.16163068536736838,0.04647774145338722,-0.0050405255162939006
20256.0,-0.09034770107611409,-0.16191562656511432,0.04700469942812772,-0.004979200847300733
20268.0,-0.09007192155582308,-0.16217962087207421,0.04751516173130228,-0.004925554736528705
20280.0,-0.08979122906118339,-0.16242273665268653,0.04800901138525022,-0.004879459530061664
20292.0,-0.08950573361147293,-0.1626450477794724,0.04848613706175229,-0.00484078663064199
20304.0,-0.08921554353132749,-0.16284663354733261,0.048946433212086755,-0.004809406563463958
20316.0,-0.08892076543002334,-0.16302757858579933,0.04938980019552097,-0.004785189041468581
20328.0,-0.08862150418370834,-0.1631879727692929,0.0498161444060302,-0.004768003030124084
20340.0,-0.08831786292049792,-0.16332791112541284,0.05022537839703756,-0.004757716811653601
20352.0,-0.08800994300833642,-0.16344749374131803,0.05061742100395264,-0.004754198048688332
20364.0,-0.08769784404553677,-0.16354682566823806,0.05099219746429162,-0.004757313847321476
20376.0,-0.08738166385389659,-0.1636260168241717,0.05134963953515432,-0.0047669308195337
20388.0,-0.08706149847429634,-0.16368518189482156,0.051689685607830035,-0.004782915144964622
20400.0,-0.08673744216468021,-0.16372444023282826,0.05201228081930057,-0.004805132632003849
20412.0,-0.08640958740032242,-0.16374391575536174,0.05231737716040438,-0.004833448778181627
20424.0,-0.0860780248762805,-0.1637437368401388,0.05260493358042674,-0.004867728829828617
20436.0,-0.08574284351193442,-0.1637240362199254,0.05287491608787895,-0.004907837840981151
20448.0,-0.08540413045751555,-0.16368495087561294,0.05312729784722007,-0.004953640731513442
20460.0,-0.08506197110252856,-0.16362662192792002,0.05336205927128702,-0.005005002344470336
20472.0,-0.0847164490859629,-0.1635491945278228,0.05357918810918796,-0.0050617875025743345
20484.0,-0.08436764630820798,-0.16345281774577416,0.053778679529417506,-0.005123861063895285
20496.0,-0.08401564294456795,-0.1633376444598084,0.05396053619795444,-0.005191087976651368
20508.0,-0.08366051746028583,-0.16320383124261606,0.054124768351103456,-0.005263333333126431
20520.0,-0.08330234662698693,-0.1630515382476759,0.054271393862844464,-0.005340462422683961
20532.0,-0.0829412055404462,-0.16288092909454036,0.05440043830645386,-0.005422340783858115
20544.0,-0.08257716763959799,-0.16269217075336487,0.05451193501017078,-0.005508834255501381
20556.0,-0.08221030472669363,-0.16248543342878197,0.05460592510667981,-0.005599809026976717
20568.0,-0.08184068698852467,-0.1622608904432174,0.05468245757619343,-0.005695131687373928
20580.0,-0.08146838301863521,-0.16201871811974575,0.05474158928291641,-0.005794669273734884
20592.0,-0.08109345984043198,-0.16175909566459232,0.05478338500468569,-0.005898289318275483
20604.0,-0.08071598293112453,-0.16148220504937763,0.05480791745558548,-0.006005859894589273
20616.0,-0.08033601624641187,-0.16118823089321407,0.054815267301346796,-0.006117249662817015
20628.0,-0.07995362224584512,-0.16087736034475603,0.054805523167345827,-0.006232327913778819
20640.0,-0.07956886191879842,-0.1605497829643035,0.05477878163903156,-0.006350964612045144
20652.0,-0.07918179481097096,-0.16020569060607462,0.054735147254615625,-0.00647303043795034
20664.0,-0.07879247905136566,-0.15984527730073494,0.0546747324898805,-0.006598396828527857
20676.0,-0.07840097137966831,-0.1594687391383058,0.05459765773495866,-0.006726936017369928
20688.0,-0.07800732717397668,-0.15907627415153439,0.05450405126296653,-0.006858521073394248
20700.0,-0.07761160047881344,-0.15866808219984424,0.0543940491903715,-0.006993025938518929
20712.0,-0.07721384403337217,-0.1582443648539556,0.05426779542900211,-0.00713032546423948
20724.0,-0.07681410929993887,-0.15780532528127583,0.05412544162961605,-0.007270295447098694
20736.0,-0.07641244649243853,-0.15735116813216116,0.053967147116957236,-0.007412812663054505
20748.0,-0.07600890460506038,-0.15688209942713627,0.05379307881625575,-0.007557754900735014
20760.0,-0.07560353144091209,-0.15639832644517448,0.05360341117113301,-0.007705000993585322
20772.0,-0.07519637364065937,-0.1559000576131138,0.053398326052899264,-0.00785443085090378
20784.0,-0.07478747671111118,-0.1553875023963107,0.0531780126612417,-0.008005925487769766
20796.0,-0.07437688505371033,-0.154860871190605,0.052942667416330046,-0.008159367053858592
20808.0,-0.07396464199288767,-0.15432037521567976,0.0526924938423668,-0.008314638861153745
20820.0,-0.07355078980425377,-0.15376622640989662,0.052427702442657015,-0.008471625410557002
20832.0,-0.07313536974258493,-0.15319863732667618,0.05214851056625456,-0.008630212417397413
20844.0,-0.07271842206958004,-0.15261782103249585,0.051855142266300655,-0.008790286835844138
20856.0,-0.07229998608135425,-0.15202399100657404,0.05154782815015704,-0.008951736882237951
20868.0,-0.07188010013564812,-0.15141736104230114,0.0512268052214779,-0.009114452057333945
20880.0,-0.07145880167871953,-0.15079814515047907,0.050892316714371805,-0.009278323167472721
20892.0,-0.07103612727190133,-0.15016655746442203,0.05054461191983095,-0.009443242344684709
20904.0,-0.07061211261780004,-0.14952281214697496,0.050183946004619444,-0.009609103065736334
20916.0,-0.07018679258611756,-0.14886712329949042,0.04981057982283782,-0.009775800170127504
20928.0,-0.06976020123907542,-0.1481997048728185,0.04942477972039422,-0.009943229877051096
20940.0,-0.06933237185642654,-0.1475207705803364,0.04902681733263086,-0.010111289801323316
20952.0,-0.06890333696004056,-0.1468305338130632,0.048616969375378204,-0.010279878968298524
20964.0,-0.06847312833804575,-0.14612920755688888,0.048195517429721,-0.010448897827779281
20976.0,-0.0680417770685189,-0.14541700431194604,0.04776274772077775,-0.010618248266934152
20988.0,-0.06760931354270916,-0.14469413601414505,0.04731895089081727,-0.010787833622234407
21000.0,-0.06717576748778965,-0.1439608139589005,0.04686442176703657,-0.010957558690426666
21012.0,-0.06674116798912567,-0.1432172487270559,0.04639945912436475,-0.011127329738553175
21024.0,-0.06630554351205589,-0.14246365011302767,0.04592436544363613,-0.011297054513032569
21036.0,-0.06586892192317344,-0.14170022705517543,0.04543944666552559,-0.011466642247819465
21048.0,-0.0654313305111124,-0.14092718756840192,0.04494501194061876,-0.01163600367165387
21060.0,-0.06499279600682745,-0.1401447386789865,0.04444137337602354,-0.011805051014421086
21072.0,-0.06455334460336747,-0.13935308636165575,0.043928845778926306,-0.011973698012632004
21084.0,-0.06411300197514072,-0.1385524354788781,0.043407746397505706,-0.012141859914042437
21096.0,-0.06367179329666883,-0.13774298972238536,0.04287839465963263,-0.012309453481431358
21108.0,-0.06322974326083354,-0.13692495155690465,0.04234111190977623,-0.01247639699554702
21120.0,-0.06278687609661177,-0.13609852216609053,0.04179622114455803,-0.012642610257246147
21132.0,-0.062343215586305165,-0.13526390140064265,0.04124404674738308,-0.012808014588836236
21144.0,-0.06189878508225877,-0.13442128772858758,0.04068491422258911,-0.012972532834642725
21156.0,-0.061453607523082876,-0.1335708781877089,0.04011914992955795,-0.01313608936081545
21168.0,-0.061007705449371785,-0.13271286834010348,0.03954708081721506,-0.013298610054395019
21180.0,-0.06056110101892456,-0.1318474522288311,0.03896903415937309,-0.013460022321653706
21192.0,-0.06011381602147607,-0.1309748223366413,0.038385337291333914,-0.013620255085730712
21204.0,-0.05966587189294313,-0.1300951695467441,0.037796317348194275,-0.013779238783575926
21216.0,-0.05921728972918697,-0.129208683105592,0.0372023010052681,-0.013936905362227803
21228.0,-0.05876809029929779,-0.12831555058764604,0.0366036142210511,-0.014093188274432941
21240.0,-0.058318294058416195,-0.12741595786209048,0.036000581983129554,-0.014248022473633576
21252.0,-0.057867921160086544,-0.1265100890614623,0.0353935280574383,-0.014401344408337596
21264.0,-0.05741699146815732,-0.1255981265521554,0.03478277474125608,-0.014553092015886795
21276.0,-0.056965524568231646,-0.12468025090677318,0.034168642620313085,-0.014703204715646692
21288.0,-0.056513539778677846,-0.12375664087827826,0.03355145033038214,-0.014851623401629141
21300.0,-0.056061056161205214,-0.12282747337591013,0.03293151432369932,-0.014998290434573
21312.0,-0.05560809253101734,-0.12189292344282948,0.032309148640559865,-0.015143149633491837
21324.0,-0.05515466746654521,-0.1209531642354463,0.03168466468639907,-0.015286146266713707
21336.0,-0.05470079931877511,-0.12000836700439266,0.031058371014682444,-0.015427227042426953
21348.0,-0.05424650622017409,-0.11905870107710151,0.030430573115877397,-0.015566340098749146
21360.0,-0.05379180609322497,-0.1181043338419463,0.029801573212790252,-0.015703434993338372
21372.0,-0.053336716658580086,-0.11714543073390293,0.029171670062522016,-0.015838462692561187
21384.0,-0.05288125544283957,-0.11618215522169084,0.028541158765271968,-0.01597137556023881
21396.0,-0.0524254397859676,-0.11521466879635076,0.027910330580213888,-0.016102127345981238
21408.0,-0.051969286848350435,-0.1142431309612206,0.02727947274864464,-0.01623067317313452
21420.0,-0.05151281361751267,-0.11326769922326349,0.02664886832457144,-0.016356969526350323
21432.0,-0.05105603691449126,-0.11228852908570944,0.026018796012913563,-0.01648097423879749
21444.0,-0.0505989733998848,-0.11130577404196748,0.025389530015444327,-0.016602646479034533
21456.0,-0.05014163957958556,-0.11031958557077126,0.024761339884602124,-0.01672194673755055
21468.0,-0.049684051810197,-0.1093301131325102,0.02413449038526239,-0.016838836812999997
21480.0,-0.04922622630415838,-0.10833750416671337,0.023509241364559934,-0.01695327979814143
21492.0,-0.04876817913456863,-0.10734190409064032,0.022885847629812838,-0.017065240065495896
21504.0,-0.04830992623973929,-0.10634345629894476,0.022264558834596136,-0.01717468325274224
21516.0,-0.04785148342746415,-0.10534230216436793,0.02164561937298575,-0.01728157624786157
21528.0,-0.04739286637903081,-0.10433858103942437,0.021029268281975592,-0.01738588717404907
21540.0,-0.0469340906529761,-0.10333243025904718,0.020415739152056914,-0.017487585374404188
21552.0,-0.046475171688593775,-0.10232398514414245,0.019805260045923312,-0.01758664139641511
21564.0,-0.04601612480920393,-0.10131337900603973,0.01919805342525835,-0.01768302697625221
21576.0,-0.045556965225195464,-0.10030074315177304,0.018594336085536015,-0.01777671502288343
21588.0,-0.04509770803684569,-0.09928620689018411,0.017994319098754243,-0.01786767960202379
21600.0,-0.04463836823692982,-0.09826989753879745,0.017398207764006725,-0.01795589591993739
