t,G1,G2,G3,G4
0.0,0.0,0.0,0.0,0.0
12.0,0.0,0.0,0.0,0.0
24.0,0.0,0.0,0.0,0.0
36.0,0.0,0.0,0.0,0.0
48.0,0.0,0.0,0.0,0.0
60.0,0.0,0.0,0.0,0.0
72.0,0.0,0.0,0.0,0.0
84.0,0.0,0.0,0.0,0.0
96.0,0.0,0.0,0.0,0.0
108.0,0.0,0.0,0.0,0.0
120.0,0.0,0.0,0.0,0.0
132.0,0.0,0.0,0.0,0.0
144.0,0.0,0.0,0.0,0.0
156.0,0.0,0.0,0.0,0.0
168.0,0.0,0.0,0.0,0.0
180.0,0.0,0.0,0.0,0.0
192.0,0.0,0.0,0.0,0.0
204.0,0.0,0.0,0.0,0.0
216.0,0.0,0.0,0.0,0.0
228.0,0.0,0.0,0.0,0.0
240.0,0.0,0.0,0.0,0.0
252.0,0.0,0.0,0.0,0.0
264.0,0.0,0.0,0.0,0.0
276.0,0.0,0.0,0.0,0.0
288.0,0.0,0.0,0.0,0.0
300.0,0.0,0.0,0.0,0.0
312.0,0.0,0.0,0.0,0.0
324.0,0.0,0.0,0.0,0.0
336.0,0.0,0.0,0.0,0.0
348.0,0.0,0.0,0.0,0.0
360.0,0.0,0.0,0.0,0.0
372.0,0.0,0.0,0.0,0.0
384.0,0.0,0.0,0.0,0.0
396.0,0.0,0.0,0.0,0.0
408.0,0.0,0.0,0.0,0.0
420.0,0.0,0.0,0.0,0.0
432.0,0.0,0.0,0.0,0.0
444.0,0.0,8.28669530264851e-48,0.0,0.0
456.0,0.0,5.539971063044998e-46,0.0,0.0
468.0,0.0,1.8726704793820983e-44,0.0,0.0
480.0,0.0,4.266787543276838e-43,0.0,0.0
492.0,0.0,7.370557460800505e-42,0.0,0.0
504.0,0.0,1.029464465406895e-40,0.0,0.0
516.0,0.0,1.2108436301029217e-39,0.0,0.0
528.0,0.0,1.2333658178619346e-38,0.0,0.0
540.0,0.0,1.1104691347205971e-37,0.0,0.0
552.0,0.0,8.976388797753147e-37,0.0,0.0
564.0,0.0,6.59484282833998e-36,0.0,0.0
576.0,0.0,4.4474721998170485e-35,0.0,0.0
588.0,2.8486404452810273e-67,2.775665956171711e-34,0.0,0.0
600.0,2.5762450584817854e-65,1.6140955531503596e-33,0.0,0.0
612.0,1.1752466944019339e-63,8.796595634390746e-33,0.0,0.0
624.0,3.605422611458552e-62,4.5152726162625724e-32,0.0,0.0
636.0,8.367124291741717e-61,2.1923617107813656e-31,0.0,0.0
648.0,1.566656807266484e-59,1.0107430276237493e-30,0.0,0.0
660.0,2.4651010353844456e-58,4.439333665645474e-30,0.0,0.0
672.0,3.352361872610935e-57,1.8630724798608963e-29,0.0,0.0
684.0,4.021940786322317e-56,7.490768640900992e-29,0.0,0.0
696.0,4.32402024780792e-55,2.8922835875116027e-28,0.0,0.0
708.0,4.2175675868686235e-54,1.0747469781408259e-27,0.0,0.0
720.0,3.7695038793061066e-53,3.850957863909252e-27,0.0,0.0
732.0,3.112574169844801e-52,1.332905116840399e-26,0.0,0.0
744.0,2.3908766926210344e-51,4.463773908557975e-26,0.0,0.0
756.0,1.718449722547872e-50,1.448517806344819e-25,0.0,0.0
768.0,1.161565187750605e-49,4.560985828028585e-25,0.0,0.0
780.0,7.416108127040852e-49,1.3952608707983298e-24,0.0,0.0
792.0,4.489507880242147e-48,4.151656495475012e-24,0.0,0.0
804.0,2.5857249826905166e-47,1.2028940347942516e-23,0.0,0.0
816.0,1.421134709592202e-46,3.397119060663705e-23,0.0,0.0
828.0,7.473579997380518e-46,9.360070287953244e-23,0.0,0.0
840.0,3.769787020201624e-45,2.518330556371682e-22,0.0,0.0
852.0,1.8279030391451523e-44,6.621666146572699e-22,9.3516019733456e-83,0.0
864.0,8.536976534495438e-44,1.702847915514508e-21,1.185180957271873e-80,0.0
876.0,3.847335267459243e-43,4.285988530124614e-21,7.552955729199481e-79,0.0
888.0,1.6758873087796087e-42,1.0565410115677624e-20,3.2270190617452835e-77,0.0
900.0,7.06681186492721e-42,2.5524558486655e-20,1.0398512221671728e-75,0.0
912.0,2.888745444163247e-41,6.046819190504711e-20,2.6954744144512875e-74,0.0
924.0,1.1462222455148816e-40,1.405523769368594e-19,5.854679352396655e-73,0.0
936.0,4.420054372737856e-40,3.207183766226015e-19,1.0959492031552156e-71,0.0
948.0,1.6583411507717907e-39,7.187920622437074e-19,1.8048175468011945e-70,0.0
960.0,6.059858023718642e-39,1.58301156005793e-18,2.6561508986099905e-69,0.0
972.0,2.158827373661644e-38,3.4273857428878284e-18,3.5369228380447425e-68,0.0
984.0,7.504771284922319e-38,7.29838054127956e-18,4.3042618089151665e-67,0.0
996.0,2.5479643294515267e-37,1.5291556179111346e-17,4.826790253786293e-66,0.0
1008.0,8.455418258455922e-37,3.1536006769595605e-17,5.02242871392817e-65,0.0
1020.0,2.7446784170269032e-36,6.404001364643184e-17,4.8778100105616824e-64,0.0
1032.0,8.721117994718248e-36,1.2809668946020603e-16,4.4442257509754256e-63,0.0
1044.0,2.7143721088376663e-35,2.5247066735112983e-16,3.81544417961825e-62,0.0
1056.0,8.280550713082956e-35,4.904653794195111e-16,3.098524773418045e-61,2.4858932525702123e-111
1068.0,2.477438566556482e-34,9.39423860127459e-16,2.388441420181572e-60,4.0257170657251864e-109
1080.0,7.273574227353276e-34,1.7745812782460736e-15,1.7528718417424078e-59,3.2753651964154636e-107
1092.0,2.0966643148599728e-33,3.3069740695731705e-15,1.2281467836842404e-58,1.785074730982561e-105
1104.0,5.937025319713627e-33,6.081074368711345e-15,8.235426345825232e-58,7.331142969678904e-104
1116.0,1.6522653879080127e-32,1.1037058560290972e-14,5.296972888785868e-57,2.42002786688519e-102
1128.0,4.5213000213724787e-32,1.9776701626371023e-14,3.2745972703027395e-56,6.688325572619175e-101
1140.0,1.217059018862598e-31,3.499300039852406e-14,1.9493186330609946e-55,1.5917820766774229e-99
1152.0,3.2240963362535174e-31,6.115475223909175e-14,1.119288188990403e-54,3.3301233316838735e-98
1164.0,8.408671351589862e-31,1.0558242840368813e-13,6.208911219434123e-54,6.22119177001523e-97
1176.0,2.159916110273768e-30,1.8011595279144947e-13,3.332202267479064e-53,1.0507641085481186e-95
1188.0,5.4663363527075935e-30,3.036649604736444e-13,1.7324908072009706e-52,1.620716148656405e-94
1200.0,1.3635112952397802e-29,5.060557669314228e-13,8.737230406123883e-52,2.3018125250010183e-93
1212.0,3.353285695602805e-29,8.337560698473576e-13,4.278997508537282e-51,3.031152824845253e-92
1224.0,8.133401901782565e-29,1.358278978267036e-12,2.037248649730726e-50,3.722934075334836e-91
1236.0,1.946249354625004e-28,2.188353632410356e-12,9.43881833870127e-50,4.28658446857776e-90
1248.0,4.595985172117541e-28,3.487311463855719e-12,4.259640149419199e-49,4.647378223852983e-89
1260.0,1.0713635547533752e-27,5.497584294423005e-12,1.874108707441188e-48,4.7628040927948703e-88
1272.0,2.4659975583498876e-27,8.574748328335476e-12,8.045352758408952e-48,4.6298684464717685e-87
1284.0,5.6060994757258634e-27,1.3234175282167221e-11,3.372598487172556e-47,4.282094400734134e-86
1296.0,1.2590758449070099e-26,2.0214056803563145e-11,1.381576332204236e-46,3.778489571818948e-85
1308.0,2.794295866985097e-26,3.055932496413371e-11,5.53451407724267e-46,3.1888191192191086e-84
1320.0,6.129497689860923e-26,4.5731755118457064e-11,2.1695304859165334e-45,2.5796774255822956e-83
1332.0,1.3292550139534476e-25,6.775223962646523e-11,8.327330556678322e-45,2.004524674288981e-82
1344.0,2.8504805752592553e-25,9.938176655984903e-11,3.1315385186029445e-44,1.498918946509782e-81
1356.0,6.045696443891406e-25,1.4434790186139952e-10,1.154427691775052e-43,1.080460473904084e-80
1368.0,1.2684753187054519e-24,2.076234025884177e-10,4.17412812557213e-43,7.519479151607434e-80
1380.0,2.6333652069529984e-24,2.957628035545665e-10,1.4810737017512856e-42,5.059953507471217e-79
1392.0,5.41024143045654e-24,4.173012238540809e-10,5.159536980426013e-42,3.296630442040895e-78
1404.0,1.1002187537624942e-23,5.83217035097876e-10,1.765507110811713e-41,2.0821034742778142e-77
1416.0,2.215011814776305e-23,8.0745624009193e-10,5.936702099209691e-41,1.2762874632871213e-76
1428.0,4.41553094211969e-23,1.1075112957520322e-9,1.9625551585441223e-40,7.601177949980015e-76
1440.0,8.717111503230634e-23,1.5050406234448183e-9,6.380798879944304e-40,4.4029219336436574e-75
1452.0,1.7045733156692728e-22,2.026507246656082e-9,2.04114094626977e-39,2.4828044252035767e-74
1464.0,3.3020272010141337e-22,2.703806097743855e-9,6.426533382814776e-39,1.3641872437927138e-73
1476.0,6.337731960259059e-22,3.5748399495767536e-9,1.9922359096957933e-38,7.309722200627754e-73
1488.0,1.2054237460068508e-21,4.683994275398604e-9,6.082933453417029e-38,3.8226765716449874e-72
1500.0,2.272274301495783e-21,6.082452466160974e-9,1.8299355822501007e-37,1.952536066266261e-71
1512.0,4.2457807886570695e-21,7.828285794030682e-9,5.425571350087979e-37,9.747710929103931e-71
1524.0,7.864825238210925e-21,9.986248527540187e-9,1.5858908133435467e-36,4.759585412086136e-70
1536.0,1.444483218472112e-20,1.262720899526603e-8,4.571359374294987e-36,2.274438531266306e-69
1548.0,2.630773368228992e-20,1.5827153462332797e-8,1.2998196521800328e-35,1.0643379505873646e-68
1560.0,4.751775623826588e-20,1.966571257060751e-8,3.646727694683176e-35,4.880157305206455e-68
1572.0,8.512997561930027e-20,2.4224180616601558e-8,1.0097610691341815e-34,2.1936816823766648e-67
1584.0,1.512914163532271e-19,2.958302641208919e-8,2.760180122386994e-34,9.672177400019674e-67
1596.0,2.667478797146301e-19,3.581893052084163e-8,7.450137965691918e-34,4.185049675315333e-66
1608.0,4.666496496250122e-19,4.300142609022466e-8,1.986095707839017e-33,1.7779018341264776e-65
1620.0,8.100862748132204e-19,5.11892671722687e-8,5.2304896524392054e-33,7.41893666341878e-65
1632.0,1.3956219794989553e-18,6.042669628431051e-8,1.3610836835639216e-32,3.042213114215413e-64
1644.0,2.386410513534685e-18,7.07398280604862e-8,3.500405808916084e-32,1.2263968217076966e-63
1656.0,4.050482869069057e-18,8.213340359187854e-8,8.898786142440329e-32,4.862253447519247e-63
1668.0,6.824880925570716e-18,9.458819549514968e-8,2.2366948637475595e-31,1.8965926134665288e-62
1680.0,1.1416979995315412e-17,1.0805935201618281e-7,5.559404815883346e-31,7.281123834562323e-62
1692.0,1.896336821364949e-17,1.224759552904619e-7,1.3667049185356274e-30,2.7520885621243798e-61
1704.0,3.1277134785640267e-17,1.3774203112645823e-7,3.32370799733518e-30,1.0244996354245658e-60
1716.0,5.12299424138102e-17,1.5373918394385795e-7,7.997364689196421e-30,3.7573946273971915e-60
1728.0,8.333806405192815e-17,1.7033094156755582e-7,1.9042273733546465e-29,1.3580704373669146e-59
1740.0,1.3465480500867833e-16,1.8736878376050956e-7,4.487539037759976e-29,4.83891656482211e-59
1752.0,2.1611980823280964e-16,2.0469970163691848e-7,1.046845775252816e-28,1.7001586247669238e-58
1764.0,3.445847371460324e-16,2.221750009121385e-7,2.4177289444485485e-28,5.892055593428713e-58
1776.0,5.458330857251616e-16,2.396599308845704e-7,5.5289970753228085e-28,2.0146362792789505e-57
1788.0,8.590507098683242e-16,2.570436050358998e-7,1.2521617488921112e-27,6.798156576044532e-57
1800.0,1.343398365297808e-15,2.742485904814294e-7,2.808726478875465e-27,2.264429426639105e-56
1812.0,2.0876084382725866e-15,2.912394936976683e-7,6.240957734957861e-27,7.447393028937265e-56
1824.0,3.223902094912223e-15,3.0802986842172144e-7,1.373858244179371e-26,2.4189609655577557e-55
1836.0,4.94803553468372e-15,3.246868244772924e-7,2.9966495055191885e-26,7.761228353990782e-55
1848.0,7.547980702155787e-15,3.4133282531163367e-7,6.477183063281172e-26,2.460389202146327e-54
1860.0,1.1444685537025196e-14,3.5814432393858034e-7,1.3875348438853105e-25,7.707980621353009e-54
1872.0,1.7249616505101124e-14,3.7534709314724903e-7,2.9461777606158484e-25,2.3868749805580032e-53
1884.0,2.5845456047735402e-14,3.932083425399383e-7,6.201256513028049e-25,7.307301458286649e-53
1896.0,3.849852718786863e-14,4.120259642199827e-7,1.2940561820242707e-24,2.212106651950767e-52
1908.0,5.701439154741864e-14,4.3211548985010405e-7,2.677471730402033e-24,6.623044051922662e-52
1920.0,8.395179161980142e-14,4.537955522983459e-7,5.4933759430079145e-24,1.9615085482043196e-51
1932.0,1.2291489504916091e-13,4.773728040809838e-7,1.1177366498407366e-23,5.747511627358656e-51
1944.0,1.7894989899024244e-13,5.031273343167575e-7,2.2556268832763636e-23,1.6664814753107174e-50
1956.0,2.590797597532233e-13,5.312996330995103e-7,4.515057735524533e-23,4.78215724324552e-50
1968.0,3.730204641430394e-13,5.620800710885249e-7,8.965348136128555e-23,1.3583748953191126e-49
1980.0,5.341342348215986e-13,5.956016946642089e-7,1.7661078853325296e-22,3.819931802451538e-49
1992.0,7.606897832276117e-13,6.319368934813457e-7,3.4518416065750263e-22,1.0636471654273377e-48
2004.0,1.077517643208447e-12,6.710981958321559e-7,6.694287147273249e-22,2.932983430756e-48
2016.0,1.5181702097495553e-12,7.130431126690805e-7,1.2882879239003873e-21,8.010395532091719e-48
2028.0,2.12772184446378e-12,7.576826127676759e-7,2.4604295710688386e-21,2.1671613428087542e-47
2040.0,2.966374741983436e-12,8.048925006207673e-7,4.6637113696137335e-21,5.808720096542338e-47
2052.0,4.114071567474508e-12,8.54526715508181e-7,8.774199421483287e-21,1.5426912080879455e-46
2064.0,5.676356457141257e-12,9.064314009679754e-7,1.638588566909502e-20,4.060157114739896e-46
2076.0,7.791771939639408e-12,9.60458527897117e-7,3.037732369957862e-20,1.0590743259812104e-45
2088.0,1.0641130574132894e-11,1.0164779018435456e-6,5.590826155553189e-20,2.7383117900401307e-45
2100.0,1.445905618644684e-11,1.074386545154209e-6,1.0215937693576953e-19,7.018817574881933e-45
2112.0,1.9548249693040853e-11,1.1341147057690961e-6,1.8534646411841662e-19,1.7836928220922694e-44
2124.0,2.6296997307864576e-11,1.195628084258356e-6,3.3390386697157166e-19,4.494697021092776e-44
2136.0,3.520050250027286e-11,1.2589262579383977e-6,5.973324819091577e-19,1.1231894465455638e-43
2148.0,4.6886684776297196e-11,1.3240376780990472e-6,1.0611922087981247e-18,2.7837142927407614e-43
2160.0,6.214714474947438e-11,1.3910119833019391e-6,1.8723203627886165e-18,6.843228576126402e-43
2172.0,8.197404172385909e-11,1.4599106693578261e-6,3.2809428753580247e-18,1.6688095362072495e-42
2184.0,1.0760366186179698e-10,1.5307973512427233e-6,5.710486017441146e-18,4.0374334749190466e-42
2196.0,1.4056746572435763e-10,1.6037289192501656e-6,9.872477690927177e-18,9.691687136184661e-42
2208.0,1.827513864004266e-10,1.6787488186717452e-6,1.695430662485907e-17,2.308502359419572e-41
2220.0,2.364640956060061e-10,1.7558834710370387e-6,2.8923850601566326e-17,5.456809131068252e-41
2232.0,3.045148564240755e-10,1.8351425220792305e-6,4.902020741983883e-17,1.2801602961943692e-40
2244.0,3.90301428794732e-10,1.91652317774621e-6,8.253862656477937e-17,2.9808892556001e-40
2256.0,4.979082785133844e-10,2.0000184168705845e-6,1.380771601417498e-16,6.890029877154075e-40
2268.0,6.322150539474672e-10,2.0856283972674405e-6,2.295026963540432e-16,1.5809829189708444e-39
2280.0,7.990149297015111e-10,2.17337395335383e-6,3.790297292032084e-16,3.6016397874806e-39
2292.0,1.0051419677205373e-9,2.263310767122008e-6,6.220078692861681e-16,8.146589250973692e-39
2304.0,1.2586061112595722e-9,2.355542620932367e-6,1.0143143783246897e-15,1.8297361285660237e-38
2316.0,1.5687338068946358e-9,2.450232136760487e-6,1.6436894285370494e-15,4.0810518347881936e-38
2328.0,1.9463115501125443e-9,2.5476075812010804e-6,2.646995522653552e-15,9.039823307741725e-38
2340.0,2.4037288824441184e-9,2.64796465796652e-6,4.236313755738203e-15,1.988769409443913e-37
2352.0,2.9551165506011603e-9,2.7516626895415996e-6,6.7381258551960135e-15,4.34587639240018e-37
2364.0,3.6164746959597578e-9,2.8591151597175554e-6,1.0651732649047068e-14,9.43343548210104e-37
2376.0,4.405785109164518e-9,2.970775189142366e-6,1.6735743647107425e-14,2.034194391327272e-36
2388.0,5.343100800821467e-9,3.0871170809537525e-6,2.6135228794393358e-14,4.357876603684747e-36
2400.0,6.450605454234969e-9,3.208615538551194e-6,4.0567335775944265e-14,9.275696998069809e-36
2412.0,7.752634796029074e-9,3.3357244671622013e-6,6.259034610157493e-14,1.9617152766568135e-35
2424.0,9.275651607081667e-9,3.4688573854802925e-6,9.599091854160763e-14,4.122600584494644e-35
2436.0,1.104816606494597e-8,3.6083713747808574e-6,1.463374757330027e-13,8.609539445665624e-35
2448.0,1.3100593426165204e-8,3.75455618592639e-6,2.2176536862258276e-13,1.7868533615169443e-34
2460.0,1.5465041786290742e-8,3.907629638797781e-6,3.340828927211324e-13,3.685739766392236e-34
2472.0,1.817502385384813e-8,4.067739834119493e-6,5.003180020989326e-13,7.556367890983732e-34
2484.0,2.1265088387202633e-8,4.234974019961281e-6,7.448655554471288e-13,1.5398541725520344e-33
2496.0,2.4770369198692758e-8,4.409373287851513e-6,1.1024463452433342e-12,3.119242080301218e-33
2508.0,2.8726052434770754e-8,4.5909516892053235e-6,1.6221545428973296e-12,6.281248669858715e-33
2520.0,3.316676617299892e-8,4.7797179252496815e-6,2.3729523684004316e-12,1.2574602851726363e-32
2532.0,3.81259001831352e-8,4.975697519843527e-6,3.4510728075199254e-12,2.50274995198227e-32
2544.0,4.363486789058464e-8,5.178953359669024e-6,4.98991618143604e-12,4.952661033860214e-32
2556.0,4.9722327027861887e-8,5.3896026807958455e-6,7.173177327373925e-12,9.744966280425425e-32
2568.0,5.6413379995580406e-8,5.607828970980907e-6,1.0252119654573183e-11,1.906623218891144e-31
2580.0,6.372877937299581e-8,5.833887798640968e-6,1.4568122143047215e-11,3.709488367231186e-31
2592.0,7.16841680794461e-8,6.068106212153675e-6,2.058186582488797e-11,7.177102419504791e-31
2604.0,8.02893871252894e-8,6.310876008623271e-6,2.891079575111094e-11,1.3809923446568112e-30
2616.0,8.954788642024924e-8,6.562641780590628e-6,4.037678835401107e-11,2.6427800204590363e-30
2628.0,9.945627544053595e-8,6.82388515043285e-6,5.606626409797255e-11,5.030123176133337e-30
2640.0,1.100040504176076e-7,7.095106946722137e-6,7.740529812470605e-11,9.522784716495982e-30
2652.0,1.2117353285477363e-7,7.3768092337381005e-6,1.0625257800383244e-10,1.7932323953077234e-29
2664.0,1.329400504064881e-7,7.66947906397987e-6,1.4501331137402892e-10,3.359043458466405e-29
2676.0,1.45272385342619e-7,7.973575593591908e-6,1.9677736283757887e-10,6.259216003171931e-29
2688.0,1.5813350792956198e-7,8.289521810301922e-6,2.6548495586478026e-10,1.1602939421242394e-28
2700.0,1.7148160216287783e-7,8.617701615997032e-6,3.561231596543236e-10,2.139823995584331e-28
2712.0,1.852713795754403e-7,8.958462435032532e-6,4.749560324040237e-10,3.926158966347636e-28
2724.0,1.9945566364574047e-7,9.312122943427714e-6,6.297906437459511e-10,7.167291167427998e-28
2736.0,2.1398721310236338e-7,9.67898499144814e-6,8.302801782122241e-10,1.3018375564091708e-27
2748.0,2.288207377516163e-7,1.0059348375129466e-5,1.0882638561283532e-9,2.352827381759899e-27
2760.0,2.439150460504214e-7,1.0453526842952351e-5,1.4181414311521306e-9,4.2312774674322096e-27
2772.0,2.592352503027813e-7,1.0861863629535414e-5,1.837277480380434e-9,7.572119829185427e-27
2784.0,2.7475494393167513e-7,1.1284744898938434e-5,2.3664275610782952e-9,1.3484786286118573e-26
2796.0,2.904582566428857e-7,1.1722609747180761e-5,3.030174567975063e-9,2.3898304190300567e-26
2808.0,3.0634168829455646e-7,1.217595582934824e-5,3.857359331879405e-9,4.2150435918440636e-26
2820.0,3.224156216702519e-7,1.2645340196790433e-5,4.881484756647537e-9,7.398851386764524e-26
2832.0,3.3870541873221233e-7,1.3131375496909201e-5,6.141067769385768e-9,1.2926138585363168e-25
2844.0,3.5525201471000616e-7,1.3634722236877772e-5,7.679908310175512e-9,2.2476586246600604e-25
2856.0,3.7211193970557485e-7,1.4156078277712667e-5,9.5472398515023e-9,3.8901241029126637e-25
2868.0,3.8935671821453443e-7,1.4696167048076956e-5,1.1797721941610111e-8,6.701660205916279e-25
2880.0,4.0707162258751694e-7,1.5255726104568724e-5,1.4491232521166212e-8,1.1492148689528772e-24
2892.0,4.2535378614727505e-7,1.5835497595066212e-5,1.7692416848573837e-8,1.961705288952013e-24
2904.0,4.443097142564185e-7,1.6436221907799953e-5,2.1469951408751433e-8,3.333447077078051e-24
2916.0,4.640522656004364e-7,1.7058635342067397e-5,2.5895485801165657e-8,5.638894864505311e-24
2928.0,4.846972095510102e-7,1.7703472072311597e-5,3.104223388795349e-8,9.496163811840927e-24
2940.0,5.063594967581914e-7,1.837147006941627e-5,3.698319790666648e-8,1.592095392604671e-23
2952.0,5.291494070505305e-7,1.9063380074277783e-5,4.37890261084108e-8,2.657476106652616e-23
2964.0,5.531687592912469e-7,1.97799762693754e-5,5.152552580526237e-8,4.416330286064405e-23
2976.0,5.785073801950497e-7,2.0522067030404554e-5,6.025087919601848e-8,7.30731638801549e-23
2988.0,6.052400316961453e-7,2.129050410381077e-5,7.001263826993042e-8,1.2038449607691248e-22
3000.0,6.334239881406867e-7,2.208618875736983e-5,8.084460627852542e-8,1.974746640578e-22
3012.0,6.630974347697186e-7,2.2910073865635084e-5,9.276374503063505e-8,3.225463159662537e-22
3024.0,6.9427882771918e-7,2.3763161464250766e-5,1.057672774258284e-7,5.245950341389336e-22
3036.0,7.269673138607238e-7,2.464649595686262e-5,1.198301805753348e-7,8.496087432211207e-22
3048.0,7.611442577484787e-7,2.5561153793231207e-5,1.349032836114318e-7,1.3702115233813887e-21
3060.0,7.967758649491788e-7,2.65082309661444e-5,1.5091219273296744e-7,2.2005997380108063e-21
3072.0,8.338168289926291e-7,2.74888300220601e-5,1.677572611128347e-7,3.5195737646290595e-21
3084.0,8.722148664911129e-7,2.850404839714277e-5,1.853148002808527e-7,5.605898861468402e-21
3096.0,9.119159454036728e-7,2.9554969761704352e-5,2.0343969043471813e-7,8.892360081078065e-21
3108.0,9.528699588747194e-7,3.064265970323527e-5,2.2196948877161252e-7,1.4048037929146098e-20
3120.0,9.950365553698217e-7,3.1768166554461864e-5,2.407300576645942e-7,2.2103000537327446e-20
3132.0,1.0383908084199405e-6,3.293252755442231e-5,2.595426402549858e-7,3.46364718207672e-20
3144.0,1.0829283990022112e-6,3.4136779904109176e-5,2.782322035595001e-7,5.4059579406072104e-20
3156.0,1.1286699923964032e-6,3.538197572717812e-5,2.966367541881513e-7,8.403841865148031e-20
3168.0,1.175664520149885e-6,3.666919953806911e-5,3.1461721677019833e-7,1.3012438975853054e-19
3180.0,1.2239911262170459e-6,3.799958659694803e-5,3.320673592956908e-7,2.0068940166507835e-19
3192.0,1.2737596027537306e-6,3.937434050580689e-5,3.489231629902884e-7,3.083075685261597e-19
3204.0,1.3251092224721824e-6,4.079474855668772e-5,3.6517097762927383e-7,4.717880251018301e-19
3216.0,1.3782059667067576e-6,4.226219364200948e-5,3.808537864420973e-7,7.191532233573737e-19
3228.0,1.433238246183412e-6,4.377816192506149e-5,3.9607493651253576e-7,1.0919843167752714e-18
3240.0,1.4904113089504693e-6,4.534424588914222e-5,4.109987767689254e-7,1.6517348603788648e-18
3252.0,1.5499406206379178e-6,4.6962142786272615e-5,4.2584778852175677e-7,2.488866476568812e-18
3264.0,1.6120445798021104e-6,4.8633648854282065e-5,4.4089599067136477e-7,3.736013274744352e-18
3276.0,1.6769369896722234e-6,5.036064994480772e-5,4.5645864554985123e-7,5.586873634323935e-18
3288.0,1.7448197421358362e-6,5.214510940107855e-5,4.728785687439851e-7,8.32320985240496e-18
3300.0,1.8158761765929597e-6,5.398905415187982e-5,4.905096387752686e-7,1.2353277320133349e-17
3312.0,1.8902655533501255e-6,5.5894560060750154e-5,5.096983873578966e-7,1.8266298052563094e-17
3324.0,1.96811902842503e-6,5.7863737599641655e-5,5.307648022670818e-7,2.6909362179444208e-17
3336.0,2.0495374359561024e-6,5.989871890944973e-5,5.539836657495844e-7,3.949554938893715e-17
3348.0,2.1345910798844318e-6,6.200164726213917e-5,5.795678564269322e-7,5.775532669795709e-17
3360.0,2.223321614120119e-6,6.417466983867609e-5,6.076550404483227e-7,8.414768338884182e-17
3372.0,2.315745957533259e-6,6.641993456807263e-5,6.382990538176819e-7,1.221533795054416e-16
3384.0,2.41186205547615e-6,6.873959152321677e-5,6.714670273451855e-7,1.7668059288836114e-16
3396.0,2.511656172384638e-6,7.113579903687302e-5,7.070429349350905e-7,2.5462377405486323e-16
3408.0,2.6151112895012397e-6,7.361073430048136e-5,7.448377737595063e-7,3.65630458492907e-16
3420.0,2.7222160963553624e-6,7.616660777182817e-5,7.846060425304882e-7,5.231491647405551e-16
3432.0,2.8329740113754703e-6,7.880568029452994e-5,8.260676138526512e-7,7.458556234242611e-16
3444.0,2.947411650951586e-6,8.153028148191185e-5,8.689335490730464e-7,1.059586079053248e-15
3456.0,3.0655861899996074e-6,8.434282769985564e-5,9.129339339221648e-7,1.4999473450518926e-15
3468.0,3.187591120396265e-6,8.724583794576469e-5,9.578454744530504e-7,2.1158262480669723e-15
3480.0,3.3135600134350925e-6,9.024194608995557e-5,1.0035164325997657e-6,2.9740892650604894e-15
3492.0,3.443668022757814e-6,9.333390831755884e-5,1.0498865338954458e-6,4.1658504757781856e-15
3504.0,3.5781310165943405e-6,9.652460514671683e-5,1.0969997635792794e-6,5.814797250153368e-15
3516.0,3.7172023921707965e-6,9.981703803641459e-5,1.1450084767684845e-6,8.088204237721983e-15
3528.0,3.861167789119425e-6,0.00010321432124831313,1.1941679549202536e-6,1.1211444320227819e-14
3540.0,4.010338070518677e-6,0.00010671967019839542,1.2448213920810888e-6,1.5487028741244634e-14
3552.0,4.1650410681678746e-6,0.00011033638794189793,1.297376217221102e-6,2.1319487770567948e-14
3564.0,4.325612682634453e-6,0.00011406785161833133,1.35227356488142e-6,2.924774996191038e-14
3576.0,4.492387980549823e-6,0.00011791750061652003,1.4099534998523265e-6,3.998710633030152e-14
3588.0,4.665692936605382e-6,0.0001218888279164174,1.4708191897109126e-6,5.4483371866642847e-14
3600.0,4.845837424240616e-6,0.0001259853755766979,1.5352035221348597e-6,7.398249939994905e-14
3612.0,5.033109969391612e-6,0.0001302107347454851,1.6033416259696404e-6,1.0011968114944037e-13
3624.0,5.227774651850702e-6,0.00013456854997156393,1.6753523524641298e-6,1.350329152439348e-13
3636.0,5.4300703780976e-6,0.00013906252707852792,1.7512310206609264e-6,1.8150714449862725e-13
3648.0,5.640212569932922e-6,0.0001436964435095343,1.8308546838149513e-6,2.4315642176881983e-13
3660.0,5.858397128733903e-6,0.0001484741598993452,1.913999925031112e-6,3.2465315134891225e-13
3672.0,6.084806360264921e-6,0.0001533996316885402,2.0003718638325796e-6,4.32015331913355e-13
3684.0,6.31961639388513e-6,0.0001584769198297657,2.0896417938430516e-6,5.729649170688383e-13
3696.0,6.563005515254358e-6,0.00016371019998492317,2.181489821775276e-6,7.573729482198059e-13
3708.0,6.815162763083311e-6,0.00016910376999551213,2.2756481728162955e-6,9.9781003310666e-13
3720.0,7.076296124323768e-6,0.00017466205574537968,2.3719405703253052e-6,1.3102240706644376e-12
3732.0,7.3466397004261504e-6,0.00018038961576069562,2.4703133462935297e-6,1.7147708817621923e-12
3744.0,7.626459307361003e-6,0.00018629114496905054,2.570854695075507e-6,2.2368276105511856e-12
3756.0,7.916056107043526e-6,0.00019237147796628465,2.6737996876539627e-6,2.908223415574557e-12
3768.0,8.215768036720545e-6,0.0001986355919489625,2.7795202001643903e-6,3.7687270610425645e-12
3780.0,8.525968991794508e-6,0.00020508860922264664,2.8885006135077437e-6,4.867836514573326e-12
3792.0,8.847065910537506e-6,0.000211735798965744,3.0013018144658185e-6,6.266921501505386e-12
3804.0,9.179494089647607e-6,0.0002185825777879023,3.1185174679504127e-6,8.041776071125501e-12
3816.0,9.523711211893925e-6,0.0002256345086244164,3.2407275466194813e-6,1.0285644475134794e-11
3828.0,9.8801906776643e-6,0.0002328972976762166,3.3684545516036965e-6,1.311278988095538e-11
3840.0,1.0249414890980754e-5,0.00024037678942306055,3.50212765346119e-6,1.6662681433468866e-11
3852.0,1.0631869151775967e-5,0.0002480789601527195,3.642059121100296e-6,2.1104880678822154e-11
3864.0,1.1028036749189185e-5,0.000256009910880024,3.7884359678497317e-6,2.6644713058236773e-11
3876.0,1.143839573972783e-5,0.00026417586088202296,3.941327886863486e-6,3.3529813695598015e-11
3888.0,1.1863417738571995e-5,0.00027258314325993697,4.100710494599551e-6,4.205763860837619e-11
3900.0,1.2303568865405278e-5,0.00028123820388989976,4.266500910813155e-6,5.258403227807557e-11
3912.0,1.275931278428333e-5,0.0002901476048169263,4.4386010411166864e-6,6.553293968180543e-11
3924.0,1.323111557817563e-5,0.00029931803260234305,4.61694282819065e-6,8.140734482362641e-11
3936.0,1.371945202098373e-5,0.0003087563114241366,4.8015293707970946e-6,1.0080150789329403e-10
3948.0,1.422481266957538e-5,0.00031846941996091694,4.992466255497477e-6,1.2441455878567196e-10
3960.0,1.4747711109184022e-5,0.00032846451039332373,5.1899786768737564e-6,1.530654852082358e-10
3972.0,1.528869065662517e-5,0.00033874892736046293,5.3944118010664534e-6,1.8770952839380986e-10
3984.0,1.584832986118111e-5,0.00034933022451726786,5.606214120976892e-6,2.2945596799735949e-10
3996.0,1.6427246241003164e-5,0.0003602161765100469,5.8259059567296736e-6,2.795872396747785e-10
4008.0,1.7026097846063076e-5,0.0003714147847214176,6.054037438841771e-6,3.39579283857773e-10
4020.0,1.7645582434420793e-5,0.00038293427596920244,6.291141956177483e-6,4.1112297229537804e-10
4032.0,1.828643426998907e-5,0.0003947830943583278,6.537691899835097e-6,4.961464002287827e-10
4044.0,1.8949418777334022e-5,0.00040696988752453973,6.794063432807504e-6,5.968377671115779e-10
4056.0,1.963532550146532e-5,0.00041950348940590675,7.060515938054379e-6,7.156684984549433e-10
4068.0,2.0344959997868956e-5,0.0004323929022812413,7.3371898587802445e-6,8.554161869515004e-10
4080.0,2.1079135402659306e-5,0.0004456472810157809,7.624124088957643e-6,1.019186854251413e-9
4092.0,2.183866449146688e-5,0.0004592759222094003,7.92129124561501e-6,1.21043595785342e-9
4104.0,2.2624353021089167e-5,0.0004732882602801514,8.228646459031237e-6,1.432987493255753e-9
4116.0,2.343699505927058e-5,0.00048769387153494207,8.546183153928407e-6,1.6910504730073726e-9
4128.0,2.4277370851532963e-5,0.0005025024861328759,8.87398800500656e-6,1.9892320052967307e-9
4140.0,2.5146247562734214e-5,0.0005177240067169633,9.212287060763229e-6,2.3325461493130114e-9
4152.0,2.604438298364318e-5,0.000533368531555694,9.561476014093331e-6,2.726417697236607e-9
4164.0,2.6972532031960942e-5,0.0005494463794427097,9.922129658371704e-6,3.176680027985004e-9
4176.0,2.7931455627454257e-5,0.0005659681134370049,1.0294988439948707e-5,3.6895662004222783e-9
4188.0,2.892193130621281e-5,0.0005829445608008702,1.0680923305298925e-5,4.271692508145873e-9
4200.0,2.9944764780494304e-5,0.0006003868271470558,1.108088326718326e-5,4.9300338083204304e-9
4212.0,3.100080156390914e-5,0.0006183063037178037,1.14958327923315e-5,5.671890066818416e-9
4224.0,3.2090937775525026e-5,0.0006367146677264281,1.1926687819855456e-5,6.504843733707207e-9
4236.0,3.321612931148921e-5,0.000655623876630093,1.2374259662360753e-5,7.436707778223274e-9
4248.0,3.4377398721392586e-5,0.0006750461579274624,1.283921510964103e-5,8.475464470602657e-9
4260.0,3.557583933378271e-5,0.000694993996493382,1.3322058843450653e-5,9.629195297488409e-9
4272.0,3.6812616420057216e-5,0.0007154801215448252,1.3823141076970005e-5,1.0906002734036988e-8
4284.0,3.8088965443952246e-5,0.0007365174951127404,1.4342689612539568e-5,1.2313924962948122e-8
4296.0,3.940618768964289e-5,0.0007581193034599731,1.4880861822002312e-5,1.3860845019683617e-8
4308.0,4.076564377168632e-5,0.0007802989523519789,1.5437808966018693e-5,1.5554396242895044e-8
4320.0,4.2168745685711794e-5,0.0008030700665713746,1.601374327797938e-5,1.740186630592333e-8
4332.0,4.3616948147336215e-5,0.0008264464936603393,1.6608997685172667e-5,1.9410102483329364e-8
4344.0,4.5111739983209306e-5,0.0008504423116220223,1.7224069050148154e-5,2.158542114804976e-8
4356.0,4.665463628499689e-5,0.0008750718402063338,1.7859638271440146e-5,2.3933524780835676e-8
4368.0,4.824717192404526e-5,0.000900349655393362,1.851656413485719e-5,2.645942998425644e-8
4380.0,4.989089686636709e-5,0.0009262906066881056,1.9195851919271267e-5,2.9167410108890953e-8
4392.0,5.158737354270279e-5,0.0009529098367707834,1.9898601793533325e-5,3.2060956100493105e-8
4404.0,5.333817633604472e-5,0.0009802228028514479,2.0625945347038826e-5,3.51427590469819e-8
4416.0,5.5144893067378105e-5,0.0010082452987475005,2.1378980627007315e-5,3.8414717629233826e-8
4428.0,5.700912820487678e-5,0.0010369934762869094,2.215871645247431e-5,4.187797325021823e-8
4440.0,5.893250740380986e-5,0.0010664838642391317,2.2966035434767503e-5,4.5532975028714526e-8
4452.0,6.0916682910926855e-5,0.001096733382721501,2.380168223296943e-5,4.9379576098724794e-8
4464.0,6.296333934070747e-5,0.0011277593510517464,2.4666279546268672e-5,5.341716176299736e-8
4476.0,6.507419935038904e-5,0.0011595794874108378,2.5560369824952173e-5,5.764480902589956e-8
4488.0,6.72510288018444e-5,0.0011922118994694615,2.648447639787367e-5,6.206147590249607e-8
4500.0,6.949564109453848e-5,0.0012256750662535925,2.743917437676159e-5,6.666621770052988e-8
4512.0,7.180990047647072e-5,0.0012599878128299656,2.8425159879190168e-5,7.14584262411979e-8
4524.0,7.419572427917902e-5,0.0012951692806637803,2.944330614817643e-5,7.643808677109339e-8
4536.0,7.665508416704291e-5,0.0013312388974933804,3.0494697073597148e-5,8.160604617479068e-8
4548.0,7.919000662738415e-5,0.001368216351055482,3.158063216162702e-5,8.696428508215644e-8
4560.0,8.18025730422362e-5,0.0014061215708264581,3.270260159996744e-5,9.251618563469828e-8
4572.0,8.449491976080011e-5,0.0014449747210777714,3.3862234985049995e-5,9.826678608775273e-8
4584.0,8.72692386201758e-5,0.0014847962070650505,3.506123169846699e-5,1.0422301313226291e-7
4596.0,9.01277783305253e-5,0.001525606694293209,3.630128409429104e-5,1.1039388286588785e-7
4608.0,9.307284704418647e-5,0.00156742713882901,3.758400603039319e-5,1.167906617620234e-7
4620.0,9.610681626872838e-5,0.001610278824910139,3.8910878580870184e-5,1.234269797970162e-7
4632.0,9.923212607309581e-5,0.001654183404941688,4.028322208231807e-5,1.3031888910397323e-7
4644.0,0.00010245129129527329,0.0016991629366021703,4.170219941099807e-5,1.374848631111001e-7
4656.0,0.00010576690821961658,0.001745239912288732,4.316885025244857e-5,1.4494573305847017e-7
4668.0,0.00010918166098846722,0.0017924372774416892,4.468415096365844e-5,1.527245610141404e-7
4680.0,0.00011269832688356026,0.0018407784361774888,4.624909031405333e-5,1.6084645095335022e-7
4692.0,0.00011631977959116347,0.0018902872447912578,4.786474866913019e-5,1.6933830202981804e-7
4704.0,0.0001200489896730006,0.0019409879956819736,4.953236753357718e-5,1.78228510747369e-7
4716.0,0.00012388902170831583,0.001992905395747596,5.125339793512377e-5,1.875466312137019e-7
4728.0,0.0001278430279359626,0.002046064544032293,5.3029519664600614e-5,1.9732300490057638e-7
4740.0,0.00013191423867282002,0.002100490913267282,5.4862628308030405e-5,2.0758837322083766e-7
4752.0,0.00013610595026116568,0.0021562103389823253,5.675479248281877e-5,2.1837348764423077e-7
4764.0,0.0001404215117355892,0.002213249018283034,5.8708188786004496e-5,2.2970873290668407e-7
4776.0,0.0001448643117294703,0.002271633518507593,6.0725025797148074e-5,2.416237790385496e-7
4788.0,0.0001494377673001401,0.0023313907941587904,6.280747038061705e-5,2.5414727739072503e-7
4800.0,0.00015414531629825696,0.002392548209089228,6.495758916032965e-5,2.6730661455150604e-7
4812.0,0.00015899041462691176,0.002455133560141704,6.717731544646138e-5,2.811277360368865e-7
4824.0,0.0001639765392495832,0.0025191750984175244,6.946844751885267e-5,2.9563504895842323e-7
4836.0,0.00016910719716701881,0.002584701545015321,7.183267877150183e-5,3.1085140962183525e-7
4848.0,0.00017438593987291964,0.002651742099270046,7.427165473673704e-5,3.267981983209538e-7
4860.0,0.00017981638211499954,0.0027203264389559834,7.678704739629744e-5,3.434954796343802e-7
4872.0,0.00018540222323121702,0.002790484713301683,7.938063425906222e-5,3.6096224250245227e-7
4884.0,0.00019114726898567235,0.0028622475307391285,8.20543689555693e-5,3.792167104741615e-7
4896.0,0.00019705545175028168,0.002935645943903752,8.481043169292072e-5,3.982767089887732e-7
4908.0,0.00020313084708238556,0.003010711434463887,8.765125154208994e-5,4.1816007361074673e-7
4920.0,0.0002093776852065137,0.00308747589995394,9.057949754155089e-5,4.3888508096581045e-7
4932.0,0.00021580035655193808,0.003165971644072568,9.359804109756789e-5,4.604708828950359e-7
4944.0,0.00022240341122844776,0.003246231371088458,9.670989715744687e-5,4.829379241718753e-7
4956.0,0.00022919155303032513,0.0033282881842673744,9.99181552346724e-5,5.063083250780143e-7
4968.0,0.00023616962913877284,0.00341217558773565,0.00010322591293563215,5.306062122071963e-7
4980.0,0.0002433426170670617,0.003497927490984293,0.00010663622390898551,5.558579839926467e-7
4992.0,0.0002507156105204463,0.0035855782152622545,0.00011015206926309289,5.820925014943618e-7
5004.0,0.0002582938057299588,0.003675162501305526,0.00011377635701875324,6.09341199732058e-7
5016.0,0.0002660824895142136,0.0037667155180665618,0.00011751194891993585,6.376381200446637e-7
5028.0,0.00027408702990706815,0.0038602728722247747,0.00012136170888745605,6.670198692889926e-7
5040.0,0.0002823128697564367,0.003955870618204275,0.00012532856349950302,6.975255168209311e-7
5052.0,0.00029076552333924185,0.004053545268205785,0.00012941556283236713,7.291964447854096e-7
5064.0,0.0002994505758117675,0.0041533338014568925,0.0001336259301596104,7.620761709430986e-7
5076.0,0.00030837368524579616,0.004255273671631053,0.0001379630913368078,7.962101657849328e-7
5088.0,0.0003175405870660163,0.004359402811323291,0.00014243067873441557,8.316456867917658e-7
5100.0,0.000326957100840908,0.004465759632703968,0.000147032509546805,8.684316522263765e-7
5112.0,0.00033662913950126895,0.004574383024027421,0.00015177254325276677,9.06618574735178e-7
5124.0,0.0003465627210797164,0.004685312342476551,0.00015665482699171463,9.462585713310573e-7
5136.0,0.0003567639829158923,0.004798587404711168,0.0001616834398969291,9.874054611828103e-7
5148.0,0.00036723919793482185,0.0049142484772312,0.0001668624475687674,1.0301149563166323e-6
5160.0,0.00037799479211551965,0.005032336269035703,0.00017219587586310268,1.0744449432070016e-6
5172.0,0.0003890373617152123,0.005152891928883655,0.0001776877094114477,1.1204558457460837e-6
5184.0,0.00040037368833504303,0.005275957048685331,0.00018334191551201766,1.1682110527377815e-6
5196.0,0.0004120107496547783,0.00540157367326176,0.00018916248916124858,1.217777386396399e-6
5208.0,0.00042395572375714536,0.005529784315135638,0.00019515351097312776,1.2692255828634954e-6
5220.0,0.00043621598548395816,0.00566063197149526,0.00020131920733181989,1.3226307519668764e-6
5232.0,0.0004487990942123553,0.00579416013937298,0.00020766400179744943,1.3780727817269468e-6
5244.0,0.0004617127737125112,0.00593041282471944,0.00021419254858677877,1.4356366537453722e-6
5256.0,0.00047496488616213383,0.006069434541618874,0.0002209097425171303,1.4954126387218684e-6
5268.0,0.0004885634036996436,0.006211270299371813,0.00022782070442777484,1.5574963469048489e-6
5280.0,0.0005025163818292799,0.0063559655773522405,0.00023493074586825074,1.6219886160838659e-6
5292.0,0.0005168319393126519,0.006503566290028228,0.00024224532083168883,1.6889952293968699e-6
5304.0,0.0005315182487429024,0.006654118746812421,0.00024976997473464375,1.75862646621561e-6
5316.0,0.0005465835407766076,0.0068076696129725665,0.00025751030123485023,1.8309965010189162e-6
5328.0,0.0005620361231181967,0.006964265878282929,0.00026547191576853526,1.9062226767038507e-6
5340.0,0.0005778844130746688,0.00712395483924189,0.0002736604512281284,1.984424689411045e-6
5352.0,0.000594136980190517,0.007286784098589247,0.00028208157668396463,2.0657237308540924e-6
5364.0,0.000610802593542829,0.007452801582864552,0.0002907410353827495,2.1502416406113486e-6
5376.0,0.0006278902671018743,0.007622055575401248,0.0002996446943635035,2.2381001242529806e-6
5388.0,0.0006454092964139121,0.007794594759101923,0.000308798595695221,2.3294200931029086e-6
5400.0,0.0006633692808442148,0.007970468261212225,0.00031820899902635887,2.4243211776585947e-6
5412.0,0.0006817801276331783,0.008149725691569836,0.0003278824069081271,2.522921459243206e-6
5424.0,0.0007006520367743355,0.0083324171666515,0.00033782556785853866,2.6253374536374904e-6
5436.0,0.0007199954687733623,0.008518593314061835,0.0003480454566725493,2.7316843667822204e-6
5448.0,0.0007398211001657468,0.00870830525548755,0.0003585492361474304,2.842076626938726e-6
5460.0,0.0007601397737475672,0.00890160456994195,0.0003693442082461149,2.95662868091773e-6
5472.0,0.0007809624514123581,0.00909854324261327,0.0003804377649876647,3.075456025239834e-6
5484.0,0.0008023001770856019,0.00929917360712591,0.0003918373495702126,3.1986764275379274e-6
5496.0,0.0008241640555473086,0.00950354829003942,0.0004035504363417427,3.3264112802936217e-6
5508.0,0.0008465652502170504,0.009711720165754785,0.0004155845346012143,3.458787019150609e-6
5520.0,0.0008695149997279438,0.009923742327814672,0.00042794721654829446,3.595936532413112e-6
5532.0,0.000893024649931485,0.010139668079322714,0.0004406461649234845,3.7380004875014903e-6
5544.0,0.0009171056954482427,0.01035955094152619,0.00045368923193654626,3.885128504365346e-6
5556.0,0.0009417698234872123,0.010583444676239853,0.00046708449875314945,4.037480115057703e-6
5568.0,0.0009670289526613361,0.010811403315390633,0.0004808403245640588,4.195225462395343e-6
5580.0,0.0009928952609180772,0.011043481189976218,0.0004949653761552583,4.358545708061221e-6
5592.0,0.001019381199195015,0.011279732951298896,0.0005094686325679803,4.527633140526158e-6
5604.0,0.001046499490489459,0.011520213579282117,0.0005243593641729933,4.702690994418049e-6
5616.0,0.0010742631170613162,0.01176497837554843,0.0005396470903642091,4.88393301393557e-6
5628.0,0.0011026853008370113,0.012014082942108649,0.000555341524156645,5.071582812032588e-6
5640.0,0.0011317794832522918,0.01226758314932195,0.0005714525144660904,5.265873092902751e-6
5652.0,0.0011615593105104576,0.012525535098677695,0.0005879899972779816,5.467044816471328e-6
5664.0,0.0011920386285913767,0.012787995086580864,0.0006049639652095928,5.675346389147971e-6
5676.0,0.0012232314896790737,0.013055019574632043,0.0006223844614751891,5.891032964389334e-6
5688.0,0.0012551521685704686,0.013326665170097453,0.0006402615996637438,6.114365929494189e-6
5700.0,0.0012878151847893426,0.013602988617801575,0.0006586056059243782,6.345612641818971e-6
5712.0,0.001321235324228255,0.013884046802097818,0.0006774268760465464,6.585046459053186e-6
5724.0,0.0013554276536650494,0.014169896755426362,0.0006967360372909943,6.832947085567148e-6
5736.0,0.001390407522639968,0.014460595668673954,0.0007165440041472849,7.0896012317394265e-6
5748.0,0.001426190549770229,0.014756200898322662,0.0007368620185540832,7.355303557444561e-6
5760.0,0.0014627925941208615,0.015056769966188977,0.0007577016682158912,7.630357846512203e-6
5772.0,0.0015002297159988909,0.015362360549168477,0.0007790748808550954,7.915078337909496e-6
5784.0,0.001538518134653226,0.015673030458421774,0.0008009938967257186,8.209791123421455e-6
5796.0,0.0015776741920891643,0.015988837609418133,0.0008234712256289972,8.51483551215512e-6
5808.0,0.0016177143320424768,0.016309839985793915,0.0008465195972907162,8.830565260264658e-6
5820.0,0.001658655100980358,0.016636095600814648,0.0008701519148373686,9.157349570329181e-6
5832.0,0.0017005131741108161,0.01696766246025883,0.000894381220143285,9.495573778649877e-6
5844.0,0.0017433054044842132,0.017304598529856108,0.0009192206772706493,9.845639669588077e-6
5856.0,0.001787048888322072,0.017646961709241137,0.0009446835766381884,1.0207965382583094e-5
5868.0,0.0018317610357479809,0.01799480981303008,0.000970783358655613,1.0582984907817102e-5
5880.0,0.0018774596340248272,0.018348200558389628,0.0009975336520985133,1.0971147198419219e-5
5892.0,0.001924162890787479,0.018707191557574932,0.0010249483200997522,1.1372914958205928e-5
5904.0,0.0019718894476924813,0.019071840313474458,0.0010530415056879154,1.1788763191807179e-5
5916.0,0.0020206583599584917,0.019442204216200284,0.0010818276693988827,1.2219177626369723e-5
5928.0,0.0020704890435553347,0.019818340539083573,0.0011113216134089768,1.2664653128965614e-5
5940.0,0.0021214011981268103,0.020200306432902552,0.0011415384894313922,1.3125692249991505e-5
5952.0,0.002173414718841651,0.020588158917612422,0.001172493790689121,1.3602804019499117e-5
5964.0,0.0022265496131793966,0.02098195487114322,0.001204203331024948,1.4096503110549498e-5
5976.0,0.0022808259385051826,0.021381751014945945,0.0012366832161409954,1.460730946207893e-5
5988.0,0.0023362637730655338,0.021787603895947288,0.0012699498127872006,1.5135748424852405e-5
6000.0,0.002392883227250697,0.022199569864528087,0.0013040197213949917,1.5682351459917505e-5
6012.0,0.0024507044946522564,0.022617705048196317,0.001338909756368205,1.624765738206788e-5
6024.0,0.002509747934972433,0.023042065320877714,0.0013746369363614867,1.6832214103954527e-5
6036.0,0.0025700341746631374,0.02347270626822085,0.0014112184848435862,1.7436580802462172e-5
6048.0,0.0026315842075238793,0.023909683149945873,0.0014486718394859605,1.8061330400431144e-5
6060.0,0.0026944194771354236,0.02435305086091635,0.0014870146677528034,1.8707052235985827e-5
6072.0,0.0027585619260843564,0.024802863893097913,0.0015262648856447512,1.9374354780274286e-5
6084.0,0.0028240340029018775,0.025259176300710697,0.0015664406768273722,2.0063868263242555e-5
6096.0,0.00289085862537853,0.02572204167057375,0.001607560510161225,2.077624707625871e-5
6108.0,0.002959059106941557,0.02619151309887032,0.0016496431546508094,2.151217183922895e-5
6120.0,0.0030286590595383104,0.026667643174445477,0.0016927076917378216,2.227235104679282e-5
6132.0,0.0030996822906434133,0.027150483967496444,0.0017367735254360333,2.3057522241068004e-5
6144.0,0.0031721527127925686,0.027640087021404715,0.0017818603909195946,2.3868452694573138e-5
6156.0,0.003246094281308755,0.028136503344753573,0.001827988361859563,2.4705939623463727e-5
6168.0,0.003321530970197085,0.028639783400467612,0.0018751778562144889,2.5570809985127558e-5
6180.0,0.0033984867887012263,0.029149977089566563,0.001923449639564726,2.6463919942792652e-5
6192.0,0.0034769858332476078,0.02966713372815573,0.0019728248246969706,2.738615410085804e-5
6204.0,0.0035570523630063713,0.0301913020177499,0.002023324866196932,2.8338424626581257e-5
6216.0,0.0036387108833457653,0.0307225300105227,0.002074971549377374,2.9321670375758586e-5
6228.0,0.003721986220785997,0.03126086507224348,0.002127786973891157,3.033685613219208e-5
6240.0,0.0038069035757182053,0.03180635384622326,0.00218179353364861,3.138497205398567e-5
6252.0,0.003893488544500698,0.03235904222138479,0.0022370138958728945,3.246703339575661e-5
6264.0,0.003981767109384066,0.03291897530661764,0.0022934709829570644,3.358408054701133e-5
6276.0,0.0040717656015627915,0.03348619741207023,0.002351187960958392,3.473717939594466e-5
6288.0,0.004163510648043953,0.03406075203629819,0.00241018823793285,3.592742199766367e-5
6300.0,0.00425702911584287,0.03464268185662644,0.002470495473903105,3.715592749908769e-5
6312.0,0.00435234806671765,0.035232028719060865,0.002532133602276702,3.842384325194808e-5
6324.0,0.004449494732385607,0.035828833623862265,0.00259512686034571,3.9732346032228884e-5
6336.0,0.00454849651472236,0.03643313670355269,0.0026594998245427,4.108264328012223e-5
6348.0,0.00464938100909913,0.037044977191548666,0.002725277444826495,4.247597427933343e-5
6360.0,0.004752176043224065,0.03766439338151345,0.002792485072246001,4.391361120769908e-5
6372.0,0.004856909719943158,0.03829142257948561,0.00286114847452272,4.5396860011107946e-5
6384.0,0.0049636104513190735,0.03892610105244026,0.0029312938363239213,4.6927061077501035e-5
6396.0,0.005072306973206646,0.039568463977811594,0.0030029477434755742,4.850558971467752e-5
6408.0,0.005183028334056528,0.04021854539844062,0.0030761371532292804,5.013385646194207e-5
6420.0,0.005295803857782083,0.04087637818640166,0.0031508893553145144,5.181330728856136e-5
6432.0,0.005410663086827406,0.04154199401740097,0.003227231930366855,5.354542374915447e-5
6444.0,0.005527635716625883,0.042215423355289126,0.003305192713043888,5.533172317570552e-5
6456.0,0.005646751535254856,0.0428966954441315,0.003384799766549917,5.7173758986800536e-5
6468.0,0.005768040381624525,0.04358583830367498,0.0034660813734616377,5.907312118677596e-5
6480.0,0.005891532132026549,0.044282878723270344,0.0035490660449891795,6.1031437111445285e-5
6492.0,0.006017256719034049,0.04498784224952275,0.0036337825476101247,6.305037245450613e-5
6504.0,0.006145244179845226,0.0457007531641103,0.003720259942956102,6.513163258187857e-5
6516.0,0.006275524724709735,0.046421634450100925,0.0038085276344683935,6.727696411281746e-5
6528.0,0.006408128811504385,0.047150507747338796,0.0038986154130999286,6.948815671961485e-5
6540.0,0.006543087210868804,0.0478873932996271,0.003990553494447926,7.176704507491324e-5
6552.0,0.006680431047975951,0.048632309898092495,0.004084372541128782,7.411551085956269e-5
6564.0,0.006820191811672649,0.049385274825972,0.004180103666689431,7.653548473641367e-5
6576.0,0.00696240132839556,0.05014630380996784,0.0042777784204354186,7.902894819745491e-5
6588.0,0.007107091705514588,0.050915410982304184,0.00437742875569381,8.159793520334006e-5
6600.0,0.007254295255011576,0.05169260885588989,0.004479086986671564,8.424453355468272e-5
6612.0,0.0074040444123141605,0.05247790831286194,0.004582785740773709,8.697088596171454e-5
6624.0,0.007556371665832913,0.053271318604627756,0.004688557913748517,8.977919081043228e-5
6636.0,0.007711309510155401,0.054072847359698986,0.0047964366342886176,9.267170265613921e-5
6648.0,0.007868890430525816,0.05488250059439902,0.004906455242916607,9.565073250604064e-5
6660.0,0.008029146919375058,0.05570028272109889,0.005018647287477304,9.871864797812152e-5
6672.0,0.008192111518787291,0.05652619654902721,0.005133046534805764,0.00010187787344118688
6684.0,0.008357816877409845,0.05736024327381967,0.005249686995615661,0.00010513089024866562
6696.0,0.008526295807600037,0.05820242245363235,0.0053686029577617615,0.00010848023717547519
6708.0,0.008697581329112126,0.05905273197158672,0.005489829022040867,0.00011192851115288872
6720.0,0.00887170668918566,0.05991116798626488,0.005613400134701538,0.0001154783683719905
6732.0,0.009048705354640042,0.06077772487366752,0.005739351611750935,0.00011913252579401355
6744.0,0.009228610978158372,0.06165239516526047,0.005867719151747317,0.000122893763068516
6756.0,0.00941145734682882,0.06253516948731305,0.005998538835726456,0.00012676492482142918
6768.0,0.009597278324851122,0.06342603650659295,0.006131847114879997,0.00013074892323820166
6780.0,0.009786107803243009,0.06432498288663693,0.0062676807882716765,0.00013484874083616297
6792.0,0.009977979667216221,0.06523199325736093,0.006406076974018666,0.00013906743329796957
6804.0,0.010172927787181367,0.06614705019888624,0.006547073077871719,0.00014340813222694321
6816.0,0.010370986033232023,0.06707013423838937,0.006690706763010045,0.00014787404768661986
6828.0,0.010572188306930394,0.06800122385682404,0.006837015924235757,0.00015246847040109699
6840.0,0.010776568579733697,0.06894029550081777,0.0069860386687841825,0.00015719477351879926
6852.0,0.01098416092556648,0.06988732359417756,0.007137813304858785,0.00016205641387796109
6864.0,0.011194999536338016,0.07084228054343457,0.007292378337934661,0.00016705693275439527
6876.0,0.011409118713359033,0.07180513673277647,0.007449772473988155,0.00017219995611726953
6888.0,0.011626552833668606,0.07277586050546392,0.007610034628176974,0.0001774891944626124
6900.0,0.011847336296803374,0.07375441813116256,0.0077732039371304846,0.00018292844233314844
6912.0,0.012071503462945665,0.07474077376116765,0.007939319772882591,0.00018852157766327182
6924.0,0.012299088596318685,0.07573488937581416,0.008108421756533597,0.0001942725611067319
6936.0,0.012530125827350623,0.07673672473001204,0.008280549769902956,0.00020018543551017024
6948.0,0.012764649143454217,0.07774623730348378,0.008455743963685937,0.0002062643256874617
6960.0,0.013002692411997219,0.07876338226173143,0.008634044760930139,0.00021251343862856186
6972.0,0.013244289431540022,0.07978811243207072,0.008815492854999439,0.0002189370642441257
6984.0,0.01348947400039001,0.08082037829650887,0.009000129201602139,0.00022553957670642044
6996.0,0.01373827998661775,0.08186012800027051,0.009187995004932836,0.0002323254364016237
7008.0,0.013990741382115826,0.08290730737195634,0.009379131698504142,0.00023929919246248925
7020.0,0.01424689232555308,0.08396185994921262,0.009573580921790352,0.0002464654858076055
7032.0,0.014506767084828724,0.08502372700283711,0.009771384494309901,0.00025382905257773916
7044.0,0.014770399997713391,0.08609284755266824,0.009972584389158712,0.0002613947278340257
7056.0,0.015037825378077218,0.08716915837034768,0.010177222708190875,0.0002691674493690542
7068.0,0.015309077402566353,0.0882525939667814,0.010385341660961677,0.00027715226148107656
7080.0,0.015584189997150638,0.08934308656530808,0.010596983549170633,0.0002853543185733301
7092.0,0.01586319674358224,0.09044056606456449,0.010812190757686605,0.0002937788884633255
7104.0,0.016146130822275655,0.09154495999719345,0.011031005752373287,0.000302431355318478
7116.0,0.016433025001137812,0.0926561934914137,0.011253471083976731,0.0003113172221714536
7128.0,0.016723911670887607,0.09377418924186927,0.011479629396431181,0.00032044211300747875
7140.0,0.017018822918290048,0.09489886749422032,0.011709523437233893,0.00032981177445296004
7152.0,0.017317790621401402,0.09603014604504155,0.01194319606715981,0.0003394320771267228
7164.0,0.017620846546899584,0.09716794025537802,0.012180690266611671,0.0003493090167392462
7176.0,0.01792802242965992,0.09831216307346476,0.012422049136344652,0.0003594487150395583
7188.0,0.0182393500188435,0.09946272506026424,0.012667315891110878,0.0003698574207130771
7200.0,0.018554861081946008,0.10061953441101577,0.01291653384581812,0.00038054151032685475
7212.0,0.018874587366920034,0.10178249696702332,0.01316974639492342,0.00039150748940262707
7224.0,0.019198560530761067,0.10295151621420667,0.013426996986803571,0.00040276199367490995
7236.0,0.01952681204909727,0.10412649326800032,0.013688329095590864,0.00041431179056387066
7248.0,0.019859373124120446,0.10530732684733583,0.013953786193308783,0.0004261637808639474
7260.0,0.020196274607186104,0.10649391324300186,0.014223411725028908,0.0004383250006223334
7272.0,0.020537546947993406,0.10768614628708945,0.01449724908921525,0.0004508026231593223
7284.0,0.020883220175567985,0.10888391733020754,0.014775341624519147,0.0004636039611673993
7296.0,0.021233323908910286,0.11008711523171907,0.015057732603189725,0.00047673646881931145
7308.0,0.021587887388821565,0.1112956263657381,0.015344465230158038,0.0004902077438176818
7320.0,0.0219469395184592,0.1125093346426081,0.015635582645924326,0.0005040255293295733
7332.0,0.022310508899374342,0.11372812154271587,0.01593112793078199,0.0005181977157673684
7344.0,0.022678623852153138,0.1149518661573967,0.016231144107743987,0.0005327323424002442
7356.0,0.023051312415581088,0.11618044523077962,0.016535674141816566,0.0005476375988056938
7368.0,0.023428602324197613,0.11741373319685328,0.01684476093393155,0.0005629218261950372
7380.0,0.023810520969701696,0.11865160220764416,0.017158447308774888,0.0005785935186678003
7392.0,0.024197095355549997,0.1198939221507749,0.01747677599676486,0.0005946613244647624
7404.0,0.024588352055364106,0.12114056065724042,0.01779978961135671,0.0006111340472965204
7416.0,0.024984317184212686,0.1223913831024166,0.018127530623520936,0.0006280206478226679
7428.0,0.025385016387945443,0.12364625260463012,0.01846004133555255,0.0006453302453461137
7440.0,0.02579047485059037,0.12490503002582394,0.01879736385628019,0.0006630721197686841
7452.0,0.0262007173147451,0.12616757397797565,0.019139540079295855,0.0006812557138298347
7464.0,0.02661576810621564,0.1274337408372464,0.01948661166512374,0.0006998906356226225
7476.0,0.027035651152826853,0.12870338476581095,0.019838620027438282,0.0007189866613530463
7488.0,0.027460389988689143,0.12997635773946414,0.02019560632268948,0.0007385537382835483
7500.0,0.027890007738906205,0.13125250957786264,0.02055761144193906,0.0007586019877817267
7512.0,0.028324527084802802,0.13253168797392234,0.020924676003446604,0.0007791417083834305
7524.0,0.02876397021493186,0.13381373851949366,0.021296840344597202,0.0008001833787768496
7536.0,0.029208358771047542,0.1350985047257885,0.02167414451208921,0.0008217376606214445
7548.0,0.0296577137998724,0.13638582803876487,0.022056628249802222,0.000843815401131984
7560.0,0.030112055720378016,0.13767554785133843,0.022444330984310444,0.0008664276353819562
7572.0,0.030571404312668318,0.1389675015154694,0.022837291808462168,0.0008895855883097241
7584.0,0.031035778729274963,0.14026152435759176,0.02323554946371092,0.0009133006764419672
7596.0,0.03150519752405122,0.14155744970042605,0.02363914232191147,0.0009375845093788545
7608.0,0.03197967868930394,0.14285510889308523,0.024048108367102857,0.0009624488911108315
7620.0,0.03245923968951162,0.1441543313498425,0.02446248517747055,0.0009879058212550974
7632.0,0.032943897480578486,0.14545494459637265,0.024882309907328436,0.0010139674963087844
7644.0,0.03343366850699761,0.1467567743210728,0.025307619268715043,0.0010406463110144866
7656.0,0.03392856867475871,0.1480596444284836,0.025738449512155787,0.001067954859922148
7668.0,0.034428613304025364,0.14936337709195024,0.026174836406345964,0.0010959059392105178
7680.0,0.03493381707099091,0.15066779280340026,0.026616815216926413,0.001124512548803466
7692.0,0.03544419395152553,0.1519727104192136,0.02706442068505219,0.0011537878947841889
7704.0,0.03595975717937095,0.15327794720230678,0.02751768700694102,0.001183745392076942
7716.0,0.036480519228574516,0.1545833188614273,0.02797664781586551,0.0012143986673346684
7728.0,0.037006491824216656,0.1558886395890526,0.02844133616798521,0.0012457615619448105
7740.0,0.03753768597856287,0.15719372209915156,0.028911784532936788,0.001277848135047192
7752.0,0.038074112043209096,0.1584983776655043,0.029388024789248842,0.0013106726664488418
7764.0,0.038615779763201775,0.15980241616053245,0.029870088223562564,0.001344249659321835
7776.0,0.039162698317693465,0.16110564609395614,0.030358005531545933,0.0013785938425814926
7788.0,0.03971487633391368,0.16240787465033354,0.03085180681755305,0.0014137201728625674
7800.0,0.04027232186671035,0.1637089077247978,0.03135152158974647,0.0014496438360385448
7812.0,0.04083504234348306,0.16500854995706396,0.03185717874773269,0.0014863802482615383
7824.0,0.041403044482287425,0.16630660476484885,0.03236880656078812,0.0015239450565347453
7836.0,0.04197633419740227,0.16760287437891244,0.032886432636348405,0.0015623541388632915
7848.0,0.042554916510166595,0.16889715988263665,0.03341008388032213,0.001601623604059863
7860.0,0.043138795482516576,0.17018926125910888,0.0339397864525951,0.0016417697913065524
7872.0,0.04372797418637024,0.1714789774479254,0.03447556572241107,0.0016828092695920028
7884.0,0.04432245471470112,0.1727661064124337,0.035017446228808966,0.001724758837152063
7896.0,0.04492223823140523,0.17405044521615942,0.03556545165077253,0.0017676355210421981
7908.0,0.04552732504883931,0.17533179010514163,0.03611960479021625,0.0018114565769609757
7920.0,0.04613771471604151,0.1766099365913188,0.036679927568625446,0.0018562394894267543
7932.0,0.04675340609846631,0.17788467953140083,0.03724644103551044,0.0019020019723855338
7944.0,0.047374397432071225,0.17915581319609458,0.03781916538435956,0.0019487619702984384
7956.0,0.04800068634033277,0.18042313132613727,0.038398119970020635,0.001996537659724542
7968.0,0.04863226981094314,0.18168642717408556,0.038983323320826484,0.002045347451380854
7980.0,0.04926914413769592,0.1829454935337284,0.03957479313951036,0.002095209992628513
7992.0,0.04991130484043268,0.18420012276173442,0.040172546288959436,0.0021461441703046562
8004.0,0.05055874658024709,0.1854501067981098,0.0407765987617771,0.0021981691137949347
8016.0,0.051211463087492526,0.1866952371927715,0.041386965635899574,0.0022513041982236766
8028.0,0.051869447116499254,0.18793530514482373,0.0420036610214666,0.0023055690476283036
8040.0,0.05253269043418421,0.18917010155906264,0.042626698006144575,0.00236098353798227
8052.0,0.05320118384154062,0.19039941712120728,0.04325608860668784,0.002417567799936478
8064.0,0.05387491721925996,0.1916230423899659,0.04389184373352866,0.0024753422211622965
8076.0,0.0545538795832688,0.1928407679009736,0.044533973172773376,0.0025343274481989747
8088.0,0.055238059134010885,0.19405238427550017,0.0451824855866221,0.0025945443877331276
8100.0,0.05592744328528173,0.19525768232604415,0.04583738852960963,0.0026560142072665437
8112.0,0.05662201866381104,0.19645645315164134,0.04649868847494043,0.002718758335159239
8124.0,0.05732177107826629,0.19764848821775083,0.047166390843219434,0.0027827984600659046
8136.0,0.05802668546411486,0.19883357941850424,0.04784050002548116,0.0028481565298141744
8148.0,0.058736745816973246,0.2000115191223144,0.048521019393671164,0.0029148547498011306
8160.0,0.05945193513021644,0.20118210020470756,0.049207951294360314,0.0029829155810089797
8172.0,0.06017223535197622,0.20234511607423686,0.04990129702490037,0.0030523617377607184
8184.0,0.060897627372384425,0.20350036069813565,0.05060105679471665,0.003123216185350865
8196.0,0.061628091045034306,0.20464762863391409,0.05130722967723647,0.003195502137693937
8208.0,0.0623636052387715,0.20578671507158935,0.05201981355949194,0.0032692430551333846
8220.0,0.06310414790893991,0.20691741588905574,0.05273880509642616,0.003344462642545382
8232.0,0.06384969617273394,0.2080395277207285,0.05346419967544264,0.003421184847854628
8244.0,0.06460022637238337,0.20915284803749756,0.05419599139416676,0.003499433861053095
8256.0,0.06535571411271515,0.21025717523455384,0.054934173051367385,0.0035792341137779056
8268.0,0.06611613426551317,0.21135230872297175,0.055678736148226285,0.003660610279462551
8280.0,0.06688146094063785,0.21243804902103372,0.05642967089526301,0.0037435872740286293
8292.0,0.06765166743130345,0.21351419784199174,0.057186966219609815,0.003828190257036256
8304.0,0.06842672614652123,0.21458055817601718,0.05795060976805106,0.00391444463316411
8316.0,0.0692066085462301,0.21563693436522155,0.05872058790303359,0.004002376053849045
8328.0,0.06999128509352844,0.21668313217162127,0.05949688569120424,0.004092010418884719
8340.0,0.07078072523402276,0.21771895883865625,0.06027948688630562,0.00418337387776278
8352.0,0.07157489740571829,0.21874422314734668,0.0610683739098696,0.004276492830541773
8364.0,0.0723737690756833,0.219758735468455,0.061863527833691416,0.004371393928049682
8376.0,0.07317730679362393,0.2207623078122103,0.06266492836743513,0.004468104071265589
8388.0,0.07398547624891105,0.22175475387732632,0.0634725538531176,0.00456665040978198
8400.0,0.0747982423172881,0.2227358891012116,0.0642863812661042,0.004667060339317449
8412.0,0.0756155690864452,0.22370553071336732,0.06510638622021984,0.004769361498323924
8424.0,0.0764374198550832,0.2246634977938752,0.06593254297320879,0.004873581763806113
8436.0,0.07726375710665533,0.22560961133846422,0.06676482442846444,0.004979749246535968
8448.0,0.07809454246507726,0.22654369433083488,0.06760320212981662,0.005087892285894891
8460.0,0.07892973664390433,0.22746557182173646,0.06844764624800902,0.005198039444605281
8472.0,0.07976929940184807,0.22837507101288648,0.06929812555985776,0.00531021950361733
8484.0,0.08061318951580945,0.22927202134246313,0.07015460742333031,0.005424461457395571
8496.0,0.08146136477835157,0.2301562545679179,0.07101705775330845,0.005540794509804073
8508.0,0.08231378202082754,0.23102760484156712,0.07188544100315034,0.005659248070723577
8520.0,0.08317039715763741,0.2318859087750339,0.07275972015618633,0.005779851753454579
8532.0,0.08403116524268474,0.2327310054901558,0.07363985672915051,0.005902635372875087
8544.0,0.08489604052703209,0.23356273665625535,0.0745258107867498,0.00602762894423902
8556.0,0.08576497650739673,0.23438094651629623,0.07541754096378424,0.006154862682429016
8568.0,0.0866379259581764,0.23518548190688127,0.07631500448915843,0.006284367001422897
8580.0,0.08751484094425782,0.23597619227873423,0.07721815720532414,0.006416172513701274
8592.0,0.08839567281669923,0.23675292972478829,0.07812695357743075,0.006550310029317853
8604.0,0.0892803721972407,0.23751554902204886,0.07904134668862953,0.006686810554374269
8616.0,0.09016888895953222,0.23826390769107034,0.07996128822112243,0.006825705288685657
8628.0,0.09106117221457674,0.23899786607355608,0.0808867284259542,0.006967025622487584
8640.0,0.0919571703053955,0.23971728742488405,0.08181761608741726,0.007110803132113319
8652.0,0.09285683081213293,0.24042203801502188,0.0827538984895777,0.00725706957465563
8664.0,0.09376010056486797,0.24111198722905228,0.08369552139240892,0.007405856881711678
8676.0,0.09466692565845909,0.24178700765790803,0.08464242902329439,0.007557197152385477
8688.0,0.09557725146270978,0.24244697517113273,0.08559456408658163,0.007711122645782885
8700.0,0.09649102262235648,0.24309176896637405,0.08655186779010952,0.007867665773273433
8712.0,0.0974081830445757,0.24372127159436158,0.08751427988403017,0.008026859090807454
8724.0,0.0983286758760306,0.2443353689625372,0.08848173870461755,0.008188735291563925
8736.0,0.09925244347572416,0.24493395032441842,0.0894541812146956,0.0083533271991645
8748.0,0.10017942739284447,0.24551690826438602,0.09043154303307045,0.008520667761625196
8760.0,0.1011095683594238,0.24608413868836065,0.09141375844774885,0.008690790046134135
8772.0,0.10204280630558964,0.2466355408295971,0.09240076041122945,0.00886372723464906
8784.0,0.10297908040076112,0.24717101727582494,0.09339248051998808,0.00903951262021076
8796.0,0.10391832911828348,0.24769047401979338,0.09438884898359906,0.009218179603778005
8808.0,0.10486049031507974,0.2481938205307714,0.09538979459103515,0.009399761691315796
8820.0,0.10580550131341923,0.24868096984059385,0.09639524468214622,0.00958429249082036
8832.0,0.10675329897008028,0.24915183863518806,0.09740512513108973,0.009771805708947905
8844.0,0.10770381971965683,0.24960634734163703,0.0984193603459057,0.009962335146933126
8856.0,0.10865699958339729,0.2500444202018321,0.09943787328511133,0.010155914695537224
8868.0,0.10961277414186782,0.2504659853263625,0.10046058548888571,0.010352578328849544
8880.0,0.11057107847741958,0.25087097472588915,0.1014874171198294,0.010552360096873171
8892.0,0.11153184709917864,0.25125932432110054,0.10251828700691948,0.01075529411694163
8904.0,0.11249501386749243,0.25163097393568695,0.10355311268633748,0.01096141456412792
8916.0,0.11346051193541601,0.2519858672789941,0.10459181043419126,0.011170755660904644
8928.0,0.11442827372165702,0.2523239519257966,0.10563429528837197,0.01138335166638311
8940.0,0.11539823092304054,0.2526451792999638,0.10668048105931206,0.01159923686549086
8952.0,0.11637031456636995,0.2529495046669676,0.10773028033165377,0.011818445558436738
8964.0,0.11734445509134975,0.2532368871377158,0.10878360446033664,0.012041012050761071
8976.0,0.11832058244982899,0.25350728968366676,0.10984036356513201,0.012266970644182008
8988.0,0.11929862620345288,0.25376067916113015,0.11090046652721111,0.012496355628338058
9000.0,0.12027851560257573,0.25399702634143756,0.11196382099018401,0.012729201273405554
9012.0,0.1212601796337967,0.2542163059433978,0.11303033336658035,0.012965541823453308
9024.0,0.12224354703068459,0.25441849666501504,0.11409990884938065,0.013205411490299804
9036.0,0.12322854625049967,0.25460358121253224,0.11517245142728558,0.01344884444757282
9048.0,0.12421510542711878,0.25477154632606536,0.11624786390210268,0.013695874824644893
9060.0,0.12520315231524903,0.25492238280203666,0.11732604790691403,0.013946536700132876
9072.0,0.12619261424230344,0.25505608551303216,0.11840690392437507,0.014200864094702656
9084.0,0.12718341808177422,0.2551726534255162,0.11949033130529454,0.014458890963002758
9096.0,0.12817549025623584,0.2552720896151511,0.12057622828826202,0.014720651184651247
9108.0,0.129168756770625,0.2553544012785507,0.12166449202130536,0.014986178554305443
9120.0,0.13016314326896472,0.25541959973949374,0.1227550185863,0.015255506770939838
9132.0,0.1311585751019864,0.2554677004472496,0.12384770302619554,0.015528669426532816
9144.0,0.13215497739048518,0.25549872296494697,0.12494243937428222,0.015805699994408985
9156.0,0.1331522750703111,0.25551269094688456,0.12603912068396442,0.016086631817497483
9168.0,0.13415039290936873,0.2555096321052019,0.12713763905709702,0.01637149809674778
9180.0,0.13514925549379966,0.25548957816809986,0.12823788566903854,0.016660331879898096
9192.0,0.13614878718804507,0.25545256483344014,0.12933975078920643,0.01695316605072489
9204.0,0.13714891207997018,0.2553986317226753,0.13044312379695971,0.017250033318824465
9216.0,0.13814955392617445,0.2553278223403781,0.13154789319383603,0.017550966209898718
9228.0,0.13915063611311126,0.255240184044016,0.13265394661423308,0.017855997056445864
9240.0,0.14015208164659956,0.255135768027117,0.1337611708372663,0.018165157988699738
9252.0,0.14115381317643866,0.25501462931683466,0.13486945180256715,0.018478480925623632
9264.0,0.14215575305548042,0.25487682678451457,0.13597867463216373,0.018795997565748377
9276.0,0.14315782342532243,0.2547224231656182,0.13708872365941685,0.019117739377650326
9288.0,0.1441599463153421,0.25455148508366165,0.13819948246451336,0.019443737589891315
9300.0,0.1451620437392413,0.2543640830719689,0.13931083391456497,0.019774023180287127
9312.0,0.14616403777408235,0.2541602915871498,0.14042266020525154,0.020108626864429446
9324.0,0.14716585061067455,0.25394018900924903,0.14153484290044205,0.02044757908345433
9336.0,0.14816740457015373,0.2537038576252808,0.14264726296645647,0.020790909991122472
9348.0,0.14916862208830373,0.2534513835950543,0.1437598007985781,0.02113864944034668
9360.0,0.15016942567512326,0.2531828569004555,0.14487233623891324,0.021490826969363892
9372.0,0.15116973786112378,0.252898371281342,0.14598474858643448,0.021847471787795173
9384.0,0.15216948114314302,0.2525980241626574,0.14709691660169055,0.022208612762861693
9396.0,0.15316857794101318,0.25228191657811333,0.14820871850988032,0.022574278406021716
9408.0,0.1541669505727908,0.25195015309577207,0.14932003200652463,0.022944496860260587
9420.0,0.15516452125144475,0.25160284175014425,0.1504307342696972,0.023319295888202418
9432.0,0.156161212101105,0.2512400939841421,0.15154070198173508,0.02369870286112277
9444.0,0.15715694518728218,0.2508620246026015,0.15264981136172373,0.024082744748834265
9456.0,0.1581516425536006,0.2504687517373281,0.1537579382081463,0.024471448110303634
9468.0,0.15914522625776983,0.25006039682196235,0.15486495794926625,0.02486483908475325
9480.0,0.16013761840145033,0.24963708457359118,0.1559707456974305,0.025262943382918224
9492.0,0.16112874115164488,0.24919894297711506,0.1570751763028078,0.025665786278084603
9504.0,0.1621185167543711,0.248746103268014,0.15817812440225387,0.02607339259653485
9516.0,0.16310686754378184,0.24827869990937448,0.15927946445998792,0.026485786707077446
9528.0,0.1640937159510134,0.24779687055981917,0.16037907079838135,0.02690299250943457
9540.0,0.16507898451665806,0.2473007560302129,0.16147681761907748,0.02732503342139491
9552.0,0.16606259590910602,0.2467905002285482,0.1625725790164923,0.027751932364791055
9564.0,0.16704447294864994,0.24626625009402225,0.16366622898712213,0.028183711750512014
9576.0,0.16802453863491726,0.24572815552277977,0.16475764143872793,0.028620393462889308
9588.0,0.16900271617358412,0.2451763692888864,0.16584669020325504,0.02906199884388114
9600.0,0.16997892899789052,0.2446110469646394,0.16693324905634538,0.029508548677509336
9612.0,0.17095310078134232,0.24403234684422342,0.16801719174473656,0.029960063174973184
9624.0,0.17192515543990577,0.24344042987398165,0.16909839202107718,0.030416561960776453
9636.0,0.1728950171244484,0.24283545959131095,0.17017672368410877,0.03087806406007162
9648.0,0.17386261020649152,0.2422176020726113,0.17125206062112422,0.03134458788726829
9660.0,0.17482785926190175,0.24158702588908762,0.17232427684932236,0.03181615123579447
9672.0,0.17579068905755932,0.24094390206779692,0.17339324655318106,0.03229277126876333
9684.0,0.17675102454521516,0.24028840405439167,0.17445884411611612,0.03277446451020367
9696.0,0.17770879086493113,0.23962070767368668,0.17552094414618644,0.03326124683647236
9708.0,0.17866391335818568,0.23894099108450892,0.176579421497076,0.03375313346748436
9720.0,0.17961631758853558,0.23824943472619986,0.177634151286676,0.03425013895746449
9732.0,0.18056592936621105,0.2375462212554435,0.17868500891605726,0.03475227718503012
9744.0,0.18151267477253868,0.23683153547354585,0.17973187009137634,0.03525956134253598
9756.0,0.18245648018069854,0.23610556424563647,0.1807746108503927,0.03577200392472871
9768.0,0.18339727227078556,0.23536849641427984,0.1818131075940331,0.03628961671685137
9780.0,0.18433497803899881,0.23462052271053363,0.1828472371221509,0.036812410782392474
9792.0,0.18526952480246933,0.2338618356655294,0.18387687667161695,0.03734039645068527
9804.0,0.18620084020227493,0.23309262952523374,0.18490190395437922,0.037873583304534095
9816.0,0.1871288522072987,0.23231310017029985,0.18592219719323413,0.038411980167987136
9828.0,0.18805348912077058,0.2315234450420042,0.18693763515369144,0.038955595094305004
9840.0,0.18897467958986833,0.2307238630743425,0.187948097171284,0.039504435354110225
9852.0,0.18989235261712242,0.22991455463155908,0.18895346317469822,0.04005850742366059
9864.0,0.19080643757110127,0.22909572144977616,0.18995361370591546,0.04061781697317867
9876.0,0.19171686419338,0.22826756658100225,0.19094842993897235,0.04118236885519425
9888.0,0.1926235625993238,0.22743029433760922,0.19193779369891026,0.04175216709290981
9900.0,0.1935264632716536,0.2265841102353529,0.19292158748206475,0.042327214868668445
9912.0,0.19442549704774087,0.22572922093314685,0.1938996944782178,0.04290751451267186
9924.0,0.1953205951035501,0.2248658341680827,0.1948719985945124,0.04349306749214461
9936.0,0.19621168893853239,0.22399415868463884,0.1958383844805954,0.04408387440115509
9948.0,0.19709871036612417,0.22311440415765066,0.1967987375543113,0.044679934951274654
9960.0,0.19798159151363917,0.22222678110942304,0.19775294402740823,0.045281247963184876
9972.0,0.19886026483340197,0.22133150082229464,0.19870089093103394,0.04588781135923716
9984.0,0.19973466312440516,0.22042877524890114,0.19964246614113143,0.04649962215684721
9996.0,0.2006047195612145,0.21951881692315683,0.20057755840404282,0.04711667646248953
10008.0,0.2014703677249625,0.21860183887538082,0.20150605736259883,0.04773896946596725
10020.0,0.20233154163057265,0.2176780545548607,0.20242785358272103,0.048366495434588874
10032.0,0.2031881757450642,0.21674767776236084,0.2033428385801889,0.04899924770689663
10044.0,0.20404020499375491,0.21581092259366266,0.20425090484688355,0.04963721868566375
10056.0,0.2048875647539357,0.21486800339333123,0.2051519458756728,0.050280399830000364
10068.0,0.2057301908384395,0.21391913471584187,0.2060458561832412,0.05092878164656213
10080.0,0.20656801947374226,0.21296453128936907,0.20693253133059114,0.05158235368001849
10092.0,0.2074009872782443,0.21200440797635747,0.20781186794152165,0.052241104503081254
10104.0,0.20822903124592396,0.2110389797248057,0.20868376371993733,0.052905021706496566
10116.0,0.2090520887387661,0.21006846150517802,0.209548117467135,0.05357409188944588
10128.0,0.2098700974887318,0.20909306822996748,0.21040482910010927,0.054248300650777605
10140.0,0.21068299560728085,0.20811301465587717,0.21125379967138322,0.05492763258140295
10152.0,0.21149072159835472,0.20712851527185858,0.21209493139003233,0.055612071258051766
10164.0,0.21229321436987575,0.20613978417922482,0.2129281276426774,0.056301599238416704
10176.0,0.21309041323948275,0.20514703497212236,0.21375329301259385,0.0569961980575442
10188.0,0.21388225793224813,0.20415048062731134,0.21457033329499053,0.05769584822518313
10200.0,0.21466868857095267,0.20315033341124014,0.2153791555070981,0.05840052922369909
10212.0,0.21544964566232372,0.20214680480988936,0.2161796678929113,0.05911021950611889
10224.0,0.21622507008461936,0.2011401054832075,0.21697177992398872,0.05982489649389099
10236.0,0.21699490308240205,0.20013044524182366,0.2177554022992021,0.06054453657402939
10248.0,0.2177590862730179,0.19911803303988196,0.21853044694727883,0.061269115095438136
10260.0,0.21851756166639208,0.19810307697504698,0.21929682703602033,0.06199860636437171
10272.0,0.21927027169593885,0.1970857842855423,0.2200544569910411,0.06273298363915059
10284.0,0.22001715925464563,0.19606636133474578,0.22080325252488342,0.06347221912439899
10296.0,0.22075816772776966,0.19504501357626358,0.2215431306748297,0.06421628396518334
10308.0,0.22149324101291892,0.1940219454960694,0.22227400984526297,0.06496514824149094
10320.0,0.2222223235199659,0.1929973605325093,0.22299580984867487,0.0657187809634914
10332.0,0.22294536014707467,0.19197146097891743,0.2237084519389131,0.06647715006796781
10344.0,0.22366229623434586,0.1909444478765144,0.22441185883124773,0.06724022241619754
10356.0,0.22437307750202304,0.18991652090664085,0.22510595470619343,0.06800796379341624
10368.0,0.22507764998453533,0.1888878782910205,0.22579066519726504,0.06878033890982976
10380.0,0.22577595997372754,0.1878587167068093,0.2264659173662284,0.06955731140296818
10392.0,0.22646795398378036,0.18682923122015133,0.22713163967211564,0.0703388438410235
10404.0,0.22715357874654218,0.18579961523849728,0.22778776194162195,0.07112489772669799
10416.0,0.22783278123998021,0.18477006047877526,0.22843421534812244,0.07191543350102995
10428.0,0.22850550874548028,0.18374075694623893,0.22907093240449905,0.072710410546669
10440.0,0.2291717089233413,0.1827118929178301,0.22969784697173,0.07350978719014845
10452.0,0.22983132989151028,0.18168365492424624,0.23031489428154905,0.07431352070284453
10464.0,0.230484320291447,0.18065622772637044,0.23092201096832501,0.07512156730050897
10476.0,0.23113062932735592,0.1796297942838447,0.23151913510341965,0.07593388214149095
10488.0,0.2317702067704377,0.17860453571579335,0.23210620622509753,0.07675041932400117
10500.0,0.2324030029271285,0.17758063125550744,0.2326831653586022,0.07757113188298057
10512.0,0.23302896857788655,0.17655825820192092,0.2332499550238329,0.07839597178728933
10524.0,0.23364805489923146,0.17553759187080945,0.23380651923139537,0.07922488993799881
10536.0,0.23426021338504074,0.17451880554793875,0.23435280347075887,0.08005783616853268
10548.0,0.23486539578280052,0.1735020704451916,0.23488875469604906,0.08089475924725804
10560.0,0.23546355405668015,0.17248755565942475,0.23541432131517523,0.08173560688288287
10572.0,0.23605464038285706,0.17147542813285388,0.23592945318651068,0.08258032573269919
10584.0,0.23663860717498425,0.17046585261341074,0.23643410162463957,0.0834288614133625
10596.0,0.23721540713084957,0.1694589916138611,0.23692821941351666,0.08428115851356485
10608.0,0.23778499328673838,0.1684550053693861,0.23741176082264268,0.08513716060769494
10620.0,0.23834731906483678,0.16745405179453413,0.23788468162032161,0.08599681026942638
10632.0,0.2389023383014475,0.16645628644156618,0.23834693907819815,0.08686004908416842
10644.0,0.23945000524920593,0.16546186246288908,0.23879849196308886,0.0877268176594619
10656.0,0.23999027455351954,0.16447093058025997,0.23923930051518633,0.08859705563269596
10668.0,0.24052310121035636,0.1634836390626931,0.23966932641525213,0.08947070167592132
10680.0,0.2410484405175439,0.1625001337136475,0.24008853274650208,0.09034769349798993
10692.0,0.24156624803363186,0.16152055786642977,0.24049688395870567,0.09122796784469084
10704.0,0.2420764795566084,0.16054505238519973,0.24089434584205352,0.09211146049791022
10716.0,0.24257909112973375,0.15957375566789483,0.24128088551651922,0.09299810627506182
10728.0,0.24307403907467504,0.15860680364706062,0.2416564714391422,0.09388783903007095
10740.0,0.24356128004473573,0.15764432978507478,0.2420210734276391,0.09478059165704171
10752.0,0.24404077108512245,0.15668646506147665,0.24237466269494579,0.0956762960974075
10764.0,0.24451246968439813,0.1557333379517811,0.2427172118865905,0.09657488335090822
10776.0,0.2449763338023307,0.1547850743988953,0.24304869511182728,0.09747628349021979
10788.0,0.245432321864139,0.1538417977796863,0.24336908796045129,0.09838042567856381
10800.0,0.24588039271862797,0.1529036288700849,0.24367836749995242,0.09928723818922348
10812.0,0.2463205055661827,0.15197068581222084,0.24397651225153785,0.10019664842565286
10824.0,0.24675261987006417,0.1510430840865122,0.24426350214772563,0.10110858294082703
10836.0,0.24717669526911518,0.15012093649058889,0.2445393184777952,0.10202296745465038
10848.0,0.2475926915106631,0.149204353125705,0.24480394382964343,0.10293972686859187
10860.0,0.24800056841882193,0.14829344139020573,0.24505736203711184,0.10385878527719619
10872.0,0.24840028590626337,0.14738830597888955,0.24529955814057222,0.10478006597665124
10884.0,0.2487918040283879,0.1464890488868555,0.24553051836580375,0.1057034914710922
10896.0,0.24917508306970884,0.14559576941660043,0.24575023012256725,0.1066289834777112
10908.0,0.24955008364520578,0.14470856418756414,0.24595868202051965,0.10755646293195839
10920.0,0.24991676679600303,0.1438275271477723,0.24615586389693933,0.10848584999413266
10932.0,0.25027509405975423,0.14295274958747956,0.24634176684872186,0.10941706405846593
10944.0,0.2506250275013537,0.14208432015462688,0.2465163832605708,0.1103500237654391
10956.0,0.2509665296978868,0.1412223248714995,0.24667970682227836,0.11128464701758586
10968.0,0.25129956368124895,0.14036684715133668,0.24683173253021537,0.1122208509985223
10980.0,0.25162409285052456,0.13951796781304376,0.2469724566711709,0.1131585521944641
10992.0,0.2519400808721589,0.13867576509185853,0.2471018767899218,0.11409766641713359
11004.0,0.2522474915879505,0.1378403146440458,0.24721999164478028,0.11503810882677007
11016.0,0.25254628894860354,0.13701168954452211,0.24732680115736166,0.11597979395396436
11028.0,0.25283643698462926,0.136189960277664,0.24742230636359416,0.11692263571924168
11040.0,0.2531178998181775,0.13537519472317155,0.2475065093724438,0.11786654744968046
11052.0,0.2533906417107676,0.13456745814037435,0.2475794133370616,0.1188114418923267
11064.0,0.2536546271347549,0.1337668131553785,0.2476410224404194,0.1197572312246709
11076.0,0.2539098208521869,0.13297331975563947,0.2476913418944849,0.12070382706292697
11088.0,0.25415618798423545,0.13218703529574982,0.24773037794918232,0.12165114046922125
11100.0,0.25439369405754986,0.1314080145165281,0.2477581379053578,0.12259908195901478
11112.0,0.2546223050197625,0.130636309577181,0.24777463012515102,0.12354756151011419
11124.0,0.2548419872235539,0.12987197009785587,0.24777986403377283,0.1244964885744722
11136.0,0.2550527073854907,0.129115043207841,0.24777385010862665,0.12544577209365892
11148.0,0.2552544325308215,0.12836557359349166,0.2477565998546135,0.12639532051844093
11160.0,0.25544712993758073,0.12762360353996133,0.24772812576772213,0.12734504183239456
11172.0,0.25563076709243837,0.1268891729620601,0.24768844129189788,0.1282948435789678
11184.0,0.255805311667176,0.1261623194218121,0.2476375607760156,0.12924463289095656
11196.0,0.2559707315194742,0.12544307813308977,0.24757549943805746,0.13019431652103308
11208.0,0.25612699471615263,0.12473148195646235,0.2475022733421599,0.13114380087180236
11220.0,0.2562740695723905,0.12402756138952198,0.2474178993912791,0.13209299202388822
11232.0,0.2564119246977162,0.12333134455897535,0.24732239533444592,0.13304179576076922
11244.0,0.25654052903913377,0.12264285722050067,0.24721577978380885,0.1339901175894731
11256.0,0.25665985191350466,0.12196212277083583,0.24709807223382055,0.13493786275675515
11268.0,0.25676986302459187,0.12128916227413412,0.24696929307378626,0.1358849362609696
11280.0,0.25687053246406716,0.12062399450183624,0.24682946358595562,0.13683124286042253
11292.0,0.25696183069929723,0.1199666359827677,0.246678605924317,0.13777668707949306
11304.0,0.25704372855307833,0.11931710105841277,0.24651674307365046,0.13872117321415625
11316.0,0.25711619718126993,0.11867540193768247,0.24634389879322366,0.13966460533868272
11328.0,0.2571792080535155,0.11804154874606286,0.24616009755361973,0.14060688731519405
11340.0,0.25723273294034865,0.1174155495656081,0.24596536447751244,0.14154792280742048
11352.0,0.2572767439076277,0.11679741046442445,0.24575972529507792,0.14248761529947093
11364.0,0.2573112133171287,0.1161871355165578,0.2455432063220381,0.14342586811974958
11376.0,0.25733611383080807,0.11558472681504853,0.2453158344635768,0.14436258446942826
11388.0,0.2573514184159974,0.11499018448198786,0.24507763724159184,0.14529766745421255
11400.0,0.25735710034953674,0.11440350667954045,0.24482864283727754,0.1462310201176235
11412.0,0.2573531332202332,0.11382468962517228,0.24456888013718092,0.14716254547374316
11424.0,0.2573394909305164,0.1132537276130104,0.2442983787696178,0.1480921465373924
11436.0,0.2573161476992244,0.11269061304175074,0.24401716912004853,0.149019726350037
11448.0,0.25728307806772205,0.11213533644821366,0.2437252823183774,0.1499451880003145
11460.0,0.2572402569109242,0.1115878865448153,0.24342275019719292,0.15086843463886077
11472.0,0.25718765945345345,0.11104825025900435,0.2431096052263293,0.15178936948797467
11484.0,0.2571252612895234,0.11051641277304858,0.2427858804343239,0.15270789584745945
11496.0,0.2570530384037304,0.10999235756322767,0.24245160933016885,0.15362391709858927
11508.0,0.2569709671892263,0.10947606643820842,0.24210682583855334,0.15453733670846684
11520.0,0.2568790244600177,0.10896751957686626,0.2417515642586384,0.1554480582369987
11532.0,0.25677718745538247,0.10846669556589991,0.24138585925106493,0.1563559853483187
11544.0,0.25666543383632756,0.107973571437246,0.2410097458516497,0.1572610218277891
11556.0,0.2565437416761213,0.10748812270467985,0.240623259504545,0.15816307160481197
11568.0,0.25641208944863314,0.10701032339835266,0.2402264361038317,0.1590620387807362
11580.0,0.25627045601900433,0.10654014609565662,0.23981931203140994,0.1599578276603002
11592.0,0.25611882064077846,0.10607756194696745,0.2394019241807956,0.16085034278445576
11604.0,0.2559571629620751,0.1056225406955755,0.23897430996048616,0.16173948896217047
11616.0,0.2557854630410468,0.10517505069238582,0.2385365072758427,0.16262517129895895
11628.0,0.25560370136829713,0.1047350589074604,0.23808855449361352,0.16350729522041663
11640.0,0.2554118588918214,0.10430253094179857,0.2376304903970429,0.16438576648984485
11652.0,0.2552099170389436,0.10387743104348894,0.23716235414110945,0.16526049122002115
11664.0,0.2549978577299919,0.10345972213220882,0.23668418521655804,0.16613137588012186
11676.0,0.25477566338009117,0.10304936583488494,0.23619602342839213,0.16699832729958203
11688.0,0.25454331688810394,0.10264632253330214,0.23569790889027029,0.16786125267114757
11700.0,0.25430080161481444,0.10225055142193935,0.23518988203194763,0.16872005955545724
11712.0,0.2540481013551972,0.10186201057187147,0.2346719836136385,0.16957465588917628
11724.0,0.2537852003113724,0.10148065699478943,0.23414425473973796,0.17042494999804744
11736.0,0.2535120830731854,0.10110644670054585,0.23360673686501177,0.1712708506153457
11748.0,0.2532287346121476,0.1007393347423796,0.23305947178886316,0.17211226690527479
11760.0,0.252935140292,0.10037927524605433,0.23250250163687386,0.17294910848999123
11772.0,0.2526312858959513,0.10002622142218577,0.23193586883249984,0.1737812854783289
11784.0,0.25231715766742724,0.09968012556441132,0.23135961606461197,0.17460870849402238
11796.0,0.2519927423586363,0.09934093903903608,0.23077378625780073,0.17543128870132843
11808.0,0.2516580272799502,0.09900861227369662,0.2301784225517508,0.176248937826391
11820.0,0.2513130003432314,0.09868309475294945,0.22957356829375297,0.17706156817339547
11832.0,0.2509576500937159,0.09836433502738756,0.22895926704518493,0.17786909263538406
11844.0,0.2505919657274621,0.09805228074015153,0.22833556259941187,0.17867142470040714
11856.0,0.2502159370941206,0.09774687867110275,0.2277024990058767,0.17946847845433156
11868.0,0.24982955468724113,0.09744807479523299,0.2270601205938081,0.18026016858201713
11880.0,0.24943280962602093,0.09715581434890208,0.2264084719892324,0.1810464103686584
11892.0,0.2490256936330482,0.0968700418958749,0.22574759812070086,0.1818271197028814
11904.0,0.24860819901223738,0.0965907013852194,0.22507754421184734,0.18260221308274455
11916.0,0.24818031863005788,0.09631773619490006,0.22439835576188097,0.18337160762521829
11928.0,0.24774204590175605,0.09605108915794947,0.22371007851768304,0.18413522107911928
11940.0,0.24729337478301247,0.09579070257173845,0.22301275844276036,0.18489297184095788
11952.0,0.24683429976669746,0.09553651819428605,0.22230644168862104,0.1856447789727967
11964.0,0.24636481588422582,0.095288477234007,0.22159117457321928,0.18639056222105066
11976.0,0.24588491871136808,0.09504652034027734,0.2208670035692776,0.18713024203517678
11988.0,0.24539460437896163,0.09481058760153573,0.22013397530303058,0.18786373958536604
12000.0,0.2448938695894055,0.09458061855554187,0.21939213656178597,0.18859097677859304
12012.0,0.24438271163977537,0.09435655221340573,0.21864153430712563,0.18931187627263624
12024.0,0.24386112845167973,0.09413832709579953,0.21788221568985347,0.19002636148789623
12036.0,0.24332911860664688,0.09392588127709821,0.2171142280630076,0.1907343566169836
12048.0,0.24278668138417284,0.0937191524316439,0.21633761899024795,0.19143578663212094
12060.0,0.24223381679803693,0.09351807787618824,0.21555243624842013,0.192130577290433
12072.0,0.24167052562561564,0.09332259460379236,0.21475872782471236,0.1928186551372272
12084.0,0.24109680942510683,0.09313263930669193,0.2139565419102149,0.19349994750743435
12096.0,0.24051267053699465,0.09294814838828572,0.21314592689257494,0.19417438252551486
12108.0,0.23991811206860827,0.09276905796683027,0.2123269313506569,0.19484188910433534
12120.0,0.23931313786381203,0.0925953038750578,0.21149960405364268,0.19550239694375385
12132.0,0.23869775246304303,0.09242682166043872,0.21066399396594773,0.19615583652986016
12144.0,0.2380719610613431,0.09226354659013403,0.2098201502579028,0.19680213913592778
12156.0,0.2374357694730784,0.09210541366306801,0.2089681223206496,0.19744123682608195
12168.0,0.23678918411134373,0.09195235762946007,0.20810795978243318,0.19807306246243092
12180.0,0.23613221198762818,0.0918043130161361,0.20723971252274237,0.1986975497159484
12192.0,0.23546486073359907,0.09166121415450311,0.20636343068075572,0.19931463308078165
12204.0,0.23478713864258544,0.09152299520754331,0.20547916465537783,0.19992424789098873
12216.0,0.2340990547244203,0.09138959019265133,0.20458696509571192,0.20052633033810632
12228.0,0.23340061876459475,0.09126093299841825,0.20368688288284867,0.2011208174875458
12240.0,0.23269184137780433,0.09113695739518055,0.20277896910595616,0.2017076472917238
12252.0,0.23197273404714944,0.09101759704081906,0.20186327503735346,0.20228675859811193
12264.0,0.2312433091432503,0.09090278548446686,0.20093985211209184,0.20285809115103165
12276.0,0.23050357992170784,0.09079245617116066,0.2000087519172452,0.20342158558694332
12288.0,0.22975356050177292,0.09068654244997174,0.19907002619455974,0.20397718342403473
12300.0,0.22899326583280927,0.09058497758693158,0.1981237268575569,0.20452482704791455
12312.0,0.22822271165734181,0.09048769478247545,0.19716990602113021,0.2050644596959665
12324.0,0.2274419144797177,0.09039462719160184,0.19620861603881187,0.2055960254432558
12336.0,0.22665089154766288,0.0903057079439095,0.1952399095409311,0.20611946919270763
12348.0,0.22584966085073704,0.0902208701604095,0.1942638394664091,0.20663473667159274
12360.0,0.225038241135654,0.09014004696459751,0.19328045908217947,0.207141774435257
12372.0,0.2242166519345801,0.09006317148656612,0.19228982198701575,0.20764052987769888
12384.0,0.22338491359972218,0.08999017686060282,0.19129198210029869,0.20813095124727332
12396.0,0.22254304733637179,0.08992099621833011,0.1902869936400687,0.20861298766472974
12408.0,0.22169107522729278,0.08985556268057995,0.18927491109759972,0.20908658914019265
12420.0,0.2208290202436915,0.0897938093515623,0.18825578921687824,0.20955170658569755
12432.0,0.21995690624138983,0.08973566931838614,0.18722968298635095,0.21000829182053002
12444.0,0.21907475794441106,0.08968107565774212,0.18619664764724123,0.21045629756778492
12456.0,0.21818260092114258,0.08962996144986587,0.18515673871831076,0.2108956774420683
12468.0,0.21728046155989333,0.08958225979818657,0.1841100120322589,0.2113263859298356
12480.0,0.21636836705068055,0.0895379038517432,0.1830565237752597,0.21174837836520444
12492.0,0.21544634537851423,0.08949682682683587,0.1819963305195144,0.21216161090494395
12504.0,0.21451442533072254,0.0894589620246048,0.18092948923973867,0.21256604050655126
12516.0,0.21357263651764952,0.08942424284222188,0.17985605730812937,0.21296162491282664
12528.0,0.21262100940311549,0.08939260277687303,0.17877609246777862,0.21334832264523335
12540.0,0.21165957533901764,0.08936397542332931,0.1776896527903982,0.21372609300677045
12552.0,0.21068836659777415,0.08933829446725047,0.17659679662903727,0.2140948960933802
12564.0,0.20970741639705648,0.08931549367712256,0.17549758257885478,0.2144546928113662
12576.0,0.20871675891315858,0.08929550689774385,0.1743920694581362,0.21480544489719583
12588.0,0.20771642928191042,0.08927826804747561,0.17328031631761795,0.21514711493560293
12600.0,0.20670646358863165,0.08926371112028124,0.17216238247965931,0.21547966637217328
12612.0,0.20568689885065308,0.08925177019221718,0.17103832760141188,0.21580306351753398
12624.0,0.20465777299699536,0.08924237943087275,0.16990821174973098,0.21611727154169913
12636.0,0.20361912484973474,0.08923547310557542,0.16877209547184466,0.21642225645878446
12648.0,0.20257099411053034,0.08923098559614008,0.16763003984583816,0.2167179851038875
12660.0,0.20151342135408662,0.08922885139852459,0.16648210649900289,0.21700442510515683
12672.0,0.20044644802845127,0.08922900512677626,0.16532835758922282,0.2172815448547339
12684.0,0.19937011646046984,0.08923138151181972,0.16416885575318363,0.21754931348224754
12696.0,0.1982844698637825,0.08923591539861925,0.16300366403321118,0.2178077008339008
12708.0,0.1971895523466073,0.08924254174377867,0.16183284579998075,0.2180566774590602
12720.0,0.1960854089171437,0.08925119561557587,0.16065646468977812,0.2182962146048648
12732.0,0.19497208548550898,0.08926181219778222,0.159474584571993,0.21852628421798462
12744.0,0.19384962886234264,0.08927432679756525,0.15828726955573152,0.21874685895152354
12756.0,0.19271808675524266,0.08928867485659175,0.15709458403544121,0.21895791217436844
12768.0,0.19157750776477586,0.08930479196345162,0.15589659276640724,0.2191594179801228
12780.0,0.19042794138183378,0.08932261386497313,0.15469336095408023,0.21935135119311466
12792.0,0.1892694379876417,0.08934207647404496,0.15348495433809914,0.21953368736971868
12804.0,0.18810204885696247,0.08936311587219514,0.15227143925330164,0.21970640279420195
12816.0,0.18692582616421685,0.08938566830625087,0.15105288265558287,0.21986947446928326
12828.0,0.185740822991607,0.08940967017965736,0.1498293521087716,0.22002288010239948
12840.0,0.184547093338028,0.08943505804017238,0.1486009157376897,0.2201665980891705
12852.0,0.18334469212761723,0.0894617685664153,0.14736764216005865,0.22030060749569022
12864.0,0.1821336752171325,0.08948973855597485,0.1461296004141481,0.22042488804108196
12876.0,0.18091409940179662,0.08951890491744241,0.14488685989909916,0.22053942008133762
12888.0,0.1796860224196078,0.08954920466794489,0.14363949034084292,0.22064418459495325
12900.0,0.17844950295425027,0.08958057493671066,0.1423875617896077,0.22073916317041903
12912.0,0.17720460063659899,0.08961295297416165,0.1411311446469924,0.22082433799532736
12924.0,0.17595137604446429,0.08964627616520703,0.13987030971350817,0.22089969184678043
12936.0,0.17468989069982876,0.08968048204496523,0.13860512824307555,0.22096520808289002
12948.0,0.17342020706259006,0.08971550831509444,0.13733567199018168,0.2210208706353918
12960.0,0.1721423885199172,0.0897512928591989,0.136062013238278,0.22106666400363273
12972.0,0.17085649937083777,0.08978777375625181,0.13478422480361338,0.2211025732503141
12984.0,0.16956260480655339,0.0898248892914649,0.13350238001548237,0.2211285839993029
12996.0,0.16826077088804958,0.08986257796440061,0.13221655268001578,0.2211446824355288
13008.0,0.16695106452355207,0.08990077849429337,0.13092681703859224,0.2211508553065056
13020.0,0.16563355344898448,0.08993942982254317,0.12963324773277546,0.22114708992446008
13032.0,0.16430830621456782,0.08997847111226151,0.12833591978531075,0.22113337416756207
13044.0,0.1629753921799662,0.09001784174472154,0.12703490860190533,0.22110969647848489
13056.0,0.1616348815190017,0.09005748131271323,0.12573028999263666,0.22107604585860138
13068.0,0.16028684523318548,0.09009732961119121,0.1244221402064702,0.2210324118565946
13080.0,0.15893135517151508,0.09013732662619538,0.12311053596891706,0.22097878455109662
13092.0,0.157568484052585,0.09017741252369604,0.12179555451215897,0.22091515452803892
13104.0,0.15619830548439675,0.09021752764056987,0.12047727358910251,0.22084151285450795
13116.0,0.15482089397753304,0.09025761248014172,0.11915577146714094,0.22075785105181742
13128.0,0.15343632494856027,0.09029760771447,0.1178311269026981,0.22066416107101927
13140.0,0.1520446747124116,0.09033745419475395,0.11650341910249402,0.22056043527402674
13152.0,0.150646020464678,0.09037709296998418,0.11517272768065584,0.22044666642286026
13164.0,0.14924044025671687,0.09041646531245903,0.11383913262153203,0.22032284767832486
13176.0,0.14782801296783413,0.09045551274736141,0.1125027142562414,0.2201889726078687
13188.0,0.14640881827920663,0.09049417708256839,0.11116355325715746,0.22004503520073218
13200.0,0.14498293665359885,0.09053240043452578,0.10982173064974016,0.219891029887083
13212.0,0.14355044932344593,0.09057012524650518,0.10847732783663903,0.21972695155693198
13224.0,0.1421114382878745,0.09060729429683533,0.1071304266259388,0.2195527955744384
13236.0,0.14066598631718158,0.09064385069654052,0.10578110925453338,0.21936855778381914
13248.0,0.13921417696166344,0.09067973787786261,0.10442945839905327,0.21917423450439733
13260.0,0.13775609456084079,0.09071489957695746,0.1030755571701006,0.21896982251415195
13272.0,0.13629182424923542,0.09074927981524414,0.10171948908987141,0.21875531902313688
13284.0,0.1348214519558544,0.09078282288417293,0.10036133805745151,0.21853072163996398
13296.0,0.13334506439616167,0.09081547333748827,0.09900118830911038,0.21829602833584497
13308.0,0.1318627490571556,0.09084717599353381,0.09763912438205688,0.21805123741121035
13320.0,0.1303745941777814,0.0908778759481062,0.09627523108911831,0.21779634746955812
13332.0,0.12888068872791836,0.09090751859625618,0.09490959350894614,0.21753135740198457
13344.0,0.12738112238938173,0.090936049659719,0.09354229699236703,0.21725626638402723
13356.0,0.12587598554176355,0.0909634152156982,0.09217342718136866,0.21697107388433484
13368.0,0.1243653692546887,0.09098956172272014,0.09080307003393588,0.21667577968266155
13380.0,0.12284936528651734,0.09101443604019702,0.08943131184631199,0.21637038389313162
13392.0,0.12132806608805617,0.09103798543994487,0.0880582392646379,0.21605488698791983
13404.0,0.11980156480879033,0.09106015760981735,0.08668393928023202,0.2157292898165813
13416.0,0.11826995530272212,0.0910809006513879,0.08530849920648428,0.21539359361721316
13428.0,0.11673333213114984,0.09110016307484735,0.08393200663960072,0.2150478000172462
13440.0,0.11519179056051432,0.09111789379472247,0.08255454940927945,0.21469191102363266
13452.0,0.1136454265545423,0.09113404212960215,0.08117621552794076,0.21432592900413935
13464.0,0.11209433676103063,0.09114855780792515,0.07979709314777579,0.21394985666300534
13476.0,0.11053861849448474,0.09116139098034169,0.07841727053342865,0.21356369701510652
13488.0,0.10897836971628515,0.09117249223759792,0.07703683605485703,0.2131674533628358
13500.0,0.1074136890140744,0.0911818126316825,0.07565587820049434,0.21276112927918134
13512.0,0.10584467558172264,0.09118930369738583,0.07427448560620102,0.21234472859914075
13524.0,0.10427142920071894,0.09119491747155889,0.07289274709166013,0.211918255419936
13536.0,0.10269405022333991,0.09119860650813891,0.0715107516937143,0.21148171410883967
13548.0,0.10111263955761905,0.0912003238882002,0.07012858868620807,0.21103510931611638
13560.0,0.09952729865404214,0.0912000232255659,0.06874634757827651,0.21057844598986805
13572.0,0.09793812949398575,0.09119765866955808,0.06736411808729866,0.21011172938956155
13584.0,0.09634523458007363,0.09119318490702402,0.06598199008806625,0.20963496509567478
13596.0,0.09474871692869552,0.09118655716575408,0.06460005354498759,0.20914815901404177
13608.0,0.09314868006478798,0.09117773122085232,0.06321839843818634,0.20865131737483714
13620.0,0.0915452280185731,0.09116666340472755,0.06183711469621299,0.20814444672740406
13632.0,0.08993846532335736,0.09115331062040401,0.060456292147235254,0.20762755393301877
13644.0,0.08832849701287794,0.09113763035707573,0.05907602049706729,0.20710064615801652
13656.0,0.086715428616274,0.0911195807064413,0.05769638933688109,0.2065637308694266
13668.0,0.08509936614876953,0.09109912037842618,0.056317488177052864,0.20601681583446393
13680.0,0.08348041609670405,0.09107620871536229,0.05493940649772306,0.2054599091241153
13692.0,0.08185868539661802,0.09105080570436831,0.05356223380263322,0.20489301911991378
13704.0,0.08023428140950245,0.09102287198832536,0.0521860596616303,0.2043161545221048
13716.0,0.07860731189273579,0.0909923688762511,0.050810973729277904,0.2037293243569922
13728.0,0.07697788497326893,0.09095925835390845,0.04943706573193356,0.2031325379814271
13740.0,0.0753461091259355,0.0909235030951324,0.04806442542241996,0.2025258050831342
13752.0,0.07371209316015273,0.09088506647374564,0.04669314250853926,0.20190913567669447
13764.0,0.07207594621675088,0.09084391257527663,0.045323306567527685,0.20128254009625296
13776.0,0.07043777777448143,0.09080000620724872,0.043955006961740435,0.20064602898708772
13788.0,0.0687976976633653,0.09075331290677612,0.042588332770599195,0.19999961329878582
13800.0,0.06715581608002152,0.09070379894467687,0.041223372750123735,0.19934330428274333
13812.0,0.06551224359900708,0.09065143132622856,0.03986021532502414,0.19867711349600375
13824.0,0.06386709117437454,0.0905961777898372,0.0384989486108115,0.19800105281219396
13836.0,0.062220470127214204,0.09053800680594683,0.0371396604564604,0.1973151344387675
13848.0,0.06057249211765711,0.09047688757914975,0.03578243849347402,0.19661937093826667
13860.0,0.058923269103143563,0.09041279005639849,0.03442737017589036,0.19591377525021877
13872.0,0.057272913287977595,0.09034568494336351,0.0330745427981446,0.19519836070987073
13884.0,0.05562153707152994,0.090275543729418,0.03172404348319196,0.19447314106038457
13896.0,0.053969253003304365,0.09020233871975908,0.030375959140560543,0.19373813045632518
13908.0,0.05231617375213621,0.09012604307123336,0.02903037640126599,0.1929933434580573
13920.0,0.05066241209413751,0.09004663082700963,0.02768738154200587,0.19223879501867042
13932.0,0.04900808092013397,0.08996407694474567,0.026347060413430164,0.19147450046683828
13944.0,0.047353293259059626,0.08987835731355769,0.02500949838600079,0.19070047549018773
13956.0,0.04569816231002931,0.08978944875689443,0.023674780322370928,0.1899167361240035
13968.0,0.04404280147346919,0.08969732902104237,0.022342990578515295,0.1891232987493215
13980.0,0.04238732437134528,0.08960197675192494,0.021014213028730515,0.1883201801027688
13992.0,0.04073184484835862,0.08950337146547192,0.019688531103884646,0.18750739729820626
14004.0,0.039076476949660925,0.08940149351851681,0.01836602782934486,0.1866849678577822
14016.0,0.037421334875447285,0.08929632408749112,0.01704678584953949,0.18585290974792604
14028.0,0.03576653291769138,0.0891878451609676,0.0157308874299087,0.1850112414145645
14040.0,0.034112185388238556,0.08907603954953304,0.014418414433028397,0.18415998181173643
14052.0,0.03245840654958539,0.08896089091303036,0.013109448272363673,0.1832991504188921
14064.0,0.030805310559455425,0.08884238380159812,0.011804069852694186,0.18242876724431278
14076.0,0.029153011437737967,0.08872050370392069,0.01050235950934312,0.18154885281486952
14088.0,0.02750162306000209,0.08859523709435237,0.009204396958194187,0.18065942815519603
14100.0,0.025851259176538664,0.08846657147050983,0.007910261265214654,0.179760514761685
14112.0,0.02420203345082532,0.08833449537460754,0.006620030838742565,0.17885213457801663
14124.0,0.022554059507511076,0.08819899839493191,0.005333783441622069,0.1779343099788854
14136.0,0.020907450978260092,0.08806007114779113,0.004051596215020997,0.1770070637671623
14148.0,0.019262321534413138,0.08791770524422622,0.0027735457028028026,0.17607041918716895
14160.0,0.017618784898242618,0.08777189324890051,0.0014997078653922512,0.17512439995354379
14172.0,0.015976954828949973,0.08762262864023418,0.00023015807510383618,0.17416903029199385
14184.0,0.014336945084526353,0.0874699057806556,-0.0010350289099473843,0.1732043349857144
14196.0,0.012698869365115262,0.08731371990382798,-0.002295778990342325,0.1722303394199619
14208.0,0.011062841246663013,0.08715406712227815,-0.0035520187801767536,0.17124706961748512
14220.0,0.009428974114834827,0.08699094445470505,-0.004803675661175896,0.17025455225924344
14232.0,0.007797381108275039,0.0868243498682242,-0.00605067782501968,0.16925281468774667
14244.0,0.0061681750776206076,0.086654282327727,-0.007292954295611711,0.16824188489385467
14256.0,0.0045414685629255325,0.08648074184302003,-0.008530434927979547,0.1672217914912614
14268.0,0.002917373788202133,0.08630372950474988,-0.00976305038631391,0.16619256368545035
14280.0,0.0012960026685030265,0.08612324750222775,-0.010990732108869396,0.16515423124510004
14292.0,-0.00032253317698249947,0.08593929911970101,-0.012213412270769712,0.16410682448347547
14304.0,-0.0019381224126440728,0.08575188871167573,-0.013431023756389653,0.16305037425533545
14316.0,-0.00355065398053227,0.08556102166176499,-0.014643500150805686,0.16198491197172318
14328.0,-0.005160017103949441,0.08536670433247134,-0.01585077575538399,0.16091046963133968
14340.0,-0.006766101300802733,0.08516894401476376,-0.01705278562699672,0.1598270798637908
14352.0,-0.00836879640433309,0.08496774888604458,-0.018249465634953742,0.15873477597756977
14364.0,-0.00996799258705984,0.08476312798323213,-0.01944075252574818,0.15763359200469804
14376.0,-0.011563580383238431,0.0845550911946265,-0.02062658398400547,0.15652356273470464
14388.0,-0.013155450705867664,0.08434364927061307,-0.02180689867890396,0.15540472373291658
14400.0,-0.014743494856038871,0.08412881384979867,-0.022981636288510025,0.15427711134137506
14412.0,-0.016327604524701105,0.08391059749451464,-0.0241507374991578,0.15314076266437204
14424.0,-0.017907671789132957,0.08368901372821706,-0.02531414398213154,0.15199571554383293
14436.0,-0.019483589108020612,0.0834640770673602,-0.026471798354378163,0.15084200853186192
14448.0,-0.021055249319674275,0.08323580304172143,-0.02762364413289954,0.14967968086827177
14460.0,-0.02262254564745299,0.08300420819957054,-0.028769625693341867,0.14850877246973537
14472.0,-0.02418537171505533,0.08276931009699147,-0.02990968824206134,0.14732932393458512
14484.0,-0.025743621572326448,0.08253112727350738,-0.031043777807969335,0.14614137656382045
14496.0,-0.02729718973010209,0.08228967921841168,-0.03217184125642389,0.14494497239532167
14508.0,-0.02884597120082558,0.08204498633349383,-0.03329382632315883,0.14374015424538827
14520.0,-0.03038986154059347,0.08179706989800074,-0.03440968166252884,0.14252696575015006
14532.0,-0.03192875688808618,0.0815459520407433,-0.03551935690183679,0.14130545139947862
14544.0,-0.033462553996492284,0.08129165572248812,-0.03662280269258438,0.14007565655773113
14556.0,-0.0349911502558321,0.08103420472954607,-0.037719970750240195,0.13883762746860454
14568.0,-0.036514443704709014,0.08077362367721624,-0.038810813876362836,0.1375914112449086
14580.0,-0.03803233303212255,0.08050993801987368,-0.03989528596022917,0.13633705584739375
14592.0,-0.03954471757127709,0.08024317406331477,-0.04097334196091348,0.1350746100591553
14604.0,-0.041051497288141545,0.07997335897466236,-0.04204493787438619,0.1338041234630463
14616.0,-0.04255257276781774,0.0797005207856919,-0.043110030693009636,0.13252564642876966
14628.0,-0.04404784520163828,0.07942468838672688,-0.044168578366280443,0.13123923011405814
14640.0,-0.04553721637748787,0.079145891510006,-0.045220539771485185,0.12994492648109912
14652.0,-0.047020588675290735,0.07886416070332289,-0.0462658747010552,0.1286427883258547
14664.0,-0.048497865069056484,0.07857952729644753,-0.04730454387010085,0.1273328693149573
14676.0,-0.04996894913638227,0.07829202336407247,-0.048336508943443816,0.12601522402309992
14688.0,-0.05143374507585066,0.07800168168958821,-0.049361732577239775,0.12468990796369135
14700.0,-0.052892157732270496,0.07770853573380389,-0.05038017846687061,0.12335697760704725
14712.0,-0.05434409262910503,0.0774126196118365,-0.05139181139096873,0.12201649038320589
14724.0,-0.055789456006680165,0.07711396807995517,-0.052396597241725365,0.12066850466995852
14736.0,-0.05722815486390261,0.07681261653243339,-0.05339450303411544,0.119313079770078
14748.0,-0.05866009700036534,0.07650860100672155,-0.05438549689094243,0.11795027588424432
14760.0,-0.060085191055064865,0.07620195819379587,-0.05536954800581967,0.11658015408722461
14772.0,-0.061503346537714075,0.07589272544960772,-0.0563466265912289,0.11520277631421698
14784.0,-0.0629144738489814,0.07558094080330464,-0.05731670382245697,0.11381820536204165
14796.0,-0.06431848428700525,0.0752666429583614,-0.05827975178957574,0.11242650490654821
14808.0,-0.06571529003917063,0.07494987128386872,-0.059235743468249724,0.11102773953393796
14820.0,-0.06710480416019692,0.07463066579479233,-0.06018465271621526,0.10962197478049521
14832.0,-0.06848694053975457,0.07430906712177335,-0.06112645429658728,0.1082092771731985
14844.0,-0.06986161386472355,0.07398511647269701,-0.062061123922991575,0.10678971426330101
14856.0,-0.0712287395824522,0.07365885558953317,-0.062988638316345,0.10536335464632156
14868.0,-0.0725882338716905,0.07333032670463584,-0.06390897526018284,0.10393026796468212
14880.0,-0.07394001362712137,0.07299957250067189,-0.06482211364152718,0.10249052489285218
14892.0,-0.0752839964616553,0.07266663607764094,-0.06572803346744803,0.10104419710851913
14904.0,-0.07662010072812749,0.07233156092918012,-0.06662671585297858,0.09959135725619622
14916.0,-0.07794824555913195,0.07199439092874221,-0.06751814298259937,0.09813207891117887
14928.0,-0.07926835092091232,0.0716551703245704,-0.06840229805351207,0.0966664365515493
14940.0,-0.08058033767496772,0.07131394374094836,-0.0692791652129081,0.09519450554407519
14952.0,-0.08188412763970344,0.07097075618221546,-0.0701487295024249,0.09371636214677548
14964.0,-0.08317964364428698,0.07062565303565285,-0.07101097682074874,0.09223208352732752
14976.0,-0.08446680956789994,0.07027868006960933,-0.07186589391046162,0.09074174779315901
14988.0,-0.0857455503596524,0.06992988342407896,-0.07271346836900439,0.08924543402672898
15000.0,-0.08701579203723209,0.06957930959220528,-0.07355368867763987,0.0877432223186406
15012.0,-0.08827746166547111,0.06922700539264959,-0.0743865442380749,0.08623519379199335
15024.0,-0.0895304873189581,0.06887301793418635,-0.07521202540498109,0.08472143061355236
15036.0,-0.09077479803516789,0.06851739457505773,-0.07603012350433434,0.08320201599035902
15048.0,-0.09201032376597638,0.0681601828803695,-0.07684083083174031,0.08167703415361598
15060.0,-0.09323699533567179,0.06780143058105116,-0.07764414063052193,0.08014657033432192
15072.0,-0.09445474441262486,0.06744118553762389,-0.07844004705476995,0.07861071073662768
15084.0,-0.09566350349977244,0.06707949571128283,-0.07922854512633686,0.07706954251493864
15096.0,-0.09686320594628157,0.06671640914372269,-0.0800096306959044,0.07552315375944299
15108.0,-0.09805378597959306,0.06635197394587206,-0.08078330041653763,0.07397163349237196
15120.0,-0.09923517875395048,0.06598623829441656,-0.08154955173411328,0.07241507167449579
15132.0,-0.10040732040896097,0.06561925043384996,-0.08230838289387023,0.07085355921881355
15144.0,-0.101570148130101,0.06525105868093478,-0.08305979295755805,0.06928718800670759
15156.0,-0.10272360020264251,0.06488171142799627,-0.08380378182261453,0.06771605090138888
15168.0,-0.10386761605133342,0.06451125714148513,-0.08454035023432796,0.06614024175432788
15180.0,-0.10500213626022561,0.06413974435275016,-0.08526949978414249,0.06455985540229928
15192.0,-0.10612710257001808,0.06376722163892899,-0.08599123289147642,0.06297498765516193
15204.0,-0.1072424578537283,0.06339373759319646,-0.08670555277140872,0.06138573527691249
15216.0,-0.10834814607488208,0.06301934078515226,-0.08741246339488898,0.05979219596428333
15228.0,-0.10944411223517025,0.06264407971367314,-0.08811196945048157,0.058194468327769235
15240.0,-0.11053030232019043,0.06226800275586492,-0.08880407631636175,0.05659265187930888
15252.0,-0.11160666325217265,0.0618911581165935,-0.0894887900483957,0.054986847029082256
15264.0,-0.11267314285740673,0.06151359378326342,-0.09016611738545484,0.053377155091453105
15276.0,-0.11372968985362585,0.06113535748994822,-0.09083606576795727,0.05176367829759762
15288.0,-0.11477625385926735,0.06075649669367706,-0.09149864336146307,0.05014651981044372
15300.0,-0.1158127854228988,0.060377058563803446,-0.09215385907517777,0.048525783736692245
15312.0,-0.11683923606780033,0.05999708998320628,-0.09280172256604345,0.046901575131136734
15324.0,-0.11785555834430962,0.059616637557970635,-0.0934422442225423,0.04527399999015666
15336.0,-0.11886170588147542,0.05923574763056256,-0.0940754351275078,0.0436431652337464
15348.0,-0.11985763342999296,0.058854466290695386,-0.09470130700474845,0.042009178678161375
15360.0,-0.12084329689019667,0.05847283937830443,-0.09531987215865763,0.04037214900355161
15372.0,-0.12181865332169237,0.058090912474338396,-0.09593114341803019,0.038732185722241304
15384.0,-0.1227836609344735,0.057708730877264434,-0.09653513409447495,0.037089399153264244
15396.0,-0.12373827906446423,0.05732633956590062,-0.09713185796231302,0.03544390040736195
15408.0,-0.12468246813880426,0.05694378315193051,-0.09772132926160075,0.03379580138420365
15420.0,-0.12561618963743826,0.056561105827673805,-0.09830356272028104,0.03214521478066408
15432.0,-0.1265394060575401,0.056178351315908745,-0.09887857358689395,0.03049225410628875
15444.0,-0.12745208088609408,0.055795562828461064,-0.09944637766291194,0.028837033700240797
15456.0,-0.12835417858390008,0.05541278303883657,-0.10000699132415357,0.02717966874351474
15468.0,-0.12924566458184564,0.05503005407160015,-0.10056043152369477,0.025520275261166153
15480.0,-0.1301265052880016,0.05464741750795909,-0.10110671577340752,0.023858970111539743
15492.0,-0.1309966681023869,0.054264914403722206,-0.10164586210646658,0.022195870962471435
15504.0,-0.13185612143538225,0.05388258531314695,-0.10217788902755709,0.020531096257494635
15516.0,-0.13270483472581684,0.05350047031072276,-0.10270281546003954,0.01886476517747222
15528.0,-0.1335427784555659,0.05311860900301965,-0.10322066069946421,0.017196997604225692
15540.0,-0.13436992415879126,0.052737040524399474,-0.10373144438068678,0.015527914092348306
15552.0,-0.13518624442537155,0.052355803513364996,-0.10423518646209579,0.013857635853534965
15564.0,-0.13599171289926718,0.051974936070051096,-0.10473190722615669,0.012186284754851345
15576.0,-0.13678630427331442,0.05159447569911585,-0.10522162729170027,0.010513983329065075
15588.0,-0.13756999428215438,0.05121445924531584,-0.10570436763101347,0.008840854792240485
15600.0,-0.13834275969473878,0.05083492283072738,-0.10618014958427582,0.0071670230619440625
15612.0,-0.13910457830729564,0.05045590180254175,-0.10664899486516964,0.0054926127690664225
15624.0,-0.13985542893701228,0.050077430698596104,-0.10711092555408011,0.0038177492575370946
15636.0,-0.14059529141621271,0.04969954323462684,-0.10756596407842547,0.0021425585688133056
15648.0,-0.14132414658660145,0.049322272313260876,-0.10801413318250959,0.00046716741137378497
15660.0,-0.1420419762932377,0.048945650050762866,-0.10845545589122903,-0.0012082968812240813
15672.0,-0.14274876337820394,0.048569707814314786,-0.10888995547267158,-0.002883706397627786
15684.0,-0.14344449167428552,0.04819447626074469,-0.10931765540414011,-0.004558932694057892
15696.0,-0.14412914599921048,0.0478199853674969,-0.10973857934475091,-0.006233846830993423
15708.0,-0.14480271215098964,0.04744626444825203,-0.11015275111597381,-0.007908319396434257
15720.0,-0.14546517690461164,0.04707334214862961,-0.11056019468979336,-0.009582220514099758
15732.0,-0.14611652800986102,0.04670124642123448,-0.11096093418293633,-0.011255419838379424
15744.0,-0.1467567541894981,0.04633000448319204,-0.11135499385498636,-0.012927786540867781
15756.0,-0.14738584513666425,0.04595964276252045,-0.11174239810814889,-0.014599189295196918
15768.0,-0.148003791510325,0.04559018684161808,-0.1121231714867485,-0.01626949626719714
15780.0,-0.14861058492791882,0.04522166140648082,-0.11249733867501001,-0.017938575116102536
15792.0,-0.14920621795510178,0.04485409020899444,-0.11286492449211188,-0.01960629300988834
15804.0,-0.1497906840934024,0.044487496047070266,-0.11322595388383065,-0.021272516654498495
15816.0,-0.15036397776747354,0.04412190076403721,-0.11358045191035379,-0.02293711233347447
15828.0,-0.15092609431417625,0.04375732526522173,-0.11392844373012877,-0.024599945952086727
15840.0,-0.1514770299757365,0.043393789546683874,-0.11426995458003827,-0.02626088307905765
15852.0,-0.15201678189859325,0.04303131272914474,-0.11460500975277706,-0.027919788979580275
15864.0,-0.15254534813838025,0.04266991308953722,-0.11493363457297705,-0.029576528635432357
15876.0,-0.15306272766999726,0.042309608083375055,-0.11525585437420986,-0.03123096675106632
15888.0,-0.15356892040027628,0.04195041435305989,-0.11557169447927058,-0.03288296774790264
15900.0,-0.15406392717971687,0.041592347719931456,-0.1158811801859298,-0.034532395751887296
15912.0,-0.15454774980945693,0.04123542316080938,-0.11618433675956469,-0.0361791145810366
15924.0,-0.1550203910402099,0.040879654772463206,-0.11648118943283452,-0.03782298773980372
15936.0,-0.15548185456128052,0.04052505572944522,-0.11677176341110107,-0.03946387842563954
15948.0,-0.15593214497969943,0.04017163824174018,-0.11705608388095823,-0.041101649550430455
15960.0,-0.15637126779157678,0.039819413518615676,-0.11733417601838037,-0.04273616377620129
15972.0,-0.1567992293494923,0.03946839174396377,-0.11760606499287883,-0.04436728356133154
15984.0,-0.15721603683069993,0.039118582066530426,-0.11787177596474377,-0.04599487121126299
15996.0,-0.15762169821088312,0.03876999260605754,-0.11813133407380766,-0.04761878892678431
16008.0,-0.15801622224713543,0.03842263047389096,-0.11838476441988117,-0.04923889884364818
16020.0,-0.1583996184719866,0.03807650180440654,-0.11863209203667341,-0.050855063059333815
16032.0,-0.15877189719806495,0.037731611791995266,-0.1188733418622253,-0.0524671436457203
16044.0,-0.1591330695308907,0.03738796472755479,-0.11910853870939601,-0.05407500264959786
16056.0,-0.15948314738580707,0.03704556402857455,-0.1193377072396781,-0.05567850208559112
16068.0,-0.15982214350449736,0.036704412257958376,-0.1195608719427157,-0.05727750392761289
16080.0,-0.16015007146700055,0.03636451112856379,-0.11977805712265392,-0.05887187010508409
16092.0,-0.1604669456964597,0.03602586149279188,-0.1199892868912051,-0.06046146250885842
16104.0,-0.16077278145564947,0.035688463319093665,-0.12019458516638017,-0.062046143009414384
16116.0,-0.16106759483615,0.035352315659574585,-0.12039397567536375,-0.06362577348699892
16128.0,-0.1613514027424023,0.03501741661459388,-0.12058748196000026,-0.06520021587070082
16140.0,-0.16162422287347572,0.034683763301047346,-0.1207751273836416,-0.06676933218151358
16152.0,-0.16188607370510233,0.03435135183069756,-0.12095693513844814,-0.06833298457373208
16164.0,-0.1621369744735448,0.03402017730344933,-0.12113292825241058,-0.0698910353696368
16176.0,-0.1623769451615143,0.03369023381803732,-0.12130312959526816,-0.07144334708416769
16188.0,-0.1626060064851108,0.03336151449955856,-0.12146756188218151,-0.07298978243872938
16200.0,-0.16282417988004316,0.03303401154015219,-0.1216262476736733,-0.07453020436581238
16212.0,-0.16303148748547314,0.03270771624647532,-0.12177920937024347,-0.07606447600816758
16224.0,-0.1632279521247448,0.03238261908597793,-0.12192646920043189,-0.07759246071738042
16236.0,-0.16341359728376598,0.03205870972373231,-0.12206804920204083,-0.07911402205664109
16248.0,-0.16358844708946013,0.03173597704287523,-0.12220397119763399,-0.0806290238113625
16260.0,-0.1637525262919632,0.03141440914443961,-0.12233425676698931,-0.08213733000937852
16272.0,-0.16390586025462364,0.031093993326066056,-0.12245892722045684,-0.08363880495024649
16284.0,-0.16404847495509817,0.030774716043145668,-0.12257800357771186,-0.085133313241212
16296.0,-0.16418039699894665,0.03045656285959084,-0.12269150655589497,-0.08662071983611572
16308.0,-0.16430165364445792,0.030139518397928555,-0.12279945656955349,-0.08810089007318939
16320.0,-0.16441227283458829,0.029823566299207776,-0.12290187374240949,-0.08957368970831832
16332.0,-0.16451228322958034,0.029508689202056397,-0.12299877792832345,-0.09103898494172218
16344.0,-0.16460171423270373,0.029194868747236438,-0.12309018873657479,-0.0924966424377395
16356.0,-0.16468059600203883,0.028882085609713216,-0.12317612555538106,-0.09394652933904252
16368.0,-0.16474895944335535,0.028570319555351786,-0.12325660756782701,-0.09538851327775759
16380.0,-0.16480683618257091,0.0282595495148007,-0.12333165375611103,-0.09682246238637257
16392.0,-0.16485425852031274,0.027949753663804956,-0.1234012828928655,-0.0982482453109293
16404.0,-0.16489125937486337,0.027640909497779614,-0.12346551352157294,-0.0996657312279912
16416.0,-0.164917872222379,0.02733299388929181,-0.12352436393092799,-0.10107478986556045
16428.0,-0.1649341310440832,0.02702598312003297,-0.12357785212961378,-0.10247529152687945
16440.0,-0.1649400702889121,0.02671985288339281,-0.12362599582789903,-0.10386710711523504
16452.0,-0.16493572485703575,0.026414578259031287,-0.1236688124306908,-0.10525010815770224
16464.0,-0.1649211301054529,0.02611013366589141,-0.12370631904364238,-0.10662416682624899
16476.0,-0.16489632187238837,0.02580649280395203,-0.12373853249041868,-0.10798915595561279
16488.0,-0.16486133651351023,0.02550362859696771,-0.12376546933622062,-0.10934494905855086
16500.0,-0.16481621094086477,0.02520151314813222,-0.12378714591099625,-0.11069142034009812
16512.0,-0.1647609826553561,0.024900117718126367,-0.12380357832590203,-0.11202844471302256
16524.0,-0.1646956897655512,0.02459941273087301,-0.12381478247850333,-0.11335589781655966
16536.0,-0.16462037098906465,0.02429936780733447,-0.1238207740453918,-0.11467365603973562
16548.0,-0.1645350656369109,0.023999951822801305,-0.12382156846446044,-0.11598159654934237
16560.0,-0.16443981358499854,0.02370113297923638,-0.12381718091200823,-0.11727959732123738
16572.0,-0.16433465523948115,0.023402878882028005,-0.12380762628130507,-0.1185675371724959
16584.0,-0.16421963150339977,0.02310515661029639,-0.12379291916881323,-0.11984529579138364
16596.0,-0.16409478375084927,0.022807932771617002,-0.12377307387204897,-0.12111275376234255
16608.0,-0.16396015381216267,0.02251117353524176,-0.12374810439971337,-0.12236979258418726
16620.0,-0.16381578397011187,0.022214844641929056,-0.12371802449120106,-0.12361629468128695
16632.0,-0.16366171696383328,0.021918911392545655,-0.12368284763994454,-0.12485214340927862
16644.0,-0.16349799599500048,0.021623338620950196,-0.1236425871140694,-0.12607722305837907
16656.0,-0.16332466473027932,0.021328090658774827,-0.12359725596883345,-0.12729141885822556
16668.0,-0.16314176729544383,0.02103313130033991,-0.12354686704803657,-0.12849461698811956
16680.0,-0.16294934825933755,0.020738423775123152,-0.12349143297522966,-0.1296867045955294
16692.0,-0.1627474526093501,0.0204439307332745,-0.12343096613903742,-0.1308675698239244
16704.0,-0.16253612572325443,0.02014961424710346,-0.12336547867916872,-0.13203710184885903
16716.0,-0.16231541334417957,0.019855435828799076,-0.12329498247998148,-0.1331951909192033
16728.0,-0.16208536156554773,0.019561356462339734,-0.12321948917661715,-0.13434172839902095
16740.0,-0.1618460168308436,0.01926733664592807,-0.1231390101751779,-0.13547660680518667
16752.0,-0.16159742594951326,0.01897333644047445,-0.12305355668416357,-0.13659971983654615
16764.0,-0.1613396361259782,0.018679315519600646,-0.12296313975064901,-0.13771096239213096
16776.0,-0.16107269499481305,0.018385233217163732,-0.12286777029260382,-0.1388102305782757
16788.0,-0.16079665065266247,0.0180910485691712,-0.12276745911904602,-0.13989742170692376
16800.0,-0.1605115516772288,0.017796720347948054,-0.12266221693243996,-0.14097243428938747
16812.0,-0.1602174471258845,0.017502207087367813,-0.12255205431226014,-0.1420351680308851
16824.0,-0.15991438651075915,0.01720746709880577,-0.1224369816837702,-0.1430855238310505
16836.0,-0.15960241975258416,0.016912458478224823,-0.12231700928040748,-0.14412340379431857
16848.0,-0.15928159712086157,0.016617139105512983,-0.12219214711046572,-0.1451487112519115
16860.0,-0.1589519691717415,0.016321466637899303,-0.12206240493829987,-0.14616135079458303
16872.0,-0.15861358669632383,0.016025398499974242,-0.12192779228703532,-0.14716122831289863
16884.0,-0.15826650069048037,0.01572889187344774,-0.12178831846450622,-0.14814825104018406
16896.0,-0.1579107623529636,0.015431903690152281,-0.12164399260820583,-0.14912232759272892
16908.0,-0.15754642311243308,0.015134390631767768,-0.12149482373996742,-0.15008336800250294
16920.0,-0.15717353467747,0.014836309139173547,-0.1213408208182745,-0.1510312837393636
16932.0,-0.15679214909820033,0.014537615433173844,-0.1211819927763334,-0.15196598772209569
16944.0,-0.15640231882512537,0.01423826554668058,-0.12101834853734648,-0.15288739432007908
16956.0,-0.15600409675095608,0.013938215366503845,-0.12084989700400864,-0.15379541934936425
16968.0,-0.15559753622470504,0.01363742068103489,-0.12067664702571172,-0.15468998006800555
16980.0,-0.15518269103328716,0.013335837228703764,-0.1204986073526326,-0.15557099517543477
16992.0,-0.15475961535307656,0.01303342074150627,-0.12031578658933426,-0.1564383848195
17004.0,-0.1543283636806161,0.01273012697834551,-0.12012819316083032,-0.15729207061284908
17016.0,-0.1538889907564098,0.012425911744448513,-0.11993583530115298,-0.1581319756580777
17028.0,-0.1534415514973258,0.01212073089549524,-0.11973872106905756,-0.15895802457903138
17040.0,-0.1529861009512034,0.011814540327926677,-0.11953685838895418,-0.15977014355431227
17052.0,-0.15252269428221962,0.0115072959596404,-0.11933025510912268,-0.16056826034869082
17064.0,-0.152051386788583,0.011198953707368562,-0.11911891906523443,-0.1613523043388018
17076.0,-0.1515722339468087,0.010889469467994467,-0.11890285813614203,-0.16212220653101436
17088.0,-0.151085291470886,0.010578799110639393,-0.11868208028101226,-0.1628778995713126
17100.0,-0.1505906153714582,0.010266898484552185,-0.11845659355157129,-0.16361931774891866
17112.0,-0.15008826200042566,0.00995372344496023,-0.1182264060792862,-0.16434639699677903
17124.0,-0.14957828807006252,0.009639229895630083,-0.1179915260431954,-0.16505907489259525
17136.0,-0.14906075064191354,0.009323373843606948,-0.11775196162839338,-0.1657572906637096
17148.0,-0.1485357070879295,0.0090061114591196,-0.11750772098688854,-0.16644098519797867
17160.0,-0.14800321503279504,0.008687399132472132,-0.11725881221138143,-0.16711010106110744
17172.0,-0.1474633322906643,0.00836719352015871,-0.1170052433288751,-0.1677645825192026
17184.0,-0.1469161168105565,0.00804545157437736,-0.11674702231593781,-0.16840437556396912
17196.0,-0.14636162664225894,0.007722130553218827,-0.11648415713220446,-0.16902942793733916
17208.0,-0.14579991992935804,0.007397188012458963,-0.11621665576460713,-0.16963968915252653
17220.0,-0.14523105492925614,0.007070581783367053,-0.11594452627278909,-0.17023511050946313
17232.0,-0.14465509005339136,0.006742269943566211,-0.11566777682654866,-0.17081564510402958
17244.0,-0.14407208391597437,0.006412210789228752,-0.1153864157287218,-0.17138124783205386
17256.0,-0.14348209537758028,0.0060803628165222055,-0.11510045142087755,-0.17193187539031776
17268.0,-0.1428851835713587,0.005746684718327595,-0.11480989247351056,-0.17246748627746233
17280.0,-0.14228140790409735,0.0054111353992264185,-0.11451474756599711,-0.17298804079757057
17292.0,-0.1416708280307945,0.005073674008209802,-0.11421502546362444,-0.1734935010683716
17304.0,-0.14105350380819148,0.004734259985211663,-0.11391073499912387,-0.17398383103468942
17316.0,-0.14042949523821344,0.004392853115062675,-0.11360188506445201,-0.1744589964863
17328.0,-0.13979886241510397,0.0040494135812738224,-0.1132884846156116,-0.1749189650781438
17340.0,-0.1391616654894891,0.003703902012385063,-0.11297054268988771,-0.17536370635017504
17352.0,-0.13851796465875965,0.0033562795153411276,-0.11264806843184898,-0.17579319174417657
17364.0,-0.1378678201869077,0.0030065076930973844,-0.11232107112251906,-0.1762073946156035
17376.0,-0.1372112924497682,0.002654548646831305,-0.1119895602056456,-0.17660629023973537
17388.0,-0.13654844199522143,0.0023003649660955664,-0.11165354530599406,-0.17698985581279242
17400.0,-0.13587932960385174,0.0019439197124138906,-0.1113130362367445,-0.17735807044984653
17412.0,-0.13520401633484588,0.0015851764027886807,-0.11096804299580149,-0.17771091518203003
17424.0,-0.13452256354477898,0.0012240989992135165,-0.11061857575348613,-0.1780483729555549
17436.0,-0.13383503287277154,0.0008606519086905911,-0.11026464483607269,-0.1783704286344139
17448.0,-0.13314148619299407,0.0004947999958105128,-0.1099062607105476,-0.1786770690075304
17460.0,-0.13244198554294004,0.00012650860718497938,-0.10954343397565905,-0.1789682827998582
17472.0,-0.13173659304156918,-0.0002442563954973354,-0.10917617536289964,-0.17924406068585222
17484.0,-0.13102537081402044,-0.0006175285987914192,-0.10880449574886365,-0.17950439530311488
17496.0,-0.13030838093848596,-0.0009933410028764578,-0.10842840617792433,-0.1797492812640358
17508.0,-0.12958568542623847,-0.0013717259941689606,-0.10804791789190639,-0.17997871516385552
17520.0,-0.12885734623872247,-0.0017527153287692889,-0.10766304236184912,-0.1801926955846227
17532.0,-0.12812342533762328,-0.0021363401280503954,-0.10727379131638562,-0.18039122309567238
17544.0,-0.12738398475668572,-0.0025226308851628394,-0.10688017676182608,-0.18057430025220064
17556.0,-0.12663908667934617,-0.0029116174789641184,-0.10648221099062669,-0.18074193159397361
17568.0,-0.1258887935049953,-0.0033033291903353896,-0.10607990657724828,-0.18089412364604776
17580.0,-0.12513316788916387,-0.003697794715322505,-0.10567327636300022,-0.18103088492263492
17592.0,-0.12437227274856119,-0.004095042170128185,-0.10526233343379782,-0.18115222593412314
17604.0,-0.12360617122944446,-0.0044950990845648775,-0.10484709109633765,-0.18125815919608948
17616.0,-0.12283492664561273,-0.0048979923828388686,-0.10442756285864795,-0.18134869923826022
17628.0,-0.12205860239871497,-0.005303748353033509,-0.10400376242015555,-0.1814238626110681
17640.0,-0.12127726189719185,-0.005712392608907788,-0.10357570367444677,-0.1814836678878505
17652.0,-0.12049096849030391,-0.006123950049192311,-0.10314340072516903,-0.18152813566176085
17664.0,-0.11969978543037095,-0.006538444820144546,-0.10270686791259845,-0.1815572885378736
17676.0,-0.11890377587033037,-0.006955900286605856,-0.10226611984593906,-0.1815711511223722
17688.0,-0.11810300289633985,-0.007376339015279368,-0.10182117143500731,-0.18156975001171488
17700.0,-0.11729752958798012,-0.007799782771706029,-0.10137203791495919,-0.1815531137849509
17712.0,-0.11648741909314216,-0.008226252529882204,-0.1009187348591914,-0.1815212730017672
17724.0,-0.11567273470199592,-0.008655768491115481,-0.1004612781781939,-0.18147426020746035
17736.0,-0.1148535399049991,-0.009088350107007991,-0.09999968410535304,-0.18141210994416057
17748.0,-0.11402989842349069,-0.009524016100718149,-0.09953396917373998,-0.18133485876574076
17760.0,-0.11320187420718232,-0.009962784481034027,-0.09906415019002389,-0.18124254525242764
17772.0,-0.11236953139955172,-0.010404672545229015,-0.09859024421228492,-0.1811352100206159
17784.0,-0.11153293427836644,-0.010849696868897973,-0.09811226853748699,-0.18101289572398596
17796.0,-0.11069214718308681,-0.011297873283565107,-0.09763024070193714,-0.1808756470436896
17808.0,-0.10984723444288996,-0.011749216845314606,-0.0971441784948081,-0.1807235106677655
17820.0,-0.10899826031824827,-0.012203741799538056,-0.09665409998156166,-0.18055653526253843
17832.0,-0.10814528896569602,-0.012661461547749225,-0.09616002353171463,-0.18037477144090935
17844.0,-0.10728838443041983,-0.01312238862210377,-0.09566196784446246,-0.18017827173359552
17856.0,-0.10642761066570289,-0.013586534671820066,-0.09515995196645347,-0.1799670905691649
17868.0,-0.10556303157318292,-0.014053910463395318,-0.09465399529826886,-0.17974128426708427
17880.0,-0.10469471105432049,-0.014524525893788696,-0.09414411758928526,-0.17950091104524976
17892.0,-0.10382271306201975,-0.014998390013135039,-0.09363033892370771,-0.17924603104017492
17904.0,-0.10294710164214677,-0.015475511051578933,-0.09311267970279907,-0.17897670633491625
17916.0,-0.10206794095743904,-0.01595589644388673,-0.09259116062906589,-0.17869300098765806
17928.0,-0.10118529529031832,-0.016439552845806133,-0.09206580269719772,-0.17839498105321405
17940.0,-0.1002992290255287,-0.016926486137660228,-0.09153662719418014,-0.17808271459076233
17952.0,-0.09940980661742743,-0.01741670141310323,-0.09100365570792408,-0.17775627165375565
17964.0,-0.09851709254942637,-0.01791020295385374,-0.09046691014089973,-0.17741572426160568
17976.0,-0.09762115129407804,-0.018406994193992467,-0.08992641272351304,-0.17706114635663533
17988.0,-0.09672204728154696,-0.018907077679508028,-0.08938218602189198,-0.17669261375304945
18000.0,-0.09581984488197187,-0.019410455029776306,-0.08883425293643821,-0.17631020408652553
18012.0,-0.09491460840405161,-0.019917126907357294,-0.08828263669050403,-0.1759139967730131
18024.0,-0.09400640210876127,-0.02042709300094508,-0.0877273608119998,-0.17550407298339846
18036.0,-0.0930952902341172,-0.02094035202381893,-0.0871684491135735,-0.17508051563723517
18048.0,-0.09218133702491577,-0.021456901727214782,-0.08660592567829946,-0.17464340941450232
18060.0,-0.09126460676070049,-0.02197673892525747,-0.08603981485704294,-0.17419284078028222
18072.0,-0.09034516377591535,-0.022499859526018524,-0.08547014128088666,-0.1737288980142673
18084.0,-0.08942307246805944,-0.02302625856230536,-0.08489692988787499,-0.17325167123580926
18096.0,-0.0884983972922393,-0.023555930216123212,-0.0843202059589549,-0.1727612524161082
18108.0,-0.08757120274327483,-0.02408886783229152,-0.08373999515462661,-0.1722577353719326
18120.0,-0.08664155332890233,-0.02462506391910832,-0.08315632354251888,-0.17174121573934764
18132.0,-0.08570951353918448,-0.025164510136724903,-0.08256921760741828,-0.17121179093039576
18144.0,-0.08477514781771667,-0.025707197276443397,-0.08197870423905533,-0.17066956007949907
18156.0,-0.08383852053957082,-0.026253115235956057,-0.08138481069832872,-0.17011462398866514
18168.0,-0.0828996959993235,-0.02680225299625094,-0.08078756456828466,-0.16954708508082608
18180.0,-0.08195873841033709,-0.02735459860539187,-0.08018699370055378,-0.16896704736875626
18192.0,-0.08101571191416161,-0.027910139172778962,-0.0795831261698306,-0.16837461644340362
18204.0,-0.0800706805969704,-0.02846886087517421,-0.07897599024771136,-0.16776989948094712
18216.0,-0.07912370850871625,-0.0290307489732382,-0.07836561440294428,-0.1671530052634792
18228.0,-0.07817485968041786,-0.029595787835110555,-0.07775202732885614,-0.16652404420491956
18240.0,-0.07722419813567782,-0.030163960962132683,-0.07713525799194175,-0.1658831283723487
18252.0,-0.07627178789401408,-0.030735251011435313,-0.07651533569006698,-0.1652303714937488
18264.0,-0.07531769296551362,-0.03130963981084342,-0.07589229010591826,-0.1645658889459875
18276.0,-0.07436197733826609,-0.03188710836319654,-0.07526615134204069,-0.16388979772115006
18288.0,-0.07340470496158427,-0.032467636839370775,-0.07463694992797333,-0.1632022163740646
18300.0,-0.07244593972884182,-0.03305120456154363,-0.0740047167966456,-0.16250326495801243
18312.0,-0.07148574546369478,-0.03363778998009685,-0.07336948323471265,-0.1617930649582441
18324.0,-0.07052418591253776,-0.0342273706486415,-0.07273128081800265,-0.1610717392334422
18336.0,-0.06956132474450252,-0.034819923201792606,-0.07209014134707002,-0.1603394119735696
18348.0,-0.0685972255584982,-0.03541542333954365,-0.07144609679800436,-0.15959620867899563
18360.0,-0.06763195189513757,-0.03601384582061683,-0.0707991793000618,-0.1588422561611875
18372.0,-0.06666556725027199,-0.036615164465348314,-0.07014942114523619,-0.15807768256060656
18384.0,-0.06569813508652445,-0.03721935216691506,-0.06949685482717258,-0.157302617373769
18396.0,-0.06472971883973502,-0.03782638090838258,-0.06884151309976519,-0.15651719147950838
18408.0,-0.06376038191848633,-0.03843622178239188,-0.06818342904112602,-0.15572153715470166
18420.0,-0.06279018769655319,-0.03904884501038382,-0.06752263610749125,-0.15491578807200523
18432.0,-0.06181919949981751,-0.03966421995897863,-0.0668591681642892,-0.15410007927595964
18444.0,-0.060847480590492685,-0.040282315152254194,-0.06619305948730712,-0.15327454713830593
18456.0,-0.05987509415209255,-0.04090309827988556,-0.06552434473419551,-0.15243932929753623
18468.0,-0.05890210327830822,-0.041526536202118346,-0.06485305889359537,-0.15159456459069418
18480.0,-0.05792857096788099,-0.04215259495312184,-0.06417923722422707,-0.15074039298664965
18492.0,-0.056954560125940565,-0.042781239744306615,-0.06350291519814351,-0.1498769555293112
18504.0,-0.055980133570513485,-0.04341243496874086,-0.06282412846066679,-0.1490043942967525
18516.0,-0.05500535404144255,-0.04404614420703189,-0.06214291281483802,-0.148122852378628
18528.0,-0.054030284208176994,-0.044682330234199756,-0.06145930423180286,-0.1472324738703586
18540.0,-0.053054986673019604,-0.04532095502641369,-0.06077333888210435,-0.14633340387922764
18552.0,-0.05207952396745759,-0.04596197976618874,-0.06008505317798683,-0.14542578853541965
18564.0,-0.05110395854093586,-0.04660536484483788,-0.059394483814691354,-0.14450977500053386
18576.0,-0.050128352743451274,-0.04725106986160738,-0.058701667799756246,-0.14358551146720916
18588.0,-0.049152768805160285,-0.04789905361983065,-0.058006642463118846,-0.14265314714585686
18600.0,-0.048177268817333405,-0.04854927412138346,-0.057309445446242634,-0.1417128322375072
18612.0,-0.04720191471913303,-0.04920168856145597,-0.05661011467409406,-0.14076471789472972
18624.0,-0.046226768293738243,-0.04985625332596357,-0.05590868831810758,-0.1398089561748475
18636.0,-0.04525189117545162,-0.05051292399368901,-0.055205204760244916,-0.13884569999079033
18648.0,-0.04427734486699392,-0.05117165534449575,-0.054499702567469235,-0.1378751030647797
18660.0,-0.04330319076376427,-0.05183240137381991,-0.053792220482747,-0.1368973198887581
18672.0,-0.04232949017998574,-0.0524951153123712,-0.05308279743400094,-0.13591250569346533
18684.0,-0.041356304370832,-0.05315974964883033,-0.05237147255755911,-0.13492081642585305
18696.0,-0.04038369454508592,-0.053826256152579334,-0.05165828522885893,-0.13392240873264238
18708.0,-0.039411721864577025,-0.05449458589331969,-0.05094327509141728,-0.1329174399466687
18720.0,-0.038440447429260755,-0.055164689254880064,-0.05022648207574239,-0.1319060680724157
18732.0,-0.03746993224979446,-0.05583651594151788,-0.049507946402674675,-0.13088845176777247
18744.0,-0.03650023721218792,-0.056510014976384915,-0.04878770856979167,-0.12986475032030187
18756.0,-0.035531423040950035,-0.057185134693291347,-0.048065809323878474,-0.12883512361781224
18768.0,-0.03456355026768668,-0.057861822724177545,-0.047342289625924336,-0.1277997321143799
18780.0,-0.033596679211171036,-0.058540025985542476,-0.046617190616815185,-0.12675873679385846
18792.0,-0.03263086997266799,-0.059219690667323334,-0.045890553591492377,-0.1257122991331694
18804.0,-0.031666182447196746,-0.059900762227332024,-0.04516241998703108,-0.12466058106730821
18816.0,-0.03070267634810369,-0.06058318539341451,-0.044432831386520225,-0.12360374495719828
18828.0,-0.02974041123949004,-0.061266904174189694,-0.04370182953674475,-0.1225419535605494
18840.0,-0.028779446569302418,-0.06195186187779432,-0.04296945637444672,-0.12147537000502372
18852.0,-0.027819841695629875,-0.06263800113676364,-0.0422357540541304,-0.1204041577625015
18864.0,-0.026861655900030496,-0.0633252639362383,-0.04150076497033949,-0.11932848062317977
18876.0,-0.025904948384283033,-0.06401359164224957,-0.04076453176898378,-0.1182485026685936
18888.0,-0.024949778250298787,-0.06470292502694777,-0.04002709734513806,-0.11716438824326603
18900.0,-0.02399620446635158,-0.0653932042882534,-0.03928850482803277,-0.11607630192534471
18912.0,-0.023044285825585282,-0.06608436906239598,-0.038548797556905864,-0.11498440849705124
18924.0,-0.02209408090436646,-0.06677635842898026,-0.03780801905332485,-0.11388887291589884
18936.0,-0.021145648028136954,-0.06746911090938285,-0.037066212996136834,-0.11278986028738683
18948.0,-0.020199045250974195,-0.06816256446025463,-0.03632342320432731,-0.1116875358393376
18960.0,-0.019254330352381676,-0.06885665646454937,-0.03557969363105366,-0.11058206489738305
18972.0,-0.01831156085145196,-0.06955132372274166,-0.034835068369483885,-0.10947361286055113
18984.0,-0.01737079403514464,-0.07024650244673147,-0.03408959166842504,-0.10836234517564539
18996.0,-0.016432086994672353,-0.07094212825840795,-0.03334330795363294,-0.10724842730925906
19008.0,-0.015495496662418926,-0.07163813619406087,-0.03259626184955879,-0.10613202471680773
19020.0,-0.014561079841715317,-0.07233446071491119,-0.03184849819628787,-0.105013302808768
19032.0,-0.013628893223167852,-0.07303103572311766,-0.031100062057500395,-0.10389242691514987
19044.0,-0.012698993383783224,-0.0737277945818325,-0.030350998717175445,-0.10276956224986022
19056.0,-0.011771436768359053,-0.07442467013733245,-0.029601353665068744,-0.10164487387683042
19068.0,-0.010846279655885797,-0.07512159474101099,-0.02885117257327413,-0.10051852667948277
19080.0,-0.009923578116419883,-0.07581850026911595,-0.028100501268000677,-0.09939068533434281
19092.0,-0.009003387965547994,-0.07651531813853364,-0.02734938570172924,-0.09826151428854264
19104.0,-0.008085764723889628,-0.07721197931760114,-0.026597871930956102,-0.09713117773987816
19116.0,-0.007170763588056499,-0.07790841433176515,-0.02584600610376141,-0.09599983961727727
19128.0,-0.006258439417331801,-0.07860455326477779,-0.02509383445960323,-0.09486766355924724
19140.0,-0.005348846737477168,-0.07930032575688165,-0.024341403341342577,-0.09373481288821613
19152.0,-0.004442039760059665,-0.07999566100196265,-0.023588759216981843,-0.09260145057962059
19164.0,-0.0035380724130625978,-0.08069048774583976,-0.022835948706437847,-0.09146773922591415
19176.0,-0.0026369983767577628,-0.0813847342876687,-0.02208301860733603,-0.09033384099705905
19188.0,-0.0017388711181567365,-0.08207832848588183,-0.021330015913649657,-0.08919991760016195
19200.0,-0.0008437439178928607,-0.08277119776925194,-0.02057698782215701,-0.08806613024141835
19212.0,4.833011503662158e-5,-0.08346326915269761,-0.019823981724026017,-0.08693263959327167
19224.0,0.0009372980429501385,-0.08415446925651843,-0.019071045181961087,-0.08579960576868874
19236.0,0.0018231071133101048,-0.08484472432704225,-0.018318225896642924,-0.08466718830290534
19248.0,0.002705704784078706,-0.08553396025633049,-0.017565571668930184,-0.0835355461412574
19260.0,0.003585038756247461,-0.08622210259870687,-0.016813130365794144,-0.08240483763019683
19272.0,0.004461057008346271,-0.08690907658244759,-0.01606094989775948,-0.08127522050767934
19284.0,0.005333707827883048,-0.0875948071159027,-0.015309078213613325,-0.08014685188904855
19296.0,0.00620293983570137,-0.0882792187884364,-0.0145575633146262,-0.0790198882453826
19308.0,0.007068702000911163,-0.08896223586765947,-0.013806453286194356,-0.07789448537284947
19320.0,0.007930943645981688,-0.08964378229525331,-0.013055796340615182,-0.07677079835359145
19332.0,0.008789614443391923,-0.09032378168406996,-0.012305640861644186,-0.07564898151057811
19344.0,0.009644664406567497,-0.09100215731903534,-0.011556035440364498,-0.07452918836028388
19356.0,0.0104960438784704,-0.09167883216369184,-0.010807028893130264,-0.07341157156762242
19368.0,0.011343703521083073,-0.09235372887311126,-0.010058670255794223,-0.07229628290716053
19380.0,0.012187594308244003,-0.0930267698126007,-0.00931100875342301,-0.07118347323332103
19392.0,0.013027667523088564,-0.09369787708037845,-0.008564093750156564,-0.07007329246036198
19404.0,0.013863874760044739,-0.0943669725314724,-0.007817974688524775,-0.06896588955082794
19416.0,0.01469616793025192,-0.09503397779969935,-0.007072701030265627,-0.06786141250938514
19428.0,0.015524499268661507,-0.09569881431481812,-0.006328322210775405,-0.06676000837788473
19440.0,0.01634882134106102,-0.09636140331279149,-0.00558488761664955,-0.06566182322738363
19452.0,0.017169087049800358,-0.09702166583838914,-0.0048424465908828524,-0.0645670021437056
19464.0,0.017985249637905883,-0.09767952274086616,-0.004101048464277796,-0.06347568920473455
19476.0,0.018797262692261785,-0.09833489466486028,-0.0033607426058438186,-0.06238802744961249
19488.0,0.019605080147309356,-0.0989877020396797,-0.002621578480805167,-0.06130415884190133
19500.0,0.020408656291009707,-0.0996378650705845,-0.0018836057032523387,-0.06022422423012554
19512.0,0.021207945774505584,-0.10028530373540082,-0.0011468740718423697,-0.05914836330964294
19524.0,0.022002903626040255,-0.100929937788891,-0.00041143358093655017,-0.05807671458939468
19536.0,0.022793485268447374,-0.10157168677590624,0.00032266559480570694,-0.05700941536588731
19548.0,0.023579646538236923,-0.10221047005274576,0.0010553731384371394,-0.05594660170506993
19560.0,0.02436134370333246,-0.10284620681465066,0.0017866386425949498,-0.05488840843100577
19572.0,0.025138533476176218,-0.1034788161262649,0.0025164116639208437,-0.05383496911881934
19584.0,0.0259111730193837,-0.1041082169514106,0.003244641768910131,-0.05278641608865054
19596.0,0.026679219942376736,-0.1047343281787343,0.0039712785628808435,-0.05174288039741119
19608.0,0.027442632289225687,-0.10535706864063164,0.0046962716983733966,-0.05070449182595975
19620.0,0.02820136851989665,-0.1059763571241653,0.00541957086449708,-0.04967137886064476
19632.0,0.028955387488761444,-0.10659211237418417,0.0061411257632011836,-0.048643668669657414
19644.0,0.029704648425154835,-0.10720425309023221,0.006860886081079733,-0.04762148707589647
19656.0,0.03044911092067262,-0.10781269791983229,0.007578801465552132,-0.04660495852877827
19668.0,0.031188734926740146,-0.1084173654511691,0.008294821512174562,-0.04559420607746391
19680.0,0.03192348076394806,-0.10901817420801503,0.0090088957661179,-0.04458935134735603
19692.0,0.03265330914217882,-0.10961504264902253,0.00972097373658741,-0.04359051452064342
19704.0,0.03337818118819478,-0.11020788917242776,0.010431004919349465,-0.042597814320461475
19716.0,0.03409805847569014,-0.11079663212602524,0.011138938820534896,-0.041611367997237796
19728.0,0.03481290305225101,-0.11138118982124219,0.011844724974991398,-0.04063129131528475
19740.0,0.03552267745839765,-0.11196148054947613,0.012548312954540335,-0.0396576985378237
19752.0,0.03622734473577284,-0.11253742259867956,0.013249652364887555,-0.03869070240933856
19764.0,0.036926868424171165,-0.11310893426848435,0.013948692833622609,-0.03773041413525112
19776.0,0.037621212549859784,-0.11367593388284697,0.014645383994636557,-0.0367769433600662
19788.0,0.03831034160984649,-0.11423833980007181,0.015339675475562545,-0.035830398146005346
19800.0,0.03899422055784076,-0.11479607042090556,0.01603151689413899,-0.03489088495445669
19812.0,0.03967281479731605,-0.11534904419597965,0.016720857866928226,-0.033958508632186454
19824.0,0.040346090185348155,-0.11589717963406937,0.017407648030311494,-0.03303337240324386
19836.0,0.04101401304815662,-0.11644039531239243,0.01809183707013895,-0.03211557786608363
19848.0,0.041676550206166306,-0.11697860988955266,0.01877337475385955,-0.031205224993990484
19860.0,0.042333669003707206,-0.1175117421209034,0.019452210958128578,-0.030302412135810607
19872.0,0.0429853373368858,-0.11803971087527151,0.02012829568603618,-0.029407236013597633
19884.0,0.043631523673148855,-0.11856243515136194,0.02080157907090766,-0.02851979171422873
19896.0,0.04427219705770369,-0.11907983409192172,0.02147201136731436,-0.0276401726732929
19908.0,0.04490732710493221,-0.11959182699396434,0.022139542933473276,-0.026768470651344436
19920.0,0.045536883976563115,-0.12009833331401204,0.022804124211614006,-0.025904775704541576
19932.0,0.04616083835177776,-0.12059927266827834,0.023465705713481062,-0.02504917615328677
19944.0,0.04677916139675952,-0.12109456482878345,0.02412423801674886,-0.024201758553339385
19956.0,0.04739182474181945,-0.12158412971733823,0.024779671775138533,-0.023362607673730988
19968.0,0.04799880047289963,-0.12206788739994007,0.025431957741264086,-0.022531806484653482
19980.0,0.04860006114119503,-0.12254575808425341,0.026081046797737848,-0.021709436156528112
19992.0,0.04919557979050463,-0.12301766212245825,0.026726889989794358,-0.02089557606911801
20004.0,0.04978532999767133,-0.12348352002090641,0.02736943855226914,-0.020090303827342424
20016.0,0.05036928591811762,-0.12394325245688936,0.02800864392530869,-0.019293695278899865
20028.0,0.050947422326873576,-0.12439678030160863,0.02864445775626371,-0.018505824528286863
20040.0,0.05151971464608309,-0.12484402464738201,0.02927683188898953,-0.017726763942461452
20052.0,0.05208613895271039,-0.12528490683641036,0.029905718345219538,-0.016956584145130994
20064.0,0.05264667196448338,-0.1257193484881897,0.030531069304861925,-0.016195353999083343
20076.0,0.05320129100704188,-0.1261472715229101,0.03115283709241882,-0.01544314057860189
20088.0,0.05374997396966816,-0.12656859817886543,0.031770974175159734,-0.01470000913623351
20100.0,0.0542926992598208,-0.1269832510228644,0.03238543317563743,-0.013966023069518907
20112.0,0.054829445767267546,-0.12739115295370357,0.032996166897436036,-0.01324124389344641
20124.0,0.055360192846736475,-0.12779222719974997,0.033603128359676694,-0.012525731223313803
20136.0,0.05588492032406627,-0.12818639731244252,0.03420627083365232,-0.011819542770609367
20148.0,0.05640360852571434,-0.1285735871579693,0.034805547874560964,-0.011122734351903075
20160.0,0.056916238326343,-0.12895372090949084,0.035400913342722565,-0.010435359908138315
20172.0,0.05742279120523067,-0.1293267230420996,0.03599232141148385,-0.009757471529690438
20184.0,0.05792324930036409,-0.12969251833230647,0.03657972656247265,-0.00908911948153426
20196.0,0.058417595449691676,-0.13005103186331743,0.03716308357204612,-0.008430352223038567
20208.0,0.058905813212000765,-0.13040218903677944,0.037742347494878675,-0.007781216418216865
20220.0,0.05938788686451466,-0.13074591559108717,0.03831747365115752,-0.007141756934403806
20232.0,0.05986380137949527,-0.1310821376257717,0.03888841762272175,-0.006512016829818071
20244.0,0.06033354238666961,-0.1314107816309417,0.03945513526105023,-0.0058920373327791585
20256.0,0.06079709613112724,-0.13173177452022353,0.04001758270694085,-0.005281857816989217
20268.0,0.06125444943683284,-0.13204504366517109,0.04057571641882446,-0.00468151577795489
20280.0,0.06170558968400252,-0.13235051692874006,0.041129493204632835,-0.004091046815214834
20292.0,0.0621505048048174,-0.1326481226952296,0.04167887025144569,-0.0035104846236946076
20304.0,0.06258918329725169,-0.13293778989417637,0.04222380514787482,-0.0029398609955637372
20316.0,0.06302161425233882,-0.13321944801612376,0.04276425589604669,-0.002379205831859726
20328.0,0.06344778738707119,-0.13349302711901315,0.043300180912595077,-0.0018285471613192956
20340.0,0.06386769307406213,-0.13375845782511117,0.043831539020633394,-0.0012879111626769562
20352.0,0.06428132236030722,-0.1340156713097682,0.04435828943665201,-0.0007573221863532558
20364.0,0.06468866697050721,-0.13426459928468673,0.044880391757273035,-0.00023680277196487954
20376.0,0.06508971929463042,-0.1345051739795085,0.04539780595065039,0.0002736263407265364
20388.0,0.06548447236360451,-0.13473732812614736,0.04591049235614675,0.0007739462082518388
20400.0,0.06587291982016631,-0.1349609949502098,0.04641841169407999,0.00126413968650264
20412.0,0.06625505589317437,-0.13517610817297593,0.04692152508524392,0.0017441914383962975
20424.0,0.06663087538279744,-0.13538260202583513,0.04741979407800433,0.0022140879433536842
20436.0,0.06700037366118307,-0.13558041127701156,0.04791318067939616,0.002673817505677972
20448.0,0.06736354668921961,-0.1357694712682313,0.04840164738600213,0.003123370259370917
20460.0,0.06772039104586318,-0.13594971795709443,0.048885157210527184,0.0035627381677874365
20472.0,0.06807090396327119,-0.1361210879597191,0.049363673700814625,0.003991915017586499
20484.0,0.06841508335948668,-0.13628351858801085,0.049837160949406024,0.004410896407454664
20496.0,0.06875292786102494,-0.13643694787678534,0.050305583593399816,0.004819679732869894
20508.0,0.06908443681025697,-0.13658131459782957,0.05076890680606813,0.005218264168624713
20520.0,0.0694096102562981,-0.13671655826049775,0.05122709628320004,0.005606650650915059
20532.0,0.06972844893220734,-0.13684261910113008,0.0516801182282228,0.00598484186057416
20544.0,0.07004095422463141,-0.1369594380659091,0.05212793934061524,0.006352842208589696
20556.0,0.07034712814373736,-0.13706695679323858,0.052570526811837354,0.006710657824503389
20568.0,0.07064697330094459,-0.13716511760200445,0.05300784833192228,0.00705829654775836
20580.0,0.07094049289969899,-0.1372538634910609,0.053439872108108064,0.0073957679216047475
20592.0,0.07122769074093739,-0.1373331381531424,0.053866566894671536,0.007723083188833841
20604.0,0.07150857124092433,-0.13740288600355186,0.054287902030845846,0.008040255288396383
20616.0,0.07178313945585302,-0.13746305222098526,0.05470384748181528,0.008347298851864467
20628.0,0.07205140110585653,-0.13751358279535103,0.05511437387673476,0.008644230198713802
20640.0,0.07231336259133445,-0.13755442457595102,0.055519452537845154,0.00893106732953243
20652.0,0.07256903099669552,-0.13758552531324394,0.05591905549615306,0.009207829916508621
20664.0,0.07281841408016221,-0.13760683368865334,0.056313155491635986,0.009474539290911984
20676.0,0.07306152025222921,-0.13761829932926412,0.05670172595906077,0.009731218427737318
20688.0,0.07329835854864745,-0.13761987280728288,0.05708474100360263,0.009977891928178736
20700.0,0.0735289386055122,-0.1376115056271803,0.057462175372804396,0.01021458600105861
20712.0,0.07375327064366993,-0.1375931502058508,0.05783400443241662,0.010441328444648105
20724.0,0.07397136546726624,-0.13756475985241262,0.05820020415298715,0.010658148630381108
20736.0,0.0741832344774242,-0.137526288754167,0.05856075111178626,0.01086507748971204
20748.0,0.07438888969775478,-0.13747769197378595,0.058915622511225174,0.011062147504792258
20760.0,0.07458834380479581,-0.1374189254603347,0.059264796211123266,0.011249392702809863
20772.0,0.07478161015454585,-0.1373499460738094,0.05960825076890615,0.011426848652902588
20784.0,0.07496870279659043,-0.13727071162012439,0.05994596547988396,0.011594552463715478
20796.0,0.07514963646992667,-0.13718118089150844,0.06027792040967436,0.011752542779149453
20808.0,0.07532442657890358,-0.13708131370647017,0.060604096412658966,0.011900859769807183
20820.0,0.07549308915267655,-0.13697107094400593,0.060924475133682404,0.012039545118171183
20832.0,0.07565564079598416,-0.13685041456838332,0.061239038994220375,0.012168641996602125
20844.0,0.07581209864175247,-0.13671930764322,0.061547771167971485,0.012288195038647531
20856.0,0.0759624803162716,-0.13657771433611535,0.061850655553343015,0.012398250305620431
20868.0,0.07610680392531352,-0.13642559991718795,0.06214767675097844,0.012498855251613986
20880.0,0.07624508806505535,-0.1362629307560488,0.0624388200531543,0.012590058690755319
20892.0,0.07637735185606677,-0.13608967432175484,0.0627240714489016,0.012671910770366208
20904.0,0.07650361499322905,-0.13590579918917342,0.06300341764484606,0.012744462952746461
20916.0,0.07662389780057598,-0.13571127505325511,0.06327684609799174,0.012807768006670273
20928.0,0.07673822127863447,-0.13550607275045495,0.06354434505393779,0.012861880007696924
20940.0,0.07684660713327067,-0.13529016428453242,0.06380590358297357,0.012906854344463297
20952.0,0.07694907777901247,-0.13506352285269727,0.06406151160735452,0.012942747726683513
20964.0,0.0770456563154117,-0.13482612286786644,0.06431115991552831,0.012969618189983677
20976.0,0.07713636648092473,-0.1345779399737081,0.06455484016246303,0.01298752509312953
20988.0,0.07722123259365028,-0.13431895105094815,0.06479254485861408,0.012996529104620146
21000.0,0.07730027949094025,-0.13404913421566503,0.06502426735257757,0.012996692177753021
21012.0,0.07737353247979392,-0.13376846881244425,0.0652500018135035,0.012988077515670517
21024.0,0.07744101730712513,-0.13347693540677902,0.06546974321869341,0.01297074953004815
21036.0,0.07750276015416595,-0.1331745157816037,0.06568348734975311,0.01294477379849161
21048.0,0.07755878765361977,-0.13286119294219603,0.06589123079784741,0.012910217026033564
21060.0,0.07760912692305255,-0.13253695113201405,0.0660929709758306,0.012867147015259994
21072.0,0.0776538056046129,-0.13220177585972157,0.06628870613307199,0.012815632647713454
21084.0,0.07769285190025225,-0.13185565393522658,0.06647843536817086,0.012755743876719489
21096.0,0.07772629459331068,-0.13149857351056307,0.06666215863557931,0.012687551729216316
21108.0,0.07775416305113475,-0.13113052412033607,0.06683987674413529,0.012611128312118221
21120.0,0.07777648720829684,-0.1307514967164627,0.06701159134804487,0.012526546817684595
21132.0,0.07779329753473964,-0.130361483693058,0.06717730493320494,0.012433881522554879
21144.0,0.07780462499660468,-0.1299604788992639,0.06733702080325492,0.012333207776517632
21156.0,0.07781050101881108,-0.12954847764014923,0.06749074306998268,0.012224601979400444
21168.0,0.07781095745738434,-0.12912547666800042,0.06763847665163648,0.012108141547172926
21180.0,0.07780602658645813,-0.12869147416790422,0.06778022728062731,0.011983904870827445
21192.0,0.07779574110065214,-0.12824646974219578,0.06791600151962283,0.011851971273269367
21204.0,0.07778013412930365,-0.12779046439802416,0.0680458067828102,0.011712420969918227
21216.0,0.07775923925591365,-0.12732346054113386,0.06816965135772253,0.011565335037876772
21228.0,0.07773309053495554,-0.12684546197731306,0.06828754442281992,0.01141079539655334
21240.0,0.07770172249916917,-0.12635647392125055,0.06839949605700409,0.01124888479997579
21252.0,0.0776651701533206,-0.1258565030111823,0.06850551723912505,0.011079686838322991
21264.0,0.07762346895434913,-0.12534555732698233,0.06860561983779688,0.010903285944051844
21276.0,0.0775766547817598,-0.12482364640935333,0.06869981659389529,0.01071976739691436
21288.0,0.07752476390497169,-0.12429078127839588,0.06878812109947705,0.010529217322394488
21300.0,0.07746783295530599,-0.12374697445080045,0.06887054777726279,0.010331722679595147
21312.0,0.07740589890910421,-0.123192239955869,0.06894711186425509,0.010127371237025238
21324.0,0.07733899908539574,-0.122626593351196,0.0690178294017592,0.009916251537512844
21336.0,0.07726717115739005,-0.12205005173891509,0.06908271723243037,0.009698452855960936
21348.0,0.07719045317296098,-0.12146263378291686,0.06914179300342328,0.009474065155291053
21360.0,0.07710888357634399,-0.12086435972652355,0.0691950751736148,0.009243179046316233
21372.0,0.0770225012223332,-0.12025525140907879,0.06924258302239902,0.009005885756363985
21384.0,0.07693134537568087,-0.11963533227914175,0.06928433665770808,0.008762277109457133
21396.0,0.0768354556919004,-0.1190046274017877,0.06932035702152756,0.008512445518230572
21408.0,0.0767348721804273,-0.1183631634580891,0.0693506658919986,0.00825648398512983
21420.0,0.0766296351559178,-0.11771096873615197,0.06937528588197543,0.007994486108409821
21432.0,0.0765197851871085,-0.11704807311486431,0.069394240434455,0.007726546087487606
21444.0,0.0764053630541268,-0.11637450804336344,0.0694075538155499,0.007452758722503784
21456.0,0.07628640972393971,-0.11569030652066566,0.06941525110567502,0.007173219404417589
21468.0,0.07616296634992466,-0.11499550308049657,0.06941735818947847,0.006888024094232908
21480.0,0.0760350742961286,-0.11429013378585985,0.06941390174489331,0.006597269292478588
21492.0,0.07590277518089796,-0.11357423623627874,0.06940490923160574,0.006301052002251072
21504.0,0.07576611092961229,-0.11284784958820733,0.06939040887924869,0.005999469690470092
21516.0,0.0756251238234646,-0.11211101458632637,0.06937042967569158,0.005692620252209091
21528.0,0.07547985653134456,-0.11136377360092325,0.06934500135582727,0.0053806019820276125
21540.0,0.07533035211497462,-0.11060617066489581,0.06931415439118942,0.0050635135544116515
21552.0,0.07517665400289718,-0.10983825150354368,0.06927791998054665,0.004741454013182611
21564.0,0.0750188059355245,-0.10906006355136943,0.06923633004136365,0.0044145227676171146
21576.0,0.07485685188975916,-0.10827165595244283,0.06918941720179286,0.004082819591532669
21588.0,0.07469083599623964,-0.1074730795440203,0.06913721479277711,0.0037464446210751174
21600.0,0.07452080246401753,-0.10666438682640024,0.06907975683997492,0.003405498347485477
