t,G1,G2,G3,G4
0.0,-0.0038117453606322815,-0.007010638948050804,0.00607559263882659,-0.004139372520361724
12.0,0.01380676163366203,-0.02104241165418876,0.010412967627252662,-0.015367501658938389
24.0,-0.014758872792047672,0.007357026916227391,-0.00024016617498760258,-0.00406031490558728
36.0,-0.03280808629729109,0.010560138627935586,0.013311995488385743,0.011537774097548316
48.0,0.010446172818830585,0.008820338203282815,-0.011604896797142002,-0.01781438538578905
60.0,0.014530866120385772,0.02406075917088434,-0.011454078094378543,-0.016359988779069825
72.0,-0.009159988610925887,0.01128154694164409,0.004728440490957911,-0.00885544301569673
84.0,0.014985938682619618,-0.021782525747805145,-0.005430915045197752,0.0001143788595434081
96.0,-0.00788153514950032,-0.005610377945364313,0.025300572588005284,0.014425507143839857
108.0,0.015232960457955802,-0.013681545769082681,-0.017977115816273575,-0.018867772856717962
120.0,-0.010418171525262688,0.017658927900730204,0.003737896246589366,-0.014766169860177907
132.0,-0.007073892029720499,-0.00956353203909226,0.006083905115770434,-0.012646538709374435
144.0,-0.021413858822084277,0.0008173568684708204,-0.0005575068078939366,-0.018604517643164297
156.0,-0.007245031783163919,0.015246604816213587,-0.01602746737134768,-0.0030905701589349407
168.0,0.009932662551924503,-0.0031311770537163423,-0.0019259262341752592,0.01935397802820444
180.0,0.012631398312855388,-0.009103592888700942,0.0017306982417905309,-0.0018893714638142404
192.0,-0.015115793222167426,-0.0027453978320034073,0.001143854736707807,0.0029391466713945937
204.0,0.02477395222278516,-0.0004147147394479814,-0.00492871587068635,-0.013299641424260485
216.0,-0.016914426994258488,-0.002029893579778893,-0.019650437014616134,0.001514824132863588
228.0,-0.02319510708467021,-0.017376773870968396,0.01807005056410396,-0.01112351723222165
240.0,0.0060670714525162504,-0.016473358100290686,0.0007636428930790633,-0.004838464623525711
252.0,-0.007301802731217475,0.005295771872897624,0.006268822590947712,0.018163559347367488
264.0,-0.011999622315647917,0.01658022883077396,0.005521481333852675,0.011046726008637849
276.0,-0.01967163602051663,-0.013419772043367008,-0.019717207129036293,0.006394671538667229
288.0,0.015017345377193986,-0.005537061093268191,-0.018642199567223156,-0.01801252873636792
300.0,0.0033740687174008115,-0.0009288842895686584,-0.010562252242016944,0.002623903057174287
312.0,0.0013211325014718296,0.01764994888844242,0.006403492958561084,0.030863062289201354
324.0,-0.006066465962885764,-0.030160438461939196,0.0004215613978838763,-0.0033415187585628865
336.0,0.012019078045177,0.006442955998040318,0.004289626441290467,0.010520306343530484
348.0,0.024088327607810132,-0.024576463212255425,-0.004591756550001899,0.023836584895647123
360.0,0.0077043164338257515,0.016961146005797494,-0.003935984263071126,-0.0007290620919101779
372.0,0.006728899772734627,0.021852068674159026,0.008160170478729524,0.008219227373878433
384.0,0.015561190036216548,-0.01356652334252913,0.0010751670370807995,-0.0060829746041309845
396.0,-0.0021888489928700164,-0.032377135548489255,0.01091933502642368,-0.027897633109935597
408.0,-0.0023602176232779006,-0.008445321128745317,-0.0006673694703126523,-0.016053619931637418
420.0,-0.010369997361522639,-0.010900564139722287,-0.004986568446659454,0.009033506820369862
432.0,-0.022578807180569083,-0.00547183880973432,0.005580650483154719,-0.014018624781831905
444.0,0.0021698107389928312,-0.025282522666387593,-0.008370309486352838,-0.023124715699710047
456.0,-0.005052021019733075,-0.0017415590288259032,-0.010868001838656398,-0.024152962909263637
468.0,-0.014425709703774462,-0.017570654222054685,0.02426829290817628,-0.011868465997964397
480.0,0.010411215926652709,-0.0020730866133524396,-0.005225885262053707,0.022262109357798147
492.0,-0.017673662796487372,0.018012798653639358,0.0369420424833032,0.00869405905153976
504.0,-0.0014328806497367302,0.00908665835834862,0.008282039363167232,-0.004318670853616064
516.0,-0.010174269700924218,0.007196856946886181,-0.020927565925374304,-0.009136621294140748
528.0,0.007799108775574844,0.008819383141172563,-0.018217070915877657,-0.023406755868383138
540.0,-0.005571991237947494,-0.01644152314915557,-0.0018449921509354737,-0.009895915840468743
552.0,-0.01731456116803998,0.020895660801939327,-0.0016234319946287282,-0.0011268578373161892
564.0,-0.011584476594793643,0.007173082798415888,-0.004004593875331212,-0.00735725016386643
576.0,0.010406989333017626,-0.005697751328785178,0.010206850063929976,0.0016089766094922247
588.0,-0.0020377190340656165,-0.007795004134496406,-0.0026098449577042007,0.010455713108001412
600.0,-0.008149534118976315,0.022937373145524277,-0.016198393347640175,-0.016657541035009382
612.0,0.007540844346020527,0.00513321346652541,-0.01568020700621506,0.02236468779251479
624.0,-0.02047025630518914,0.027099164107609857,0.01183879424392365,-0.023719353594107713
636.0,-0.027119142513278873,0.011725888098488188,0.01134869264490702,0.0328257060909173
648.0,0.0009890278896531146,-0.008123454184045479,0.020864157465525637,-0.0011703233383536364
660.0,0.010444387635401196,-0.009510235444263293,-0.023138006078605562,-0.014629023790609888
672.0,-0.007866317320927995,0.006276468624358742,0.0033721667083445647,0.0314333283971887
684.0,-0.004809216624295253,-0.027035328098898536,0.03371935903860801,0.011045449924276567
696.0,-0.0020782524357281663,-0.034882483157442475,0.007553796960841846,0.0164322488723243
708.0,-0.0022225755028758617,-0.005198610306445446,0.0022275588105851378,0.021522679886377922
720.0,0.001543639277518578,-0.019760599025327633,-0.0027778199985981234,-0.00544775461548822
732.0,-0.020112145045358472,0.00935273777049874,-0.013473228013352526,0.011685653124698756
744.0,0.0036089870617893945,0.013994329793275556,-0.006082170338196861,0.0051680113992059774
756.0,0.008836128950608776,-0.007814045596870453,-0.016003788307342722,0.008918543319210893
768.0,0.013887910445095504,-0.012877406165616397,-0.021734870203853965,0.011767184100328851
780.0,-0.020273452677493357,-0.019874932884521135,0.012157276782053326,-0.034024764179425494
792.0,0.006346330799077973,-0.010942954442438674,0.00416317666049093,-0.008542434159862748
804.0,-0.00301572545044496,0.0003136411983245765,-0.01590873103750816,0.002210731057258722
816.0,0.013940886040677397,-0.004517365684454218,-0.022852801086447994,0.010078289804975755
828.0,-0.011250490742556374,0.0011550561970260073,-0.010185978879999386,-0.01604217665713727
840.0,-0.004985807738799791,-0.01672081351946142,-0.007197552928552882,0.011488537558431967
852.0,-0.000657051338568806,-0.021226940000335006,-0.0033270798489099707,0.007234750609290765
864.0,0.015642918818622297,0.017865020766845954,0.005259752701132201,0.013731221297065922
876.0,0.01696524908110084,0.006444564502676328,0.024958162168312977,0.0069389085898224874
888.0,-0.016788553923699316,-0.030982107717756526,0.030415778266580974,-0.010378900244977632
900.0,0.0020564788091994544,0.0005393878632029807,0.004095282181998079,-0.005040527498991889
912.0,0.015252560760108275,0.02404611732073536,-0.019917983270935226,0.0014419578469893894
924.0,0.009660486652946283,0.011433153808863023,-0.0001353159168456666,0.03140713435060233
936.0,-0.010697940168643581,0.02028959453715111,0.006195259707639819,-0.012032995949740471
948.0,-0.0033339016888994286,0.01700602898919195,-0.0014444760843936402,-0.014601921074103573
960.0,-0.021062073311875113,0.009705026460675023,0.005164592677033028,-0.001203948103486823
972.0,0.009989234464581375,-0.007271518146249359,0.00515163026094511,-0.03317277251347511
984.0,-0.0016127646571936517,-0.011406842356477763,0.00205580172835557,0.006485825747033092
996.0,-0.025510462675960098,0.0042122137405765266,-0.01818817151939885,-0.005745033521582441
1008.0,0.0023829361747039197,0.023784848210392305,0.02679205037221229,0.004670239082712801
1020.0,-0.0033193065474699376,-0.005964962456020381,-0.012171101890800343,-0.015689701392312322
1032.0,0.014876855798312676,0.026974668700126127,0.01578107465521974,-0.012584066617239478
1044.0,-0.008509060898740622,0.033290343165752745,0.008729276768425121,0.0021017471371238155
1056.0,-0.007030463643279197,0.012794191134759469,-0.004101771507404266,0.01620639653990448
1068.0,0.006994836197444961,-0.015981642298132866,0.0032868270205052546,-0.006607262433243645
1080.0,-0.02592298561062734,-0.012333774533631674,0.016044105470053874,0.008624969497478102
1092.0,0.014509633583917148,-0.014900877021672716,0.006670789057648637,-0.027306277607071053
1104.0,0.0019618368480085074,-0.008289621178428604,0.014264061179992186,-0.00976431524557875
1116.0,-0.030212156586991012,0.019397312228714155,0.0017499498447299151,0.002997154338647705
1128.0,-0.024666229875443632,0.0034727233755152105,-0.007215638243179212,-0.012685223222788264
1140.0,-0.013827827702267682,-0.007343174556642538,-0.0030312125350597007,0.009074978529086161
1152.0,0.009096989352975638,0.008672946543626981,0.003331784269345011,0.05033478082410884
1164.0,-0.013868657785363066,-0.010307566856782495,0.025055447233786842,0.003653296978033572
1176.0,0.007839502153507103,0.012425251744125398,-0.014430164433511526,-0.01462009988325808
1188.0,0.016673654579571873,0.030395865156211614,0.044827902656687985,0.010578873781533604
1200.0,0.016125476127583447,0.0147508773509211,-0.006896564028608183,0.012303160145393347
1212.0,0.012902999991073525,0.01713620885583405,0.006477024455130331,0.01562523371625209
1224.0,0.007916923895452184,-0.011820117273924442,0.01741236863321555,-0.014472137085383788
1236.0,-0.014955702799536135,0.01031827099537003,0.00223974274614941,0.010337444671090726
1248.0,-0.004624218310134671,0.014410676796339821,0.03358564060331712,-0.002832418884387547
1260.0,0.026028819961848828,-0.00340231523730287,0.014000810808317199,-0.020111953095981485
1272.0,0.0032044276494695473,-0.009694372553327698,0.013098688771679539,-0.006327900598560858
1284.0,0.028091582663692074,0.007635024237488778,0.01770181269118474,-0.0115218716792505
1296.0,0.0194495239638721,-0.007876080972146891,0.004826768517630548,0.005390293391083688
1308.0,-0.005847866323051139,0.0028367608344662975,-0.00674154299673756,-0.003961908355148722
1320.0,-0.0009911008660804614,0.009523618052374177,-0.0033365003720655863,0.005516903270864586
1332.0,0.004746454232996718,-0.015121683836921453,0.0034369856497642784,-0.011930461145353644
1344.0,-0.005773864187334247,0.027370858192923734,0.010849252333851091,0.020353994225412567
1356.0,0.009143880715027693,0.007981416505214183,0.007954971643475622,-0.0025529765804263474
1368.0,-0.0010492983920102057,0.002629105283571249,-0.009252057047664743,0.004599753124810201
1380.0,-0.007545059087446907,0.007283959101672298,-0.007353754741531389,0.005187119446693867
1392.0,-0.00145446163986506,0.005053616245392557,0.024952619477469358,0.005470467911448585
1404.0,0.0099867069970802,0.02303769447946897,0.0011984878541471987,-0.007062170121204529
1416.0,0.0007050434049034773,0.006937565103128325,0.02051835273789285,-0.0014339263661194471
1428.0,0.009070667741643328,-0.010703256874427223,-0.017692271192514965,-0.01613688286634891
1440.0,-0.0072909521752106314,-0.008431874316216198,-0.024341006345647027,-0.003379287487904461
1452.0,0.0036954001153543543,0.007113366082050339,0.004597905436271877,0.006273088612521563
1464.0,0.005728552578673074,0.007095102737233013,0.0076922143072087595,-0.019845629272404065
1476.0,0.003267761403769757,-0.0028070844663166394,0.0004159016330580995,0.004985877881953863
1488.0,-0.002688882249436288,0.0062992952268234245,0.01592421962535233,-0.00439223560492613
1500.0,-0.02098288250194967,0.02754297813794296,0.004526895415241849,-0.008304191534791772
1512.0,-0.0054959779607872605,0.01156323131257372,0.0029873847018329226,-0.0490917041924194
1524.0,0.002823070183767918,0.010169499406619301,0.008288179165137244,-0.008128161825498373
1536.0,-0.0017723585993975873,-0.0036462316079814935,-0.0006044020491168075,0.015694685826340444
1548.0,0.006099007072154873,-0.014743015970955155,0.008178755815359337,-0.022173297621985076
1560.0,-0.007617086563192201,0.028771872287863234,-0.01176154634252566,-0.0001428335571321092
1572.0,-0.01764398942138573,-0.005208685839618393,-0.016787483088247068,0.022504597187494223
1584.0,0.022487253266744785,0.008581178004934638,0.019604123143871437,-0.009001444788714077
1596.0,-0.025814338415561106,0.004594920610048749,0.01894871901196664,0.012941300152234162
1608.0,0.004233823067895183,-0.0028763392220676246,0.012682973011921563,-0.009262302600609583
1620.0,-0.013261430982623675,0.018935184106046183,-0.00548406450490301,-0.0011312486167188004
1632.0,0.009224958464239917,-0.014118104376381904,0.007958519693511017,0.008283136328135944
1644.0,0.01209399063565655,0.015430949388459403,-0.010898994082283118,-0.011215545820858723
1656.0,-0.01318524179861693,-0.0031096073721584407,-0.015219354511573696,-0.015686425516683145
1668.0,-0.003746896555809927,0.024727199608655014,0.006436896755422786,-0.025530613889829943
1680.0,0.002389699520637091,0.010210216598250341,0.013992226671892817,-0.023628452892358664
1692.0,-0.008589823415640133,0.0016929476478768823,-0.0025065579313587752,0.02041416227742083
1704.0,0.003494703374884223,-0.016996581460108396,-0.011614788641356458,-0.003252509835068255
1716.0,-0.006251935582500969,0.006930395854862528,0.01909512228086489,-0.007369106078392788
1728.0,0.0018275272779298734,-0.0038922490348703366,0.012301558793880214,-0.007406153343590795
1740.0,-0.0011587335502982867,0.006711503525734532,0.003483295628393413,-0.013853034871019288
1752.0,-0.027341551963017022,-0.01884092089927975,0.0035121672862360835,0.022216836508375932
1764.0,-0.007264906134248636,0.01161520718764734,0.012054213830749212,0.023125701031298858
1776.0,0.025459795941581733,-0.008271609573412617,0.0021235017202758393,0.029750358438878043
1788.0,-0.023058610315388237,-0.01093149051671305,0.03178701579393235,-0.007468536502896004
1800.0,-8.358236787192236e-5,0.002608831284775228,0.0024282650396928716,-0.00257228720431193
1812.0,-0.017979810714195226,-0.004053355535831953,-0.010564950576052213,0.008343355273829045
1824.0,0.020250556433683033,0.012134561811361171,-0.007268093618105325,0.009172831358572112
1836.0,-0.0032063203860922085,0.020142307584193258,-0.024079072639316763,0.0010947640101321896
1848.0,-0.011541091015158706,-0.025892514241981572,0.0207014954610195,0.007112377211172014
1860.0,0.0030959368086250745,0.00942191451833139,0.0013856243676767706,-0.011682096755546711
1872.0,-0.007481346721207645,0.010790737350109738,-0.011884210171000118,-0.010440126920855929
1884.0,-0.018323384615514554,-0.006286336711199304,0.016609315548142822,-0.0076493149816133765
1896.0,-0.014088591155681736,-0.005721528367542925,-0.005038538705513745,0.00943809948242975
1908.0,0.008601420607198014,-0.010850273112986508,0.005087611735260847,-0.0029535823139355518
1920.0,-0.0015137778073473042,-0.016406307669873405,0.009541461908095702,0.029580743267715304
1932.0,0.013824290832314423,0.020357083762746645,0.014431912524170124,-0.006465275662044376
1944.0,0.007283575904917923,0.0006327028165244419,-0.015134316987597585,-0.0054232588411018716
1956.0,-0.027963003696624987,-0.003972525348700569,0.013827467498697307,0.014725217162221159
1968.0,0.004210100878177832,0.02023111236754703,0.01855691371362699,0.009417038780309842
1980.0,0.0355635822677972,-0.005063165893788874,-0.009930806626540906,-0.022526969475793687
1992.0,0.024497729227968213,0.008033404851872006,-0.022566139182187025,0.01926363134884159
2004.0,0.010619782269635862,0.0014056416576107328,0.007612449664732197,0.01722340977461667
2016.0,0.008860655687221644,-0.006533830292514655,0.005178332278108183,0.010742770703792908
2028.0,0.008027868001837997,0.006104011795746462,-0.009946906102504139,0.006229815287164921
2040.0,0.0004922605864362446,0.011122117995086615,-0.007894336815982644,-0.015742242541989186
2052.0,-0.005424699853567954,-0.01375906134916446,0.0008291303186067517,-0.009042004574298447
2064.0,0.01923456895191696,-0.04232141627684623,-0.015862494119661574,0.024503726662484918
2076.0,-0.019350289108388645,-0.012423392871070447,0.013441010828921384,0.032845566699745206
2088.0,-0.006415030868097979,0.005848898761370918,0.028635071062851108,0.0015483888343869167
2100.0,0.01880781795476545,-0.007504306502355254,0.0033717085208522448,0.017409832378147146
2112.0,0.018592395194313476,-0.002385034104007401,0.009258417480282303,-0.0038709110500650405
2124.0,0.026535157996776203,0.0019525154296671792,-0.007935509238961039,-0.003470530359139398
2136.0,0.009760555868132074,-0.012106703605370344,0.0037430303757440067,0.008867995535792084
2148.0,0.01989566380738499,-0.01141552146443443,-0.014785691879258848,-0.0024812931643286903
2160.0,0.017100197934225552,-0.0030090163096704193,-0.01631341085535726,0.005257645335149297
2172.0,-0.010973990839302408,-0.00422963277110539,-0.02132120811638794,0.02192208625035718
2184.0,0.0029551909561552347,-0.013966375703442292,-0.014760717255413794,-0.00014476144986154518
2196.0,-0.0033088598801979995,-0.010278437828561245,-0.015952532891934296,0.0231515023735143
2208.0,-0.0131611721677652,-0.007326155804815861,0.006460803620424541,-0.014867657633898943
2220.0,0.00039055238565682506,0.023267523639739253,0.015531863767776223,0.04034696021237903
2232.0,0.020910534192547025,0.008469976505202884,-0.007095325174759794,-0.009721482842371855
2244.0,-0.02363077755099583,0.006025337180324832,-0.019869669914032176,0.02115498041659112
2256.0,-0.005460003670332782,0.006672240654939588,-0.007978681571562436,-0.015782523111510814
2268.0,-0.007873682921607155,0.0025886477427062263,0.007609534697129651,0.020787099360005497
2280.0,-0.003985555523652709,0.002229401914515626,0.007059179989656462,-0.019512869352357656
2292.0,-0.01958963222372994,0.026563357519538672,0.02601546876033124,0.0017012571058519742
2304.0,-0.010864029822991552,-0.024643130366233126,-0.009349644075995369,-0.01285737097616501
2316.0,-0.002415662593826324,0.00930103282591516,0.010195674925506212,0.0019113334374295547
2328.0,-0.0004339347900497113,0.012565091111718269,-0.033903483285213386,-0.009608282450953643
2340.0,0.0071699209005903625,-0.009293006775328218,0.024375329858160592,0.012829339698355768
2352.0,0.01110672440503369,-0.008606897404761763,0.0020753354059724065,0.010332209011412064
2364.0,-0.020517196219241376,0.010540069520258748,0.011302477961051487,-0.003221125572811368
2376.0,0.00036873298416591064,0.0053596946341016305,0.00043724852807846897,-0.015532645518046223
2388.0,0.008904170521350584,0.02510349469701957,0.008139188726737811,-0.01826969136149771
2400.0,-0.01424230381778671,-0.00531571175634471,0.006523558148214071,-0.027798660447122224
2412.0,-0.006287760204170773,0.016005410503166853,-0.008567345541417363,-0.006560187375473004
2424.0,-0.009745458671549141,0.028563938111948586,0.016822736305888725,-0.009511703459328356
2436.0,0.0008332268531887669,0.022199134194801375,0.012419724372023102,-0.024964730744533117
2448.0,0.001471343916149936,0.021562212445994756,-0.01626414483659451,0.014895311545004626
2460.0,-0.0009206973769035474,-0.004029891573266904,-0.0010572389296833482,0.0006629733372198956
2472.0,0.01091875757464451,-0.012603285664545966,0.00018700636210740513,-0.012515984760819715
2484.0,0.00027601980436402104,-0.0016737915361200303,0.0008886777914611997,-0.0002841220119104276
2496.0,0.0037552873624464456,0.011575044928680962,-0.005690576763910409,0.010611306656312902
2508.0,-0.0009383270054741346,0.025510965272480247,-0.026459884255606886,0.024470346792464983
2520.0,0.001527494906601485,-0.013661087273747473,0.0174850853251757,0.00014455838928923643
2532.0,0.008086923343354306,-0.005756634321574961,-0.013740678092209904,-0.005981362463470951
2544.0,-0.006610359772082516,-0.022703138859152046,-0.023100799261359013,0.01307080837348649
2556.0,0.003968551073016791,-0.043760110012544665,0.034581786776619196,-0.0033639984414047474
2568.0,0.040282610429809164,-0.02053556201857758,0.008668627397104129,-0.015866113312257447
2580.0,0.018534561214231,0.002211635906744899,0.005952570553565481,0.006670265035980746
2592.0,0.011132714836109893,0.007738895671547895,-0.010443813809222175,-0.019265657727071624
2604.0,0.007103159804318698,0.013700770531718389,0.005209382863380776,0.0230682811139328
2616.0,-0.005803771588943482,3.3450320773999065e-5,-0.010842790451471206,0.0018897764688649847
2628.0,0.0014258029795144599,-0.001370494034195346,-0.018324012911301212,0.0025001791050539924
2640.0,-0.002089320356151405,-0.005009683463249413,5.99835047871506e-5,-0.02870588321842613
2652.0,0.015059401286475427,-0.0006183600392670629,0.008507385343593667,0.011124475156202986
2664.0,-0.004754299123692441,-0.0010713598111799123,-0.001537724644684841,0.02800937342359852
2676.0,0.019463050678636046,-0.005534000918606767,0.02059165211346749,-0.010652607867589233
2688.0,-0.006444942856315835,0.038788985550042024,0.004886849666379377,-0.01692122981836653
2700.0,0.006689826250401155,-0.0023237792408386075,-0.01143614234511851,-0.006582707950568718
2712.0,-0.0048674449798350155,-0.008076142519369693,0.026756012461136115,-0.01356413711301006
2724.0,0.005419240792069523,-0.017597144003712515,-0.024314003440865314,0.005599126524550614
2736.0,-0.008551779065038954,-2.865328292313699e-5,-0.006853883099286785,-0.019332981617414837
2748.0,0.02178976290873666,-0.019443942024963638,0.002250777360113399,0.012207396030307138
2760.0,0.021233884670837765,0.0012284329171246913,-0.023814322550557647,0.01372664724723016
2772.0,-0.002641352539208919,0.003386954781001216,0.011393094390819558,-0.01683968605542937
2784.0,0.0022999156286117386,0.018528170451996707,0.03448685757126677,-0.0048264197076193956
2796.0,0.002623272515506012,0.002280627876910415,-0.0013212793060584035,-0.03026624448131391
2808.0,-0.00229689854994564,-0.005010092547583847,0.029748498519315197,0.02533240945233633
2820.0,0.023083441260646157,-0.024653059839356964,-0.002479914792964484,0.02273437970062366
2832.0,0.028779126352112237,-0.01896379225961272,0.0003631573187319442,-0.017091370486953923
2844.0,-0.016324415565147004,-0.008320079370519727,-0.002621641085094222,-0.0027546081221632053
2856.0,0.015243412485378754,-0.010176089217584144,0.02764815429562281,0.021728931219466202
2868.0,0.0065794333835981446,-0.025956222306821663,0.005144450035747838,0.01803441388523193
2880.0,-0.015714583013292906,-0.004645020847335129,-0.008471217917834239,0.0039050999814347898
2892.0,-0.01567416439075689,-0.002345601049063037,0.001043922325604866,0.00018996396613693968
2904.0,-0.005411270301102811,0.008835033428990346,-0.023151424170864743,-0.018596805860744005
2916.0,0.008355332403811349,-0.009649754785691673,-0.006641331717757441,-0.0037356686078945803
2928.0,0.00889606846876321,-0.0009546238796874144,0.016020265724139872,0.01525212670247525
2940.0,-0.01950743016785043,-0.003673013619225457,0.015644741857916367,-0.005080725449270411
2952.0,-0.004695192980140805,0.0021576503273579638,0.02882576236978392,0.0016053349189877161
2964.0,0.00044929235611159795,-0.009057412389549022,0.0009476547002177853,0.009051597121581918
2976.0,0.004495352651017627,0.010609811445051113,-0.026185571390110175,0.011316014200714718
2988.0,-0.01937036758186838,-0.00499982868094213,0.0015995679525239522,-0.001483018916836951
3000.0,-0.032910175462004344,-0.0013911054257981818,0.023421333444258573,-8.693086724479977e-5
3012.0,0.0021060751219538383,-0.011437598133348627,0.0002573485224978856,-0.006592109454294452
3024.0,-0.007336297754171441,0.011199239318053847,0.014068932424100875,0.016136590922675224
3036.0,-0.014735825123227355,0.008857153672642035,0.003518081450819927,0.005260259814736763
3048.0,0.004678558760861219,-0.0021536954001878314,-0.019904396616152398,-0.006573082460200908
3060.0,-0.013284069458310864,-0.002242090405116047,0.006949562759550008,-0.0006709004352477079
3072.0,0.009538668966616225,-0.0013342270287102895,-0.002701062650136558,0.02892815302400206
3084.0,-0.0065904734274658695,-0.016911067739681564,0.010577297068374033,-0.0008510647984338937
3096.0,-0.008493248673151214,0.010098390041091128,-0.0003207112172389517,0.011082739222564725
3108.0,-0.004442523219980015,-0.026039104386362952,0.004390146434645629,-0.0016712668907324791
3120.0,-0.0022937682164643675,-0.02620193060402965,-0.00993913617386798,0.0019518345555620724
3132.0,0.014327789532279978,-0.0377140806860991,-0.012946468320986207,0.0014767406173586365
3144.0,0.011880781263931365,0.03483060239272166,0.04060184484900016,5.320526511950814e-5
3156.0,-0.015306096935868084,0.008699180355515283,0.021906200642941902,0.0050911499983518895
3168.0,-0.009147402292531245,-0.023338082540281285,-0.021830662011300905,0.013789683250351016
3180.0,-0.010874465487198968,0.01370699033353731,-0.019481693767495405,-0.0033662059676877764
3192.0,-0.008438287158800335,0.0019479794829375318,0.02221247098370088,-0.015346752650592722
3204.0,0.018015495693873583,0.015977625843096803,0.010406902223688766,0.007868960911182356
3216.0,-0.004303858071395654,-0.0014991416115411231,0.01700086652337128,0.004097606873447395
3228.0,0.002244409087348923,0.006810968327256596,-0.022014546557975585,-0.023666908569553335
3240.0,-0.02034432583468368,-0.0009772507047917775,0.009912566453649428,0.0007439061040268463
3252.0,-0.00810639174182995,-0.0018104226032580484,-0.01067363491008827,-0.006158324406233163
3264.0,0.0010601153996178097,-0.015651889890168205,0.007525071717959502,-0.0070780818045854755
3276.0,-0.012792676697003943,-0.007696171041758221,-0.013092640891114744,-0.025355578040134386
3288.0,0.01932741502443398,-0.005802462684920512,0.02289536642692261,0.018318130155286022
3300.0,0.004876186437604942,0.016951457324583197,0.0033017261218354402,0.03259562947090163
3312.0,-0.010006638508559387,-0.003554578384037828,-0.020891946993722293,-0.0019148519637381249
3324.0,0.007642406152096896,-0.007025916349470161,0.001974619949098317,-0.0013721944356240266
3336.0,0.03533493955819446,-0.010845639543654162,0.004112741129245743,0.00832496149137956
3348.0,-0.02009216324931642,0.013998923150474636,0.006524116976635597,-0.005788360408398665
3360.0,-0.01357403800145239,0.03571086616030882,-0.011345582982903845,0.04259196619100055
3372.0,0.0017525502186994443,0.010231216818301853,-0.0067880612318620475,0.022858031365847395
3384.0,0.016452395150856378,-0.0060499083500458245,-0.004102361898682936,-0.004234221178820342
3396.0,-0.008366331353751158,-0.009358331165075692,-0.0001285401103484809,0.006564489885933444
3408.0,-0.012563886879840244,0.012825239976479823,0.014018488517114965,-0.014055643899636927
3420.0,-0.008495949792215112,-0.005586078956860672,-0.013170786541318034,0.012928309252595374
3432.0,-0.011364477425819721,0.00360156646458493,0.0029906083214356416,0.02009566482834815
3444.0,-0.02806024764432063,-0.017720763601658064,0.019466245908320547,-0.004926119437095738
3456.0,0.03092276667081383,0.022567491177465374,0.02375899949544804,-0.004862723537324977
3468.0,-0.00481629185944959,-0.025158310810999108,-0.011466148170501289,-0.018425867622210844
3480.0,0.014860790381689555,-0.006889509695916411,0.010721006733337866,0.017758319788899548
3492.0,0.010765511976734523,0.004512841940303447,-0.011333592364797312,0.0012404571944882445
3504.0,0.0007691191219800665,-0.016433098257980547,0.0020796487677349463,-0.0004819138088139679
3516.0,-0.010858106131675512,0.008533755621932811,-0.0031708499019311204,0.0007076631560000024
3528.0,-0.0004933503737236356,-0.024232440560370695,0.005369979869612762,-0.019368636308189673
3540.0,0.007845700852888925,-0.00907811114135443,-0.019125153086981636,-0.0033959216179856996
3552.0,0.005293547497692504,-0.014869195727300446,-0.004948047742777865,-0.012116602273332654
3564.0,-0.0074266598475305045,-0.01060462421000652,0.010587734031893522,-0.0051118121434560295
3576.0,-0.019156690677064634,-0.001746659096042071,-0.003409174776022448,0.000501655900349841
3588.0,0.01624225191484923,0.002100368721794238,0.017791237991973945,-0.0036521562376490646
3600.0,0.019845113785048753,0.014115463292722145,0.01746620296112632,0.032908274541464874
3612.0,0.02743807998567441,-0.0046887034430355525,-0.03157659694137517,0.01810630654062213
3624.0,-0.00045507641337114483,0.025190383764459742,0.024715371329146914,0.02463162225470481
3636.0,0.02595111359485415,0.008705516930869902,-0.012906030107820037,-0.01198805025718867
3648.0,0.006664263002541731,-0.009952218498223708,-0.01488937622568491,0.022122373672150312
3660.0,-0.009920017003335039,0.0175821039357735,0.006241669198188665,0.030930616012566317
3672.0,0.0007573315132554503,0.014352730179672413,0.006617511198239834,-0.040820772896043286
3684.0,0.009287232184970132,-0.019401080725810788,-0.0038210482907971746,-0.002746183603801676
3696.0,0.008573258015508605,0.00018411722098976552,0.005310019972622728,0.015372391367782502
3708.0,0.001319308334543546,0.020756874857186972,0.005459900052416768,-0.012773903652762543
3720.0,-0.029933533044763334,0.0098751730925007,0.021741823924176982,-0.02156564256877147
3732.0,0.026094599407833728,0.00260132983690633,0.007517467671551729,0.037097978464852306
3744.0,0.0022767856072342142,-0.007981362236816439,0.03043880664960438,0.012448497758306021
3756.0,-0.006377078250189677,-0.0033847765871738585,0.0023993946254687237,-0.007429937448592429
3768.0,0.01060908360619275,0.0047126031006408855,9.434943225950193e-5,-0.019496801079049882
3780.0,-0.00422239773446032,-0.0004927481097485478,-0.004208274511667346,-0.02891986208810452
3792.0,0.012760583514162538,0.01876346344529349,-0.008425775667506743,-0.008627720648435238
3804.0,-0.0031961357478847087,-0.020167781442481186,0.015835123513515854,-0.003833072776031797
3816.0,-0.028305081374984168,0.0038416284755591543,-0.023660013862398726,0.015387351455742205
3828.0,0.004840328781740365,-0.011691188816765735,0.024120309708712272,-0.0025416645139714343
3840.0,-0.002648835148662184,0.010029805135194454,-0.014096450328082225,-0.027482391140940813
3852.0,0.011502319959608045,0.018661751273720665,-0.04440762729115113,0.009595566277679287
3864.0,-0.0018482114071908442,-0.0011870332733614148,0.0021688051709411386,-0.000558451842156554
3876.0,0.02216088395471848,-0.00450146427299535,-0.02119907585931077,-0.020325848361471575
3888.0,-0.022099681321450872,-0.010945114875744205,-0.005099077609694006,-0.03303594560514136
3900.0,-0.011272961919312936,-0.015807280560688877,-0.003084781888406905,-0.005515561593855463
3912.0,-0.01804559208203013,0.007839031236836918,0.0029609475181123592,-0.017336202732497044
3924.0,-0.023307911743289306,-0.03804032915107233,0.011887340220692587,0.00043615729575188707
3936.0,0.011279109751388896,-0.010578236044095257,0.020256432087959374,-0.020541365152812196
3948.0,-0.00252981252172335,0.010848445503605947,0.018008054091255013,-0.02636982909845758
3960.0,-0.018521271396810236,0.004930352792714803,-0.024336385710200973,0.021302695235523642
3972.0,0.003633342774513883,0.013357041022435285,0.020415485146767665,0.0025651338439465652
3984.0,0.011018837207809797,-0.037695582345318876,0.006171463438335407,-0.0023541287618686364
3996.0,-0.027218288896194633,-0.0035984939219591895,0.03618628677376356,0.017041498868976542
4008.0,0.014993592803846448,0.006374620346986787,-0.012710204697733244,-0.01769943923553974
4020.0,0.034996621381124554,-0.015806429546354032,-0.017624210469801303,0.028545986663405656
4032.0,0.00848574765692276,0.0001391182910098154,-0.0010723877573505468,0.015231206577787846
4044.0,0.01589134795247908,0.020181485905255238,0.004181298419970801,0.003663069129411426
4056.0,-0.010936402498180724,-0.00367629689165686,-0.009923865921547564,0.0027947884219106035
4068.0,0.01653465780700825,-0.024676794836323877,0.0028786866783240407,-0.017168032556041952
4080.0,0.019304301369651507,-0.003665599314389859,0.010556801178313166,0.019424601126687122
4092.0,0.006748736734466389,-0.014571730616046366,0.014797141332193967,-0.024021078058948542
4104.0,0.003839733283197218,0.011902189596535608,-0.006775136303918326,0.030567258953012207
4116.0,-0.01941773290514062,0.0034311759485403373,0.03240638714442962,-0.026308771921250914
4128.0,0.018917407860554233,0.0035892156990184887,0.0038415607937009977,0.0037757540976223972
4140.0,-0.004514100964444421,-0.0006800622994606282,0.014383608584704692,0.027801926795146533
4152.0,0.03155816930470265,-0.002962286034444569,-0.011299308851952312,-0.0002147737677686903
4164.0,0.029607410096265795,-0.0009447135518119354,0.017257243722537615,-0.013186664501884366
4176.0,-0.015485938975331194,-0.02603063661875345,0.00246242554214396,-0.006888420463837527
4188.0,0.0005047277990980368,-0.022075768202785766,-0.004512287232117525,0.03347850546083513
4200.0,0.017715615727775733,0.023243699854248477,-0.03149030095698366,0.000788535101779814
4212.0,0.013707092177718469,-0.007862323707317636,0.02133433935522032,-0.003439663564935663
4224.0,0.020266137991114458,0.012175994528059939,-0.005225725913309345,0.0037479032286957706
4236.0,0.008113695145388605,0.01600711738535627,-0.010403904988299567,-0.016396380941003118
4248.0,0.006618877867921538,0.003349772941736712,-0.003266245169513665,-0.017858408254326993
4260.0,0.010563903124608393,-0.010719475786687744,0.0061895352333533275,0.007545409228046955
4272.0,-0.0037928021459919647,-0.017113771076259852,0.000357017766055964,-0.02395992770845928
4284.0,0.0038080831361361842,-0.017977114611990436,0.0024666757405896814,-0.0034550571184119618
4296.0,0.007484507629767158,0.008139335170206619,0.0037791644062621,0.007163013085856352
4308.0,0.039273899578549286,-0.015551246966754046,-0.015420283638410597,0.0036927767480365854
4320.0,0.01837016310590279,0.0006796991682572597,-0.004828276209998574,0.009787513490309176
4332.0,0.021517165940036304,-0.020888395976851715,0.0021911761482887675,0.001101055316257162
4344.0,0.012341513412055092,-0.017073668564955534,0.007010623001668625,0.0002665107350604659
4356.0,-0.00626310960694091,-0.023591243940717852,-0.0004941740725769505,0.022832938180993436
4368.0,0.03785096362257305,-0.008769586226742463,-0.011855882027681914,-0.019805409551699123
4380.0,0.0006560965711967116,0.0046362858286605885,-0.01055856131032277,-0.0005771182485153729
4392.0,0.01554921208239167,-0.014132971743794378,-0.0024958615541616773,-0.021001343853164316
4404.0,0.014078986511265218,0.003793610436225291,0.02814144942994421,0.0008099475732498621
4416.0,0.018036213153189252,0.0007886319836567744,-0.008161889749878753,-0.00907704841666605
4428.0,0.007771125026239622,0.00961757077688583,0.01939931306442989,-0.014570477577666623
4440.0,0.016469526782425362,-0.012928531816478099,-0.0013597097480634783,-0.014846687283487712
4452.0,-0.00036972349070800263,-0.014541279327186098,-0.01945223449006691,-0.0021588027707410474
4464.0,0.012648058884038482,0.01957460190689102,0.01163111415095979,0.013469873774590028
4476.0,-0.0036818146150806464,0.006262230729858395,0.008542382522375382,0.00965448605506407
4488.0,0.025164757241198564,0.019373048087781616,0.016661883610113375,0.008572388134268862
4500.0,0.020713463011643694,-0.004023969653657729,0.01773727810321995,0.00990752863427562
4512.0,-0.013259330967788217,0.0017170656016711548,0.0032667828378312486,0.006670986920854887
4524.0,0.005430438828251284,0.039594979638195235,-0.01921058263985825,0.016573640735087183
4536.0,0.011053699539889566,-0.008560479800291744,0.007387197755601343,-0.009752686679466058
4548.0,0.006562202786799955,0.001324586485538892,-0.0017979696835683223,0.03621936560065261
4560.0,0.010673738682578478,0.009114737507071778,-0.01611444538688648,0.014686993601243013
4572.0,0.017065039788986637,0.010484583073370992,0.011554155250167866,-0.02849385606378513
4584.0,0.004700354229598316,0.02185807263539636,-0.012170523105070531,0.008046488958258215
4596.0,0.019539641307068513,0.0076193923290576475,0.007225726381807431,-0.008742628940697392
4608.0,-0.004433675024223828,-0.00021276430151211773,-0.013287329255554117,-0.014285705233263358
4620.0,0.00728278217080031,0.015106150705365504,-0.007714371731828771,0.0001857535579697623
4632.0,-0.0015650060197766047,0.014943766429354252,-0.02490807027231133,0.013772558745888855
4644.0,0.00728810093135134,0.0026661888907321338,-0.006314847633802601,0.006231678735643849
4656.0,-0.025702407126653885,-0.008897825587328413,-0.005977749726382576,0.013094885713161308
4668.0,0.013721749573133418,0.00011674817572015811,0.0024500338821525063,0.013545458314094002
4680.0,0.012601750002457614,0.00832124782849759,0.011423337478403966,0.013622356253520346
4692.0,0.003290628283656184,0.015209351101026886,0.01982808118703568,0.007467026245040091
4704.0,0.014927659645238628,-0.004993797167886555,-0.010660411150859476,-0.012642934939594034
4716.0,0.045422515557765386,0.0030057258961835457,-0.0060546195736206265,-0.017288165976827613
4728.0,0.03415573609501134,-0.008119788239503397,-0.00376511835390423,0.004109444847391457
4740.0,0.030533567102966643,0.003218045341720783,0.002369673766087329,-0.010392620685849506
4752.0,0.03755687236407702,0.0006981788258398349,-0.023512487968774257,0.012779306864095038
4764.0,0.029658463975799486,0.012199287803535536,0.00784659578590667,0.017498069591559792
4776.0,0.04002711264758088,0.0015518145868914164,0.008359097051578087,-0.0019517147220407848
4788.0,0.031082970935609074,0.016931445329909565,-0.01673341288092364,0.037386470823704894
4800.0,0.025070719391409733,-0.020308499837537144,0.012155552044134127,0.019585532087225507
4812.0,0.006032356398172994,0.006675162329074219,-0.025352028709630655,0.04348288722444334
4824.0,-0.011601830563727895,0.00906696879745062,-0.022028908475957863,0.035409886797050094
4836.0,0.037046408707801,0.005756157589128822,0.012833603595217595,-0.014494321603262006
4848.0,0.020122335536611583,-0.009616167409312553,0.01837928787852954,0.00929278181515305
4860.0,0.006980764866155974,-0.001810252920129868,-0.01590135822104652,0.0070009353923100575
4872.0,0.036174080085095366,-0.015677051590232475,0.001091922749315239,0.010538896461286185
4884.0,0.028285677992823458,0.007514757935946017,-0.0010857353463137541,0.01975048953230759
4896.0,0.03515765452133844,0.011476978167269503,0.02460334254491679,0.015938281705336226
4908.0,0.02265022576772465,0.011967976931259148,0.01789686692408259,0.027907227195634734
4920.0,0.009810470643070168,0.009173877338645504,-0.007893023261345864,0.0056831189936533445
4932.0,0.016560647844294913,0.006457751748796689,0.013240515287394615,-0.005911506333209209
4944.0,0.03958124685122425,-0.009314170004102064,-0.009563493686075543,-0.0029473697253673136
4956.0,0.012431638732545028,0.011997389967978311,0.025041565522587773,0.0007220797576207305
4968.0,0.025192005634262646,0.02370053613250914,0.03778951493722109,0.007403161837466111
4980.0,0.019554619463886428,-0.028949123594309425,0.0051574082776405196,0.004448940365036365
4992.0,0.008963361192827896,0.0286919789039544,-0.004145818652626564,0.007673370585235449
5004.0,0.008475515177146755,-0.005111132900512255,-0.0029293952884138,0.02010526941722173
5016.0,0.042285899928164075,-0.019410398080448768,-0.01239468943468405,-0.005177137256352291
5028.0,0.03225436716010428,0.02224203526101377,0.01042914751004427,-0.006857950857946272
5040.0,0.003312284176680249,0.00299475721171252,0.006091401984230197,-0.011737103654177863
5052.0,0.0333882242668173,-0.028319149347697112,0.017023085098086456,0.009443236356297268
5064.0,0.05285308094073048,-0.00556836977058529,0.01564744151313733,-0.0016056502852979664
5076.0,0.05226324184294706,-0.0023007188590937248,-0.0043234185246759285,0.0005590535662480962
5088.0,0.045525118296872585,0.011794552493710926,-0.026566926130751258,0.0264257118645799
5100.0,0.028014840961266527,-0.00416366973991344,0.004780140216997593,0.013875998700235368
5112.0,0.018108143982469148,0.012985829976885964,0.012408059200408696,0.002978520936374758
5124.0,0.022218008758867765,-0.011077951522642869,-0.003644550557633185,-0.011500325963405682
5136.0,0.020086651499124364,-0.006811770628801426,-0.004964065905672728,0.03330265612873127
5148.0,0.04509135587635858,0.011223987244194008,-0.0050015197766423965,0.00814540959611106
5160.0,0.03352628371668775,0.012507340824188314,0.019248127287446133,0.00012570343945819156
5172.0,0.014679145128843041,0.0005673581806315978,0.009894640861837946,0.004563305310386504
5184.0,0.040372527451285764,-0.009754485070527563,-0.01760053224957311,0.023325334436407608
5196.0,0.01286332576333835,0.012921729859082907,0.0028709493052784247,-0.02378684835679876
5208.0,0.056784705945296735,-0.009144843013179792,0.006861590659244174,-0.023959217243971122
5220.0,0.03167000710268764,0.0015508081650150124,0.011437175178771483,-0.024178714877658932
5232.0,0.04795303044569577,-0.0062422991062839606,0.013016861935450857,-0.02861540688569386
5244.0,0.010239332762681571,-0.008945173920025076,0.006502969187191415,0.02469779401851699
5256.0,0.04905110081966797,0.019610570518351855,0.015668024950570573,-0.012040307843331275
5268.0,0.07523278184205051,0.013367459879120056,-0.008758283250039653,-0.011117107253977356
5280.0,0.030398676556928433,0.029478633262117374,-0.014479084672003472,-0.03821316206044058
5292.0,0.05689130250745777,-0.005835946009596556,0.002912794253082062,0.03432086613851637
5304.0,0.05667346066367695,-0.016687686462081346,-0.0075057347528365344,-0.0036083983346413906
5316.0,0.04045636248436615,0.03426588605427703,-0.01153852723464735,-0.0004514121860136283
5328.0,0.03016124821541043,-0.011867779433785329,0.003220284458869185,-0.00015887591224064722
5340.0,0.05055283340218539,0.008779536739881244,0.00948944055924288,0.033470018139927955
5352.0,0.044192942189388275,0.015673212835369668,0.02268839730658451,0.005822252992637567
5364.0,0.04583805209242799,-0.013982318604597779,-0.005070217513544193,-0.028569560165779655
5376.0,0.05007847109507776,-0.002445863380261591,-0.0056330527093138225,-0.003197835899351215
5388.0,0.034685520710912875,-0.0001261994647453633,0.023331058171272068,-0.008584470623531825
5400.0,0.04942852615666126,0.008106074183069219,0.008085140033548738,0.024365023102081933
5412.0,0.0648527667246184,0.004707837286936328,-0.0031593900429714794,-0.015405795889322504
5424.0,0.05435586274193688,0.000811548223553879,-0.005015058413686575,0.0031851267589611725
5436.0,0.03457255519377191,0.01567497251451115,0.026726995521222645,0.011508668307186836
5448.0,0.04730238949904061,0.015180001186048921,-0.023305066707448502,-0.0114191215882853
5460.0,0.04469897876477342,0.00037379475203289537,0.008234430839624747,0.026189890223892634
5472.0,0.07618018090471769,-0.01924837086085979,-0.007414196705399875,0.004485764432105838
5484.0,0.05429973747642643,-0.01243913582159955,0.0011883717601013093,-0.0010770797993391427
5496.0,0.033588861210530355,-0.0011409722122127063,0.01303909088933975,-0.017312291965205045
5508.0,0.08087477798477903,-0.007674196233506978,0.0019026669832783545,-0.010682055503743236
5520.0,0.04176697098641243,0.0009686280656317605,-0.0015441033036522772,0.02881792203898529
5532.0,0.07900224264562795,0.022479412402592634,0.00014108812461586967,0.0007659459427705215
5544.0,0.05721376136956801,-0.007338280998854572,-0.0008687969560639267,0.0065333122819731726
5556.0,0.044481186817955154,0.040892598988480404,-0.00560293209160199,-0.013813234412710002
5568.0,0.06584620905223434,-0.0014069582209950433,0.003760016730771554,-0.010952862365661068
5580.0,0.04693180090630472,0.019993168438271154,0.013435700730877027,-0.0011199643096252393
5592.0,0.07783152861490622,-0.003739085015129859,0.006412530091954022,0.0034099951498054062
5604.0,0.052836497385815265,0.007320167854935175,-0.03452263377442203,-0.012919022378753699
5616.0,0.03223873155334273,-0.014117406894539277,0.016991145421910266,0.003771345453857278
5628.0,0.059149564603818545,0.013260738162719674,-0.0006374827238906755,0.005195224431492077
5640.0,0.04905295368940052,-0.01987113624786622,-0.016040226256570315,-0.02575231836718349
5652.0,0.07794752440635752,0.0012266938550438708,0.012871582777630241,0.007674947240796894
5664.0,0.04497644637156736,0.004716928625222502,0.003651563376637381,0.028766701073533223
5676.0,0.06390430551688212,0.026397534261855073,-0.004161890983058713,-0.009129164533936241
5688.0,0.05766057375422704,-0.0023002843671436624,-0.0032223294414096292,0.006659952108587097
5700.0,0.07628453962954278,0.01988955455140213,0.0064321360015931126,-0.008057024774566287
5712.0,0.07027252737524729,-0.0009775917524881012,0.0036570653679501896,-0.014864680468719157
5724.0,0.08979809638616247,0.012525503810642939,-0.01282541084614703,0.0069734017835168804
5736.0,0.09481115126151535,0.01347794520726052,-0.0010456059448413135,-0.002773202732807392
5748.0,0.08420644211910197,0.02813343821053131,0.00027267213752811775,0.009544229586328785
5760.0,0.0839472682244167,0.006772611865566856,-0.019000411498247723,0.004513932556321359
5772.0,0.07148546450556713,0.002538317488933928,0.000878334180650895,0.00397811521285143
5784.0,0.08765616298332413,0.03051284938883008,-0.009843854422966081,0.00787558064287534
5796.0,0.06294457856293001,0.011184070850511478,-0.02908907779163026,0.03245277142583599
5808.0,0.07450364856457502,0.01401272750670407,0.01173989002624784,-0.02694077817551954
5820.0,0.059307655661779056,0.01639886606935799,-0.0030417714170043355,0.0022929541538840846
5832.0,0.06754164150943476,0.035860520285360874,-0.015760723912520883,0.03216921083122152
5844.0,0.06740730489819916,0.04281987993424342,0.0014532927887535832,-0.017718432374212074
5856.0,0.04892141426483749,0.005974946608454748,0.026679152232604145,0.02577368795214114
5868.0,0.08016669161457293,0.010380371975580473,0.011647167811944178,0.013462874395640796
5880.0,0.0884662935444105,-0.00268448687973577,0.015417584523477617,-0.010111372158393313
5892.0,0.07714970628734688,0.006501517591328557,-0.0008744447477263171,0.000993161722017585
5904.0,0.07546071464636336,-0.017690775359361692,0.037777147682270765,-0.01168656361217764
5916.0,0.07598639728796742,0.013900800942574182,-0.010009369120509964,-0.008979443724061119
5928.0,0.08047867888797663,0.026599043141447294,0.004837378148170153,0.031136971351726585
5940.0,0.09225969375703787,0.02083287353084855,-0.015534484600036636,0.019886949824829737
5952.0,0.07318308258825483,0.010383296468166592,0.008783598723596188,0.0011944846038463607
5964.0,0.08363960722751493,0.004995791733116551,0.006219235917833738,0.024206089310532114
5976.0,0.09249107975946295,-0.011259183871864384,-0.009475665847369747,0.014134973421125711
5988.0,0.09323367850356293,0.020371833808578863,0.006177456166765223,-0.03379468065240274
6000.0,0.0809006896579877,-0.005210801900082662,0.005659803302692737,-0.013726298860430258
6012.0,0.08610879954197821,0.0071921396159567285,0.011374197434850079,-0.0019357062889191665
6024.0,0.08186550197540299,0.01638141001103921,-0.006984241134332911,-0.007465994378514222
6036.0,0.11793866462956361,-0.00910286679254067,0.001392944988766017,-0.0026388337089568595
6048.0,0.10278782285690301,0.011956552117285003,0.012186226605570324,0.02427183751382672
6060.0,0.11438054236268522,-0.00143908031976836,0.017903118958266236,-0.0008782586822869132
6072.0,0.10741162500045914,0.0016363108605870966,-0.0017794372792473297,0.006391607196526077
6084.0,0.11750232916474765,0.0037608810936241993,0.01640266111269467,0.026252383316950706
6096.0,0.12268979118706866,0.020380657678186365,0.012837988076245687,0.021673618533571734
6108.0,0.08946218960309896,0.02181683605141989,0.0007147881513303528,-0.01341542818672323
6120.0,0.11182012540934827,0.03517805853414246,0.0077944393328406945,-0.002884245628065123
6132.0,0.11026101178760934,0.04118938521797884,0.011055041631910024,-0.0020416623486287045
6144.0,0.10819391079300371,0.04326648832041934,-0.013166372636943506,0.00775478116224443
6156.0,0.0947930506148059,0.01572576159799595,-0.026838343113367233,-0.01215248443463408
6168.0,0.1238148929162221,0.0031080696229065716,-0.00030571958040603755,-0.005102626764125624
6180.0,0.11035041786975511,0.009226843371842272,0.021123997347971105,0.01103848421913793
6192.0,0.1237494508626665,0.01799815215607111,-0.011250602902001555,-0.009669492845085951
6204.0,0.13796908491360185,0.019073691373424698,-0.01915495673778349,-0.01995909158958264
6216.0,0.1345400819845687,0.018513665791557457,-0.003102324494709278,0.020278927764708524
6228.0,0.12398012279478163,0.03166446022088505,-0.007779917752493981,-0.01584220970299487
6240.0,0.10605541420722409,0.03948972883547702,-0.012041342237341535,0.033441737114583266
6252.0,0.12243156980939435,-0.000159391174140891,-0.0343011811513819,0.025013774375747273
6264.0,0.13203512463388267,0.03312253999936556,-0.03389205296828255,0.0001060857512801344
6276.0,0.1197512495002917,0.06779059497908185,0.028306776263337323,0.007962351024836547
6288.0,0.1108510648392672,0.03281448395780332,-0.006041254748070663,0.0011850129841037684
6300.0,0.14815043286709606,0.0008065030078040526,-0.002957597525902177,0.0028709154355134746
6312.0,0.11273380325458966,0.024900028903506937,0.010492977464995938,0.008736667719868195
6324.0,0.12142844757409799,0.012198371870756836,-0.0028830387050367613,-0.01715496298121778
6336.0,0.12766903444333558,0.029740789877441352,0.00459356706457424,-0.010487457575524467
6348.0,0.10919590368182246,0.025945207927295932,-0.0012298812847548065,-0.0038788608960472143
6360.0,0.12897906633245354,0.03566049079040174,-0.0027276428538324975,0.008431955034824357
6372.0,0.12328781962952551,0.020454272447893326,0.019948593902182652,-0.03422964935556357
6384.0,0.11797978742460502,0.03800958357796831,-0.013017557666104464,0.01532212949249048
6396.0,0.13265851407349813,0.019605283075929993,0.003146496718744481,-0.0006226550767467307
6408.0,0.1296369200052887,0.03681832986894992,-0.001199527422412889,-0.027062195484364712
6420.0,0.16797760481050011,0.03057009303298753,0.02833392686312392,0.0020353261420638594
6432.0,0.16871440015673048,0.031915034349866235,-0.00975800338953843,0.025946269941490248
6444.0,0.1456745397011017,0.046719864976830706,-0.01722209500027026,0.006531029820857773
6456.0,0.13037427337853694,0.015657202963695594,-0.02173209433418402,-0.0011766512244106389
6468.0,0.16191953427323758,0.027025243679839245,0.015218233754843526,-0.00034488215571986097
6480.0,0.1537514731217659,0.0003845741423965307,0.0001100901366887678,0.00560599994743937
6492.0,0.15159217188263271,0.037469892656066886,-0.004656564029500841,0.018478484410356998
6504.0,0.153996317291788,0.006477170192436734,-0.026701725242365984,0.0061259414949114965
6516.0,0.16019492741721397,0.03887109260039508,-0.007900153013477693,0.022489474925325128
6528.0,0.14799183667975985,0.027952854917544345,-0.021606816851890313,0.002223810923543667
6540.0,0.16332900557768368,0.06120193000233834,-0.02972202659543296,0.045025967813241634
6552.0,0.12722374293535982,0.029928855077675072,0.007538954569750854,0.010339142994616081
6564.0,0.14745726604680098,0.045369904187703446,0.018878045596941614,0.01994601323755648
6576.0,0.1695352773333716,0.04634219525935597,-0.019628505489038713,-0.021510173555115992
6588.0,0.1606757495102796,0.017565954529345562,0.0012225896570807109,-0.00031952073375129253
6600.0,0.1440214258404074,0.014640096713874697,-0.006791085497761352,-0.001788793267601777
6612.0,0.1788769483193162,0.04535610472156698,-0.03076649076071575,0.010513606339385768
6624.0,0.13132516913012904,0.038812968796232,0.021949020950695983,0.00390547760698992
6636.0,0.1997100099680255,0.05338566582717311,-0.0032059024105427795,0.021348228214413564
6648.0,0.1680309038786474,0.051407272690714795,0.014920900375174538,0.005341466284504297
6660.0,0.15676701531465437,0.06721811017680487,-0.008136560546331021,0.018643639792532675
6672.0,0.15172416591017934,0.026269324663506007,0.028258922562342626,0.012957142048014842
6684.0,0.16470265356708272,0.039750790051176925,-0.015511918085602113,-0.005394500261710314
6696.0,0.195652298009049,0.02239987704698203,-0.007758261830125107,0.004255389129436894
6708.0,0.15927113560044545,0.0661044908815489,-0.011650115582186822,-0.014548322257563227
6720.0,0.16425266606779926,0.057091961764657445,-0.002027511208828152,0.005678717515206144
6732.0,0.1793808531884689,0.08081428880418376,-0.014285704591878645,0.002381359292365334
6744.0,0.19337540877216133,0.03583883949297012,-0.008429349859025083,-0.026456784494920987
6756.0,0.19767248778229263,0.061506490868912446,-0.011090343834569765,-0.008454387905860034
6768.0,0.17319948815197456,0.053302906168415966,0.03960283445791634,-0.010169551060545637
6780.0,0.19770576998782338,0.031627132609556546,0.012241236759066573,-0.008890487050118946
6792.0,0.20711173832612306,0.05745649552570221,0.0024856292992112027,0.005629663438982463
6804.0,0.20094382228938895,0.061890105407044524,-0.0076384535113336125,0.04213645541583095
6816.0,0.18222580646912337,0.05681609709774885,0.01387051137501966,0.026942064631125636
6828.0,0.20228744025891546,0.03843889771930874,0.002913184752978475,0.0029256949286237772
6840.0,0.1811249044838817,0.0500109814984138,0.006097396248498217,0.012991989858187973
6852.0,0.21183670978920613,0.05552291839638072,0.011279264361064037,0.007849501909765385
6864.0,0.18947596984748122,0.06271855187412295,-0.023812345143688775,-0.004735004278193072
6876.0,0.19471782918573977,0.09177425493913458,0.009237046870102853,0.009014163289851902
6888.0,0.18889887667910782,0.0721189255043791,-0.017093636642049614,0.005284197626388165
6900.0,0.18283644491360718,0.07041599579349725,0.0030511081864893247,-0.004495781239335097
6912.0,0.18714400556234514,0.07072989744999301,0.01629427636544656,0.008560227079736468
6924.0,0.22910165751778072,0.050754419756927086,-0.02835080636063077,-0.002920188183314096
6936.0,0.20755630316179474,0.04269690273545786,-0.0172830453518463,-0.00022517534872911756
6948.0,0.21283250303254583,0.07276575152520116,-0.009463607925664948,0.01721317950834519
6960.0,0.23360481650725085,0.0586878265357984,-0.008728365923079535,-0.0004330879369093878
6972.0,0.2082764470614465,0.08971577790686429,0.02603033359457414,-0.004191307741584155
6984.0,0.19786077759869636,0.07557908550195787,-0.008032166840819598,-0.009578616182416948
6996.0,0.18467912723552404,0.04832884513319548,0.0025368488500019087,0.0031435655574721033
7008.0,0.23935489074868327,0.07212087507171441,0.005290916948304856,-0.012897767000998558
7020.0,0.21455425216230678,0.09266814367404881,-0.020545361691418712,-0.031890258346346415
7032.0,0.23396124388141798,0.055792179023649816,-0.0033226157405687137,-0.017402814899922958
7044.0,0.23320231880185577,0.07416055924036535,0.0036072967653207814,-0.00030191839031131347
7056.0,0.20742632104990918,0.06391969396645876,0.02500642348086979,-0.007113287500324528
7068.0,0.23530272622456386,0.07956964635827123,-0.008115925078544145,-0.0429183432374039
7080.0,0.22724564461830402,0.08218619123909064,-0.004680342804543155,-0.0013687770311400418
7092.0,0.20255518471069506,0.056227761208741345,-0.00707746162557422,-0.009874513046517808
7104.0,0.21353898849574196,0.07121798103558231,0.04451838444062299,-0.008792954869353541
7116.0,0.24103162499973474,0.0579989111612409,0.022944936873688218,0.0225812902558997
7128.0,0.22862339618389255,0.09817777910458006,-0.017831611815421318,-0.015524728105642241
7140.0,0.19969989426353213,0.07126141071042547,-0.019023827740001595,0.021147944017112695
7152.0,0.23323633458099963,0.06824791012718467,-0.013027421586920588,-0.013146215431648123
7164.0,0.2262807758519451,0.10571110196065511,0.007328538494365747,0.003990647086406068
7176.0,0.23819781921307134,0.0808875178329016,0.005836185498828778,0.0005322903191935138
7188.0,0.21339732141952614,0.08793814965429489,0.01475439143882614,0.00798968362220724
7200.0,0.239333666127749,0.059599501067503446,-0.004280876312871737,0.0005801642860425613
7212.0,0.24742788479760838,0.10813565812163878,-0.0002698233372052869,-0.0009380034297313427
7224.0,0.2585846718677067,0.08665810942076962,0.0016673230720757114,-0.003785704147571925
7236.0,0.22079578431287594,0.08927137724569979,0.027099563565512262,-0.011650172868628688
7248.0,0.24653021270175215,0.09141077100909845,-0.005391823377495115,-0.012712280869346003
7260.0,0.24429038150128968,0.08355788644992647,0.0044267941469852455,-0.019125450327705767
7272.0,0.23369598420186774,0.08385980799202827,0.024164025951154217,-0.0005479310430746751
7284.0,0.25488535492122694,0.08898938306411391,-0.021362101992261403,0.003603109195347094
7296.0,0.23656528172665647,0.052616503581518634,0.008522927599557141,0.006935476596349651
7308.0,0.24081798036163335,0.07835523360830178,0.019973340720637625,-0.0031086164615283223
7320.0,0.2704722039626129,0.08670058598584111,0.027900286323522067,-0.016607151588120917
7332.0,0.25317623050248517,0.06911484556231134,0.0017710608181752334,0.010226148515036892
7344.0,0.24167246931305392,0.09105475173964059,0.021281593722155823,0.004860224639189052
7356.0,0.25734871496500217,0.09826682488563825,-0.007488545861106629,0.004211717894002143
7368.0,0.2370429800296655,0.11859926323011144,0.010940576613526265,0.018451976963917205
7380.0,0.2697389513701828,0.08236479621521259,-0.022538806471877906,-0.011895117228237183
7392.0,0.260823724454907,0.08466666609391935,0.008588869959416183,0.0022024604944992313
7404.0,0.2705770922662311,0.09589166463104265,-0.02120748541598353,-0.006315163917316316
7416.0,0.24652490040818764,0.09856090800805133,0.006102807288428128,0.00930198551845361
7428.0,0.2782977532510832,0.11089107060125308,-0.00936677819243395,0.021932742523048224
7440.0,0.2711330346875881,0.102260692917641,-0.031029063400702973,-0.014616150913258883
7452.0,0.25751371283618274,0.0980672496909923,-0.007802963798152771,0.005618829156030431
7464.0,0.23755695689271156,0.12296991597765627,-0.016380854591471934,0.003639154042688153
7476.0,0.2504589366260119,0.1295890742160085,-0.023449081603803566,0.017219039822025467
7488.0,0.248439179336082,0.09839162189609002,-0.004797318234747209,0.005163050906801155
7500.0,0.27563378950415574,0.09683125105131488,0.02386137582218297,0.001196576277806177
7512.0,0.2646753326662232,0.08622270696652803,-0.011896410134925567,0.0028571590306320583
7524.0,0.2533755872510975,0.14314872865188824,-0.002483666263524158,-0.0035209906256955933
7536.0,0.25685706593660473,0.09772521127377935,0.024604226678557512,0.004950265561902864
7548.0,0.2711881005927006,0.12423966480668543,0.00473983583076571,-0.008964688397271964
7560.0,0.2846655594036374,0.12776900265254576,-0.0029483364542448216,-0.021298610371561586
7572.0,0.2593283515700009,0.12605168165975095,-0.003688238673469833,-0.00357675024254912
7584.0,0.2896457625677646,0.13632844473787517,0.0027891760498983988,-0.01866685556918168
7596.0,0.28354080940297516,0.13458351759634687,0.013346819162959869,-0.012659319334567945
7608.0,0.26541879170415983,0.11359669191687478,0.004982966319428149,-0.0064278544141352706
7620.0,0.21617592706892969,0.1648087430596119,0.017368306191062124,-0.004567020401824641
7632.0,0.24601534564240912,0.1603063693633277,0.017395687175574354,-0.02788926233060294
7644.0,0.26869322066178586,0.1032559147573825,0.015082692075596985,-0.01991325890052028
7656.0,0.2833800855958281,0.12205508714054818,0.006517389500387711,-0.008219074240113968
7668.0,0.25933258815056404,0.12474210110235248,0.007778099932633939,0.02419854690273817
7680.0,0.2852151117721431,0.12392835985465295,0.008576695839521663,0.0034086683746892
7692.0,0.28176559888693237,0.14202324648654438,0.030057493864167624,0.0038878637685204904
7704.0,0.2938032743538099,0.13375542619127997,0.003869145332283023,0.027916429325324114
7716.0,0.2664321231652605,0.14927224396489583,-0.0035602583353688474,0.004177697618058895
7728.0,0.287714326898047,0.11212931908407803,-0.0009571554412407361,0.020422054106555523
7740.0,0.27476821096815485,0.14672489180688597,-0.003644242860384325,-0.004074181561541302
7752.0,0.28021322312725283,0.13150132992599467,0.019929586602773778,-0.011193670199626847
7764.0,0.26411093947552083,0.1374904161190263,0.019816978743689477,0.00844150942277902
7776.0,0.28643100391039883,0.11586558709441425,0.015921905639989287,-0.0011373280416025495
7788.0,0.3057849120338492,0.10521860537050456,0.015937116328377948,-0.011577137356142186
7800.0,0.2970113081081291,0.1556344615800153,0.028254048053123412,-0.015003427140006216
7812.0,0.28763664766008984,0.12547965645837625,-0.014591809457642145,-0.013375239561126346
7824.0,0.2929946973277284,0.1532163437634339,0.01560345876779793,0.02309870554664076
7836.0,0.31537526274142674,0.15769015579336834,-0.006068549145839193,-0.0052877869305662534
7848.0,0.2978441872226885,0.14632992650908908,0.000325066935613124,0.002053769401738157
7860.0,0.3192195692322417,0.15597076808599575,0.029110594893215602,-0.026691191699866515
7872.0,0.2711681909172143,0.164709248971349,0.026930205859532638,-0.003633585263514678
7884.0,0.28522036522819766,0.1618507163172101,0.01997892586216045,-0.003801752572617355
7896.0,0.30678822432399666,0.1613961238445979,0.01981479426407588,0.0030190657155880958
7908.0,0.2737186509635018,0.16103780209362803,0.00959783698370963,-0.0017464103156393683
7920.0,0.2918372409132657,0.1688997625430339,0.0043140659330707445,0.012882876642243494
7932.0,0.298407601431287,0.16062849137095467,0.029265529508112578,-0.02176276696509763
7944.0,0.26383125901554827,0.17842031786429058,0.030584999423576203,-0.0020874218040841494
7956.0,0.27412598850668757,0.1568645608949372,-0.013415925789449277,-0.015658794229201294
7968.0,0.3174288457247249,0.14572141491995497,0.0018148308025516067,0.008207917081830746
7980.0,0.27674746794794425,0.15280934880722666,0.022002274908079517,0.007545428022371435
7992.0,0.2793958480835971,0.17144184129195095,0.0031995611686752023,0.005979372201949209
8004.0,0.29075404814532285,0.18327135486131804,0.011719918811831275,0.023759667105331308
8016.0,0.27334315888076915,0.17842165406415872,0.005641788020604657,0.0009537614952686376
8028.0,0.31165509795561563,0.17303424539425813,0.01563018331971246,-0.0017860265070548153
8040.0,0.2846387462312392,0.16957079961541557,0.03637626130739134,-0.02475516934669835
8052.0,0.3055059477870202,0.16446949744892125,0.03807697984118863,0.013884163749294473
8064.0,0.31364846137638214,0.16121884372107734,0.030641879749786525,0.011122900676409427
8076.0,0.2711219180656529,0.16734654619001782,0.03892762988474975,-0.022916279981916067
8088.0,0.3021457112931567,0.15992441124890172,0.028072509867542332,0.016903816786824278
8100.0,0.29744484863821097,0.1749027413051709,0.03474748451985912,0.014299387991494807
8112.0,0.27450337664733643,0.1783579046230093,0.006363658560411503,0.01723857290160242
8124.0,0.2855662532695791,0.17646952449320696,0.01482617754740485,0.011712582243435488
8136.0,0.306895660578572,0.20411723055993541,-0.006017381874884573,0.00821350996800336
8148.0,0.312861276779192,0.16262449141252783,0.022001284729409012,-4.686627128559252e-5
8160.0,0.27662994057409046,0.1665185559322086,0.052578923868584954,-0.011953280013883573
8172.0,0.3157336074289261,0.18970615515790673,0.008808398130079382,0.00607480649169439
8184.0,0.2916793230599299,0.18331692306379666,0.0005131022662383244,-0.025815098517832036
8196.0,0.28332466388449246,0.19995442612110279,0.02534491645873487,0.019765385210323786
8208.0,0.28065466810729195,0.19809902000708754,0.014086484792608212,-0.0037407099290039767
8220.0,0.2936485738562945,0.1635959649909447,0.020212823830884647,0.010335069005231845
8232.0,0.28250842523855785,0.2141818154811218,0.03774076737044957,0.014055472154914882
8244.0,0.29969365117719327,0.1657187586175473,0.02917863472914263,-0.03017295083377835
8256.0,0.297414276890508,0.14495706614611192,0.0058034782097587286,-0.0011546070270769854
8268.0,0.3026930643986197,0.19822052792114384,0.026644961162329277,-0.01105275930401977
8280.0,0.29922180923919794,0.16846152718539495,0.03295028392970435,0.009513021893669087
8292.0,0.2795869343044812,0.20877464528675296,0.015094335522754786,0.0005017297499901836
8304.0,0.2979871490626253,0.18272276214700145,0.022871829706977025,0.010055851124036902
8316.0,0.3138710278296252,0.21185508231596534,0.019250701618411786,0.03616108781893745
8328.0,0.29026772370565146,0.18604246838623253,0.006975141881127033,0.0069039720099256
8340.0,0.2625764831894378,0.19223062349114337,0.013193427931235032,0.005977262457103851
8352.0,0.30576183514764776,0.20183418097570752,0.0222259639494687,0.0029317045984513694
8364.0,0.29123621904990094,0.21046641110893707,0.03062942340321264,0.002559141718877014
8376.0,0.30637422778718865,0.21258239022845096,0.019082592959771744,0.014670456236284235
8388.0,0.29010477223860043,0.20658191705536863,0.026052885694334216,-0.019611740738643156
8400.0,0.2916796578326257,0.1991523100737126,0.025656956199095637,0.009263972132673954
8412.0,0.2747415440176465,0.21206277974471752,0.021785310715564804,-0.029532298828788384
8424.0,0.29806704160212033,0.1927310503901583,0.04184900580129323,0.005170911011695308
8436.0,0.28959987834155265,0.20640444289642154,0.056119609432350656,0.014542931467961148
8448.0,0.2789905053373031,0.18498983462752572,0.02003108520705131,0.014517872522665655
8460.0,0.2697812130928207,0.2138531702287956,0.027235049323357137,-0.009042573998137134
8472.0,0.2631826152959849,0.20954018992795956,0.030878495153720823,0.007652270672868348
8484.0,0.2924039376716174,0.22570923667792187,0.02968804216957509,0.01219308664309393
8496.0,0.2961415486828283,0.2251595417256568,0.017603428550770087,0.00936313686948054
8508.0,0.2714335726142471,0.20499685936430823,0.03991938341938567,-0.023319024512766025
8520.0,0.27998132824905686,0.17240672517426672,0.04350252728360169,-0.011648200399031895
8532.0,0.314294258737749,0.22635415240060955,0.04024181979616248,-0.001839375492822043
8544.0,0.2918328529324639,0.19703131125351672,0.021730753718394905,-0.025423797680642433
8556.0,0.29478489784897177,0.1681721654934638,0.03693055991739182,0.01686993778306476
8568.0,0.28382498819964386,0.1982709400081984,0.03236796583528243,0.005456406742014976
8580.0,0.2691766969137935,0.22057787482044297,0.06710725287081769,-0.006941593515651517
8592.0,0.2865590055497801,0.21990694559408874,0.07432810744077645,0.0032015585799932767
8604.0,0.3069058627525908,0.19121875564475838,0.025077468334165062,0.008464472390437856
8616.0,0.2915415283627183,0.24202095062859336,0.05853412480274511,-0.007949872698967245
8628.0,0.26204530485129307,0.19643378215158627,0.024702323808526404,-0.013912112803741425
8640.0,0.29105051553334427,0.22511515902012655,0.04203566932959298,0.02087764648414247
8652.0,0.27326523520555224,0.22091135240727502,0.04868824321159422,0.034014567649185146
8664.0,0.30074416349661165,0.21883384197446762,0.02586705737206919,-0.0016481968023885755
8676.0,0.2841165815364409,0.22664422770586773,0.03976567129415856,-0.0038791315117605784
8688.0,0.28335176937353973,0.22512821713203374,0.03224646599533382,0.010043232362605212
8700.0,0.2800205028709731,0.21247729512328,0.0652318997179077,0.030421930018551844
8712.0,0.2948181902293268,0.1962198288267752,0.051869274107526564,0.016615907952484323
8724.0,0.2969778519306076,0.2142724626526315,0.03222340989936058,0.012439898371531491
8736.0,0.2912467174030825,0.19246239637651075,0.04339631153088891,-0.0013602888159468104
8748.0,0.275121021673981,0.2216177907584754,0.05344156770268964,0.008495769043818607
8760.0,0.2629012287813529,0.23123108504202836,0.043861332329913065,0.013368261921710842
8772.0,0.28458580347929363,0.21052592940938383,0.042275249888140506,0.032801453653904716
8784.0,0.2651295241619557,0.1927601632180935,0.03681924334081984,-0.005609242174217035
8796.0,0.27814849683808196,0.21230551365100292,0.03188373809726334,-0.007992579400628438
8808.0,0.2526003566905018,0.20295062615400225,0.036361065227607715,0.013055894909052986
8820.0,0.2574719573465753,0.2056473847946891,0.032993554169432754,0.02055328306683511
8832.0,0.25770975101625376,0.21656414665000234,0.05468086133427531,0.006033740432193659
8844.0,0.2826355898882245,0.219589757339255,0.07678009158517068,-0.00871810429853434
8856.0,0.2748524699643498,0.22476103196644925,0.0455322191410976,-0.007315252890140072
8868.0,0.23301304806833728,0.22850601432957934,0.05738003007799872,0.012543739924294925
8880.0,0.29333680939757,0.20583011179951358,0.04683873636206596,-0.028215131197812833
8892.0,0.2625304102822698,0.21611831909857937,0.0689311876584154,0.012106624245153665
8904.0,0.2795364318963844,0.20432169933729558,0.045210498712476,0.0367769529040311
8916.0,0.26540195935579275,0.22319573060511003,0.0652507641337923,0.004478096729087713
8928.0,0.2608688503940975,0.22509114031133037,0.0843995144853284,-0.01381066323885002
8940.0,0.23988745742171247,0.22310223655923278,0.05951144831447567,0.020602632458009914
8952.0,0.2580731435215797,0.25100015194550374,0.05118280689264781,-0.023914549048915296
8964.0,0.2456232926798943,0.1940970995686403,0.05522192799081962,0.0025476677898583866
8976.0,0.24973074747927934,0.18638854154610626,0.035157005749792386,-5.4246733062630545e-5
8988.0,0.23617446811049997,0.2138657562922318,0.05840577762388702,-0.024549620945993444
9000.0,0.2639935634139817,0.2133457245449045,0.04488690793646955,0.008471493221956984
9012.0,0.2713680109312697,0.20966875404427213,0.05049456259115616,-0.00937778795985446
9024.0,0.26181202320844643,0.20966548597280182,0.07059835428301034,0.014541272600849243
9036.0,0.26167912589465664,0.22019905271133114,0.06093122919567895,0.015611285528256571
9048.0,0.24102197311005735,0.229489432886289,0.06232516656012184,0.0032026390898475627
9060.0,0.2665691065187108,0.22828772741973055,0.07210407259375468,0.005060076828087185
9072.0,0.23780008443647058,0.180900747725618,0.06852914613293143,0.015466109404023985
9084.0,0.27830276465862597,0.20464765287732128,0.05805026282089177,-0.021271320843637566
9096.0,0.26665423582910175,0.23080595603133533,0.07298700917406091,-0.0017152764127859365
9108.0,0.24564052607077344,0.230048232987165,0.05902837288711717,0.027168181806264374
9120.0,0.2532931503029463,0.21476771446580228,0.05342963827797628,-0.002506562942694402
9132.0,0.25649259335454966,0.2100437956913011,0.09502835351835823,0.010367883056298636
9144.0,0.21317124266673007,0.1826519432051325,0.059319111970962735,-0.006048184943459423
9156.0,0.21451314480361167,0.20491790265934448,0.0765464336543669,-0.010135689077949928
9168.0,0.2364450445203529,0.20828648385575388,0.07454579804026633,0.01733595901401838
9180.0,0.2532023255195973,0.20220834468303786,0.09850559291922409,0.01516388911522876
9192.0,0.24984924715615328,0.21882375175195035,0.06530971069467542,0.013627041904759277
9204.0,0.20668397998371088,0.23111254851103105,0.09659262065889232,0.017173453708395826
9216.0,0.250840139346831,0.2247655819388486,0.06170456355288362,0.029565795656970942
9228.0,0.21397942785070148,0.2052522209044611,0.07148344981617248,0.018283574465580155
9240.0,0.25018994976308323,0.22018758829199858,0.08548659644968841,0.0010422725480236702
9252.0,0.23576648847672893,0.22563634445511718,0.0676510287039945,-0.009656621500169514
9264.0,0.24464596816592918,0.1820405001450502,0.0782491221938838,0.0054986346772632495
9276.0,0.23027891788785929,0.2481666917333779,0.07729458254973294,-0.0020425005442879073
9288.0,0.22470385786515593,0.23296686313731146,0.09924481905091313,-0.011496972528172902
9300.0,0.23844510660451224,0.18285652199827407,0.08604686277185865,-0.005572680990753812
9312.0,0.21300127906046523,0.23450193181201343,0.11698219814960234,0.0017260079616689536
9324.0,0.2236347787502838,0.20510653736617981,0.06863460316831617,0.013154651969985543
9336.0,0.21329848325865802,0.18305686452474026,0.08496052098305401,0.011802537438811305
9348.0,0.21114115126947647,0.19978754741178095,0.0818630397297249,-0.01979906436714098
9360.0,0.22216040124590927,0.18857810850317186,0.06837180557365573,0.005418403412230707
9372.0,0.23634939524617912,0.1965315934868545,0.09009414063211339,0.007329568694079087
9384.0,0.20708735915971666,0.1858331223422458,0.09950599404359965,0.03302189480503487
9396.0,0.2023301828032102,0.19223194650790845,0.10682486060986511,-0.004448232771789228
9408.0,0.19881034329152478,0.21839355582564476,0.1220666985215699,-0.0054109964870130214
9420.0,0.20463660237403142,0.1777265454328762,0.08906556243985275,-0.04028866492863986
9432.0,0.21641191577847543,0.20479166341131955,0.09389086662028005,0.017376945480622557
9444.0,0.1799304330917506,0.188203242696159,0.08901717272369215,0.017082345625497326
9456.0,0.1945616393317439,0.16737904736033735,0.13071154803393903,0.02836872098223687
9468.0,0.20003004654281406,0.19735429577681385,0.08409471214988962,-0.012075094439520798
9480.0,0.1950177508502228,0.20079576669036772,0.08115299064253434,0.019152975896534453
9492.0,0.20389386777777946,0.19049080570017152,0.09750525850217352,-0.0075273202742664035
9504.0,0.19345645778543674,0.18750557142061558,0.10365856581436746,0.006882731351707031
9516.0,0.17975781096348878,0.2226684943302337,0.09873691287006997,0.005568027617751332
9528.0,0.18667312730295788,0.1778901586003634,0.11179706663048056,0.01107659146649963
9540.0,0.19126606507901223,0.16021063570763228,0.10957623732778402,0.02089794312520436
9552.0,0.18363421835131621,0.20295734361521992,0.08641282854571869,0.016394069402118433
9564.0,0.22865318996263861,0.20437488065055312,0.08771486951155319,0.034458902771406716
9576.0,0.1841935474254742,0.18259986786361754,0.08770309847351779,0.022921926824023574
9588.0,0.17586954394822304,0.19920261047488924,0.08342341422712893,0.005494043499013
9600.0,0.19727499081754815,0.1914901932461052,0.09488212706350617,0.01074907054834694
9612.0,0.19315281567530188,0.18543940880702475,0.10213385615610607,0.03179542485502058
9624.0,0.1911856395983598,0.21098002153102866,0.09865467439134254,0.006452453557350815
9636.0,0.18774654754620324,0.18076470517582577,0.11440040981716794,0.008603945030055394
9648.0,0.16139342609138857,0.17695734169957625,0.10535224213355963,0.03665209361675646
9660.0,0.18573676086627053,0.18123570238687786,0.1298736774194914,0.04229474617548563
9672.0,0.17539311083131257,0.17862199719997415,0.12819685301965275,-0.0024204829246088737
9684.0,0.19649564955864046,0.2108298926285674,0.09843165988641926,0.01954115538073769
9696.0,0.19197103245750977,0.1506442203665347,0.09334894232974753,-0.002857939297952153
9708.0,0.18292139120998285,0.14597407678702215,0.10464509185229312,0.008037336805611115
9720.0,0.1672951575052248,0.1633581100543606,0.09716208944910554,0.03556393883629152
9732.0,0.13507624774678956,0.16345190685229571,0.11666209413649149,0.021821912475380276
9744.0,0.1997824300968722,0.17067454853851174,0.12261429688819007,-0.010548762961424683
9756.0,0.17181406044055433,0.17278107453787922,0.12202536923185615,0.007456807455133564
9768.0,0.15292924863513485,0.19747843434049298,0.12006355062351859,0.0036648421454132055
9780.0,0.1857684798066478,0.18941876739057725,0.14069592108078544,0.006732244445625568
9792.0,0.14130444986423696,0.1579480910508062,0.1379696716109098,0.02139044744683221
9804.0,0.17548806928583316,0.14940076970358124,0.12345214301936318,0.019533806563182248
9816.0,0.14809333210628522,0.16858650110502757,0.1159494658050679,0.005203474900316637
9828.0,0.1267125017112049,0.17998886156755387,0.13554416729472718,0.013227435895585705
9840.0,0.1379353689198162,0.1687792413647902,0.1312202024756584,-0.009377203843305669
9852.0,0.13488466583742675,0.15064281206626723,0.159664360560903,0.008496560690341111
9864.0,0.1282008654747022,0.18129729152137183,0.15392828314905269,0.019967639482544618
9876.0,0.13823832731773314,0.17314987520782354,0.13847809337274566,0.022350398891926162
9888.0,0.1489075063346228,0.13953032327915105,0.12878278649756686,0.024784495601530537
9900.0,0.1681510394100112,0.15643995710805347,0.15662585055907385,0.05826780326057246
9912.0,0.15376963968716684,0.17211128871148867,0.13710595792623195,0.03834050177105715
9924.0,0.14275519401850578,0.13019671219243625,0.10867440212993702,0.01610674657197008
9936.0,0.13971441581535823,0.16730752665675108,0.14221115026892386,0.03079206726624001
9948.0,0.14540632943744855,0.14810676470450243,0.1382966402411498,-0.0008205665781989904
9960.0,0.11894525291097607,0.18706246410000177,0.13663762487190995,0.025952116950590555
9972.0,0.11087667524274851,0.16198445219149582,0.13508234336676317,0.05662249277268549
9984.0,0.13379815290770264,0.1310239855058407,0.14502037625593164,0.017852909236856073
9996.0,0.1243300325335912,0.16592946041727155,0.15836108239404786,0.02650759513207368
10008.0,0.15136512684899445,0.13578012696901276,0.1384758003736453,0.024527878688220595
10020.0,0.10495870914362719,0.1319069741985006,0.17728262304693873,0.026947390153383096
10032.0,0.14860474183262343,0.1418764402454199,0.16222156459852835,-0.002343731816584923
10044.0,0.11823276633931976,0.12350227684429105,0.14334094469332254,0.03261436157566274
10056.0,0.13159212570981907,0.1589497280561314,0.15436161629754078,0.015534069990974137
10068.0,0.11245042872515995,0.13507055719432554,0.1755618904127499,0.024960464114071847
10080.0,0.13517980805832755,0.1323975310207617,0.1758814712655307,0.03256613492828345
10092.0,0.1025537932767114,0.15972582249008727,0.15025940664881374,0.04277308784695563
10104.0,0.13311433124875696,0.10357421055508084,0.15495922855628638,-0.008335542286618449
10116.0,0.1406588057886438,0.12953612528012456,0.1671007570969626,0.027649872694861934
10128.0,0.15058813512041644,0.1249311382536916,0.1631502634759078,0.025244653445613285
10140.0,0.12133162042865438,0.1489148986374551,0.14730969917080253,0.018835277081725763
10152.0,0.1126322557122083,0.14498685228993888,0.14589909167858672,0.024075746417656745
10164.0,0.12696312048356373,0.13099584025577946,0.1879469275172303,0.04247499327891682
10176.0,0.10567983752164264,0.13557419449833732,0.13442517534915688,0.04165056751200491
10188.0,0.09662112589819742,0.1378960122272111,0.1572732018055074,0.03268317822221555
10200.0,0.11969912724810366,0.14320263798173172,0.13681765778404442,0.03739209483986366
10212.0,0.10822027558072585,0.12376442171379153,0.129407391156247,0.01886720187366619
10224.0,0.08554071929876614,0.1245026633115353,0.16311650320738813,0.029291971714798602
10236.0,0.12453024537323591,0.13989453978372046,0.20096165679747624,0.04937186173513406
10248.0,0.10939384980075524,0.1077433589241935,0.1708400802069802,0.02356161238490746
10260.0,0.1179089320681969,0.11289322855347149,0.1752507562979164,0.029833670843301564
10272.0,0.12349642804157987,0.13213505336685524,0.17954314631461654,-0.002426320958942213
10284.0,0.11654578052270709,0.11408528918366272,0.19113292287043632,0.03161912845742451
10296.0,0.09777959485288022,0.14779153014686094,0.17479774545028076,0.021064395170796852
10308.0,0.1103209332910632,0.11848520144507205,0.1709995250114301,0.03819136576905581
10320.0,0.0809007366223487,0.10295932184748877,0.17308714124375052,0.03171484659878599
10332.0,0.10072056028723143,0.10689547757249182,0.19043613134688003,0.023904439603751895
10344.0,0.08456639842369479,0.11370981011017596,0.17765646567209226,0.034949461261187566
10356.0,0.05745645519809302,0.09997643279883756,0.16332014593378635,0.039737762712805394
10368.0,0.10278616466137155,0.12642951588697732,0.17494938439473645,0.051425469273053664
10380.0,0.08193533418371636,0.10226725705544075,0.17424501379407778,0.02798462516692981
10392.0,0.09796183888759889,0.1174106749780855,0.18292390020438035,0.033702993498934714
10404.0,0.10679891279171472,0.09939185885205891,0.18089902359035845,0.03855250140886688
10416.0,0.08843245876204464,0.1130258632942924,0.2006487483199561,0.025675024883049458
10428.0,0.0899789664413678,0.08378927782129102,0.2076024359777393,0.048182387904436345
10440.0,0.1142027023376066,0.10373280352023219,0.18276875269135065,0.040108045563327116
10452.0,0.06035377928572984,0.10823231711565569,0.19053785999670217,0.022580724235052443
10464.0,0.06661103321125983,0.11455479147057213,0.20794814042700505,0.054513425492833584
10476.0,0.06941592320789346,0.09931554893229434,0.20285512029131134,0.06883954027232073
10488.0,0.06963734023714288,0.12241332470630487,0.2168647756544603,0.07228505766192256
10500.0,0.09387362475502944,0.08815494018401497,0.19434389676762262,0.010984008152803804
10512.0,0.08464444892857467,0.10586891301046392,0.1808781429826017,0.030382306767417287
10524.0,0.10116470706790931,0.11560770708477403,0.20610386455555785,0.027565820382219865
10536.0,0.07581688199004968,0.11641520707505888,0.18794656219559971,0.02988670886101915
10548.0,0.08760692904749336,0.10095116519174473,0.2018563370935696,0.061438071026309105
10560.0,0.08960846672273794,0.07419668293103379,0.2144385143454437,0.05119811386687095
10572.0,0.07804641725633626,0.10128047603436519,0.18407578054266077,0.03297789209489299
10584.0,0.08504300136820807,0.08915032297518734,0.18437654675333143,0.0301828250168263
10596.0,0.06348895763306585,0.057718800100378526,0.21049286410299647,0.04794429039731609
10608.0,0.07524709906055813,0.07672481853178885,0.21829686308710247,0.042578269507396425
10620.0,0.09428430878410682,0.09403897807570867,0.20635206306123913,0.04926372941594272
10632.0,0.05861989837465039,0.08055835502544248,0.21208325859405905,0.050643897002015964
10644.0,0.06646300593078369,0.06508916580155938,0.23023146971739047,0.015700921731571817
10656.0,0.072144034760368,0.09378313226981683,0.19736575661317227,0.09499805259376778
10668.0,0.03272410882565914,0.04543679198944383,0.19302188503986745,0.041099774879782724
10680.0,0.07731325279515093,0.09047204596939401,0.2191389904832986,0.033970333068103264
10692.0,0.07167658103852452,0.08610665389842251,0.20817023180228114,0.033179586990252745
10704.0,0.06618691821044796,0.0845552947547553,0.22422419086473552,0.054686675202938496
10716.0,0.09190917329062313,0.11465738249264612,0.21357418616191637,0.042789453893220177
10728.0,0.07265453479220282,0.07592668593117038,0.221139744357485,0.07216735255137256
10740.0,0.04761139871888487,0.06925377721598017,0.1874194727558652,0.04423299227471862
10752.0,0.049043330521029986,0.09164262563157205,0.1991607292131679,0.041062448201108714
10764.0,0.08539827273152191,0.0911757515525478,0.2094122023797031,0.06094204476107784
10776.0,0.055494614161357925,0.08731942715625421,0.2108736471204358,0.07422270401302476
10788.0,0.05083443096573105,0.07368886371824755,0.19574897892963694,0.05106010813540129
10800.0,0.053302846039443845,0.07781147555751557,0.20857577424627774,0.08310270487207505
10812.0,0.021730010859313927,0.08228283928347964,0.18720218815340375,0.0687276147085961
10824.0,0.055929371216809666,0.06396891519455122,0.22844110962447897,0.04356637674166808
10836.0,0.07468235041652559,0.0874911278137511,0.1951459599733559,0.07476920015128258
10848.0,0.07090863410554027,0.06686226983686333,0.2170131255063311,0.07987080444136037
10860.0,0.07200141241956803,0.0685419543524455,0.20324773123274667,0.0650844665502867
10872.0,0.03566517430542013,0.06441321244644539,0.222222818034452,0.07494370885533809
10884.0,0.07923653994155629,0.06617193680314744,0.22304276767279305,0.03956417011922635
10896.0,0.04933260738314988,0.048156226488087414,0.22135678765450784,0.032862145774436004
10908.0,0.059515594441056925,0.08146167478797962,0.23358762059013122,0.04862360509399354
10920.0,0.05600733509310307,0.06262357730521433,0.23190003207411533,0.05292646282394821
10932.0,0.06677627085454498,0.08004518782416678,0.21161140645689203,0.06736134271032221
10944.0,0.06164172871264211,0.05707374420425015,0.21700948085119628,0.0888751347571968
10956.0,0.06987498248801347,0.07735505236236959,0.22392466159811436,0.07150504036077225
10968.0,0.06306468736633539,0.06232867788015079,0.20497922289468742,0.05677513414179147
10980.0,0.06082820042310701,0.08252650615900814,0.22187003559547352,0.05201772805284667
10992.0,0.06000600109367641,0.06328317596084036,0.20765133360971402,0.08236458835899882
11004.0,0.07385555725866425,0.04895510799292574,0.23316061360187668,0.06207260478133755
11016.0,0.04897269555113573,0.07208457637337146,0.2260565525224536,0.05468842633706579
11028.0,0.06472642712815843,0.0770128258430734,0.20061694850517517,0.06810029420129214
11040.0,0.05677588199969831,0.057464813752904145,0.24025787815792998,0.06622474278204735
11052.0,0.06824052524533467,0.06384636067399756,0.23712266925182862,0.07053894986246094
11064.0,0.04565383046492094,0.06798314784515812,0.19836404163711147,0.06992536013893567
11076.0,0.03565427613580357,0.06673299188899208,0.2210262527084466,0.047927351252241186
11088.0,0.07382622657292787,0.04362123947752905,0.21801309677747818,0.07469167294420884
11100.0,0.055916865965857,0.05221812790921994,0.19062420852580123,0.056483586594093305
11112.0,0.05983465632698988,0.04049145173952127,0.19626184584921708,0.09422308539132894
11124.0,0.035633890406886415,0.062477929512754826,0.23023935787276711,0.08515242414702447
11136.0,0.03302146392423318,0.07368369649057188,0.2400872547096618,0.08229907605865944
11148.0,0.06524892577240872,0.07259561932853814,0.22790953849940754,0.09484884584511183
11160.0,0.042905176242463615,0.07248172408023934,0.2063209962063592,0.12187903296891198
11172.0,0.066561145818223,0.05736341007387003,0.2183419988215595,0.08478660211369424
11184.0,0.035291641907171954,0.06661628879648808,0.23537965324622123,0.07415629020771417
11196.0,0.0701659675812156,0.03451841732444544,0.21342829920276762,0.08656775572551748
11208.0,0.07567348544274372,0.05309737364501905,0.24883433531010268,0.0778454660915299
11220.0,0.03290811320387579,0.07091963436860078,0.20479918950922468,0.08933296938651838
11232.0,0.05362497781998421,0.05214084069955523,0.22458316789202126,0.08122289782821208
11244.0,0.018641324144390944,0.0899734695048399,0.2383974291580863,0.07492224254859647
11256.0,0.057695676324748674,0.07148445882337007,0.20974728837086712,0.08982006649680117
11268.0,0.04406677063317624,0.05724195796849984,0.23697024208627132,0.10887021294721602
11280.0,0.02606897917444929,0.05107637866559139,0.2382403766955536,0.053195620678867114
11292.0,0.039518324402373545,0.051487972659649765,0.21959919461796773,0.09621650334782059
11304.0,0.05290442330811148,0.06168019219975049,0.23726161262515166,0.08534991534453193
11316.0,0.06044140252755885,0.04895726019726775,0.25704573067505077,0.08955657242630918
11328.0,0.012540353663738513,0.053964879679555496,0.20181080770103887,0.12062734648796128
11340.0,0.058428219086595616,0.08092862138481771,0.2484559688903156,0.07731365267807087
11352.0,0.019732494707724396,0.07873688169872192,0.2182410134693506,0.09048367893656108
11364.0,0.049365004293134035,0.062287794068378394,0.23643104276078153,0.09072847379143184
11376.0,0.030670935728671182,0.04820618051464702,0.21050418995804343,0.08905799187354302
11388.0,0.033244959519576,0.06385538983699927,0.2275392859519381,0.097142406356829
11400.0,0.056821127105133845,0.05588501779817767,0.2255959837331382,0.07222129877807296
11412.0,0.050975141148999925,0.09638334792180125,0.25186619589051884,0.08597164897396321
11424.0,0.031022274567841422,0.06920677710195695,0.2268611620395757,0.0949919880551489
11436.0,0.04761495946994486,0.06860100958626597,0.23823098790676106,0.08838850698181788
11448.0,0.0437105894373623,0.08745411174838422,0.22854590281465154,0.0985926833977232
11460.0,0.04738730869337177,0.0719088990551977,0.24474315678122655,0.06168481955148941
11472.0,0.04017362003749125,0.047254852290772864,0.22677757725768796,0.11544247585603201
11484.0,0.05768385656332865,0.08525123739166196,0.22085902104946722,0.11137066597432943
11496.0,0.05052561141133839,0.07950658050278547,0.22860123843851202,0.0902455021635006
11508.0,0.04389867579182009,0.05506924272253387,0.21273204638043486,0.09521378679500224
11520.0,0.0399404827150167,0.09118833090677836,0.21183272218411517,0.1017819975425728
11532.0,0.03356007139659758,0.04738503049707455,0.22315814254709904,0.11729899262535741
11544.0,0.026306834349073768,0.04287843323425188,0.22138647239766626,0.0843493656350065
11556.0,0.048822470490894915,0.054604156173632505,0.23749012879983894,0.09141662627864962
11568.0,0.03089912060003024,0.06743648471706049,0.24031905184380112,0.1050147734906975
11580.0,0.046089382240054114,0.07480598590865127,0.2182858086276848,0.09998948694155028
11592.0,0.056721035620865556,0.07084274077013936,0.24820369556313665,0.08755538819221753
11604.0,0.04374403957312183,0.0831418811887493,0.21756435524105183,0.10083038754658884
11616.0,0.031394409068504325,0.105705029411878,0.23944176449168764,0.11101424627283073
11628.0,0.05581464748590203,0.07967841770339379,0.21615054636833844,0.10800542648982066
11640.0,0.06785596661845197,0.06581363480499353,0.21208425397193598,0.1140693547252864
11652.0,0.05603513007332691,0.07029045344811127,0.23891122766855505,0.14131135148433888
11664.0,0.0400710247926116,0.06604785631976486,0.23961638117175402,0.10091839726118476
11676.0,0.041784652946345,0.07072805774756218,0.22675058785845648,0.11706534546928683
11688.0,0.018375132458073228,0.0967723660042042,0.23056835481370158,0.12080275319210836
11700.0,0.0502695803264605,0.06966800961093222,0.20819462871520394,0.12016778420521287
11712.0,0.044351811092859274,0.0630341334054908,0.216536209194069,0.113208653196566
11724.0,0.035716452085466095,0.0746333130427018,0.20239969366779986,0.1116041630144896
11736.0,0.033106076916349425,0.08515564969534951,0.20059360777132393,0.10333714668525916
11748.0,0.0561559360653929,0.07021144866947211,0.19839925100093372,0.11191095400086598
11760.0,0.06462969585555223,0.07074130665717965,0.20124139176130623,0.11200110715268106
11772.0,0.044309938022362744,0.09825769634738472,0.22125172723527617,0.1213067726475842
11784.0,0.02982712115689791,0.08161225834780297,0.224582802941514,0.10636969517360584
11796.0,0.027688199552506218,0.07457976200983879,0.22169001127487428,0.130461531933704
11808.0,0.0381186775420803,0.12177106872876142,0.21125991719491666,0.12486606342734963
11820.0,0.0505824540916156,0.072424976107117,0.2171239083993276,0.10845304770630779
11832.0,0.03451965780630724,0.08827041439063689,0.20100366860175095,0.10262495880238541
11844.0,0.03544217695981712,0.0823286601241808,0.2186137451659861,0.13256838851201938
11856.0,0.05611299895078172,0.09546081055746328,0.22057445669501774,0.1200481157793073
11868.0,0.07313257594562945,0.09133644068789429,0.2069261017342393,0.11002028016755416
11880.0,0.06354817171259897,0.11128555821032127,0.2098356717240643,0.13519745426314997
11892.0,0.03632027591787221,0.07164346539574025,0.1849709935534464,0.11098712243626513
11904.0,0.054139006132250644,0.10564762057602657,0.18743667602369946,0.12011470506248051
11916.0,0.039488084248124694,0.0888302437256938,0.20607358535382853,0.120187826930589
11928.0,0.0440709514088393,0.09682259675506627,0.20936544689540973,0.11743462395486977
11940.0,0.07446333596927249,0.07207203215111888,0.21973056438509986,0.1346009817563981
11952.0,0.08588546605958376,0.11345557442238685,0.2144685363912516,0.10914103346550372
11964.0,0.07231769385999427,0.08094195762608113,0.22068529550875365,0.12915742113012715
11976.0,0.07079317751919731,0.08676876397499073,0.2107316710515179,0.13412602905830193
11988.0,0.04921794450306216,0.10072430194182819,0.21271020689350723,0.1421550356928951
12000.0,0.0677129205045657,0.09656953060269957,0.22267521132735232,0.12083888362844915
12012.0,0.051690169467900025,0.08961742417414569,0.20264946037374426,0.11681110900913749
12024.0,0.04202303584864154,0.11174333165440245,0.21322925137585677,0.13065047655778206
12036.0,0.06226471017231075,0.10339313623202774,0.20576180022698226,0.09879798291381062
12048.0,0.052606081563095215,0.08859682832372864,0.19713871456727106,0.12801079976434893
12060.0,0.07182299527488233,0.1181022700062809,0.21687327488785277,0.13986119676605557
12072.0,0.05998334414188575,0.08095947444614021,0.19974748737555417,0.12578736748415992
12084.0,0.07179441177475165,0.09987159039170286,0.20281884103615896,0.15008390507745614
12096.0,0.044407104117965994,0.12139840126900277,0.2168719980164735,0.11730768047682238
12108.0,0.012382058374567427,0.1034662745646384,0.20070338369501717,0.12167848128002935
12120.0,0.036678671279774755,0.13369857279392394,0.19069238582760697,0.15407557458417404
12132.0,0.05533274782525617,0.08750506675447116,0.18376798355050952,0.12144439706579421
12144.0,0.06276799718531528,0.0827276514650325,0.17377407084985386,0.1314529884798774
12156.0,0.05052902517879285,0.12054724622345536,0.1854718687710402,0.15722782663439056
12168.0,0.04522891110863314,0.11120239149429254,0.19740648679421743,0.16359747036822792
12180.0,0.05384967369723299,0.12638810264510766,0.2107859780344578,0.1506561046540087
12192.0,0.07867564499831935,0.14112361080509062,0.20868280054156502,0.12042506935586712
12204.0,0.051049749942089544,0.11261308278739275,0.17261876530740022,0.13942445555862637
12216.0,0.06178315551402457,0.10564275171074977,0.18727745009859767,0.16096466096616452
12228.0,0.06766529599212741,0.09647079283471674,0.16396388060606704,0.11892829570987914
12240.0,0.07335955585827314,0.11574135215736983,0.21047729254289427,0.1607259280453328
12252.0,0.050510608762163525,0.12276661103204671,0.20540471987364778,0.17362298067220872
12264.0,0.0379459320247596,0.1268058784601234,0.18661330379257585,0.15281210066993223
12276.0,0.04264700716745563,0.1451792057541072,0.1660515476076389,0.15185209922905935
12288.0,0.04766773704413491,0.12054828704147302,0.19136875978237577,0.14093919455894796
12300.0,0.06565900823006951,0.11591280935689659,0.17478908948841343,0.15877601285571344
12312.0,0.06382326455481947,0.12435422414580292,0.21270480626578211,0.15025397363709336
12324.0,0.04933229196942322,0.08924313533515443,0.19679271492270084,0.13710525432281095
12336.0,0.0594558599313858,0.1085075069903198,0.2005767802298222,0.13414497039078865
12348.0,0.05658385749240437,0.11909098820290337,0.18360531676357628,0.16817335157435734
12360.0,0.06399845629773701,0.11127436742524739,0.1882274110128527,0.13837577753191407
12372.0,0.06846879166345944,0.15042037008511444,0.15957676687659306,0.150401496566149
12384.0,0.034888077591133285,0.11395573329293264,0.1546503685395876,0.16940161099622625
12396.0,0.08092466914918543,0.11118863252797466,0.17536151592527677,0.14517203524479952
12408.0,0.06854536799397865,0.12063848964576253,0.15013943469365731,0.1885140425438116
12420.0,0.04964310664162785,0.13401441504139672,0.17869637000206012,0.13535306933853597
12432.0,0.057784104858086764,0.14516833709257262,0.16379633053191678,0.1360054681950602
12444.0,0.06387054958979112,0.1461545013694601,0.18938643421531481,0.1353221745309737
12456.0,0.06649238082895688,0.11750565587137476,0.16972856369977168,0.14322664439815816
12468.0,0.06748901666100762,0.1284640734855938,0.17132550510045305,0.1468776794033753
12480.0,0.08544135399275772,0.12803057602529516,0.177488138058518,0.1578007861566159
12492.0,0.09402217311586875,0.12896597496022538,0.19497961938098066,0.13763563060721706
12504.0,0.059279218755581994,0.1435765064309801,0.1734513638930381,0.1775135740085773
12516.0,0.05886170479266095,0.1279312493535441,0.1683263732827741,0.14518101057609004
12528.0,0.042808864432379766,0.12792312112817286,0.18245448132915354,0.13683012842639025
12540.0,0.08132641307066095,0.12828245789709514,0.1670030741218445,0.11367928085201585
12552.0,0.08780715032653254,0.16397121221601246,0.15306912172434567,0.1703581217657021
12564.0,0.08480610407297531,0.16698974485840604,0.1498255778730831,0.1631715508416648
12576.0,0.05634225523499765,0.12847074343641376,0.14098684396019495,0.14509934192260832
12588.0,0.08481405964353594,0.13683565899939795,0.16704094191463753,0.18288234747645907
12600.0,0.07640177233290926,0.1292782109102414,0.1660216791342997,0.14845671390678675
12612.0,0.08277199192823256,0.1601873759991197,0.13729909862579703,0.13651999493419995
12624.0,0.0681098044603404,0.13696897871920755,0.13696483120784,0.15326375979868784
12636.0,0.07625337261213519,0.13055908668105728,0.15952735445260954,0.14417791730115698
12648.0,0.0554112312033498,0.13249864509973264,0.15435581469998097,0.1856216359804919
12660.0,0.08144169654547828,0.15293094496421006,0.15865710148976991,0.13993945177745137
12672.0,0.06978609989384124,0.1448187670422718,0.16566358293561392,0.14551713143545636
12684.0,0.07177904068957464,0.113253905168943,0.14500662759720984,0.15517373381431196
12696.0,0.06656968619865061,0.17629257725161795,0.1421727369840007,0.13214074299898257
12708.0,0.07790476398849325,0.13571612433441857,0.13199906956349405,0.11003970774210563
12720.0,0.08631245624427657,0.13163396553426696,0.12455182584091615,0.1543770909958629
12732.0,0.07579488298642165,0.14619484994318932,0.11879869409511572,0.13940303968115025
12744.0,0.08195540592266538,0.1610790775319721,0.12570349724962596,0.15686851834825472
12756.0,0.06451194674975753,0.13514145181495335,0.13412382681120252,0.13617192121384267
12768.0,0.0757606376819912,0.13208004337987456,0.13007541661213756,0.16789495093734744
12780.0,0.07451804437993809,0.14946278926423906,0.14769065527116437,0.17585087547761957
12792.0,0.0755441028514642,0.15599809146422533,0.1362832434022617,0.17209188884743343
12804.0,0.09111784962274683,0.16675680650282543,0.1144225833339304,0.14601256558579395
12816.0,0.04694957209167193,0.13823166900773592,0.1422014066337735,0.1612885119889186
12828.0,0.08726211503380661,0.14713539328068506,0.09454759816171235,0.1387553949284137
12840.0,0.06695117092454264,0.1366412200173991,0.13898734193357967,0.1685361132997163
12852.0,0.09767025974847822,0.1631719174929919,0.10718869656132657,0.18945627799343234
12864.0,0.06387730496129437,0.12510243716199138,0.12413813222995237,0.16886202004958054
12876.0,0.06290753312886486,0.14526842770161402,0.13814196688536662,0.15800968626180648
12888.0,0.06845414216932434,0.1375160845570813,0.14093346939865323,0.16350595698209003
12900.0,0.09109488447005612,0.14617827219312626,0.11382672071647298,0.14994340119172989
12912.0,0.08518511334911406,0.14909066547681357,0.15824683256076377,0.17314325158997187
12924.0,0.036910358096337345,0.1339129173757427,0.12157792149596425,0.14829605616592423
12936.0,0.07438178519389824,0.11820173142036149,0.11654707270535343,0.1773439947803548
12948.0,0.09026256973098423,0.13359720468190145,0.13244272680499256,0.15193589006356903
12960.0,0.06764984744216199,0.15346901897609405,0.1239798937897282,0.15062858528695278
12972.0,0.09005977791907874,0.15402011931196807,0.12720555952361123,0.14633119826513094
12984.0,0.09358835884056066,0.14135108659145584,0.1347298555854799,0.1689384716425494
12996.0,0.07146093371126844,0.14728491803043253,0.10387876953127562,0.1802552811886986
13008.0,0.07376451166602,0.15740160508055753,0.1256944192242368,0.14825763867741515
13020.0,0.08210669013541361,0.15980646591233696,0.11915188126675377,0.18582931179560336
13032.0,0.06054462782597752,0.14821162967259985,0.09650129270530203,0.15266942196326133
13044.0,0.07144321553614846,0.12846458130364827,0.0876908766123451,0.16694381122286378
13056.0,0.1040794776053393,0.12087815601591577,0.11017435258980764,0.16498199380389755
13068.0,0.09873744929367792,0.14112342813180415,0.09921293807078119,0.15661633218204066
13080.0,0.08310416156532427,0.14208384516281594,0.1002946603164139,0.1863671224828492
13092.0,0.07110117141411469,0.15972985275174942,0.11631245110705996,0.160430270211141
13104.0,0.08101734061890038,0.1680222480589189,0.09624696840543212,0.15793709293165067
13116.0,0.08266183937379919,0.12594696644733555,0.09893866073089677,0.189184874961096
13128.0,0.0997072151590835,0.15487208815199416,0.1044915200827711,0.17323351613329294
13140.0,0.06988886480694104,0.16219323421806695,0.10931372143531166,0.14580086940609344
13152.0,0.061966086591855374,0.15836033893283735,0.0733204830644762,0.16363964096127112
13164.0,0.06071308691225472,0.15951809338855422,0.08251272628643133,0.15989981242772722
13176.0,0.10566910746097757,0.13780887949721943,0.10377868844781436,0.16604177151528884
13188.0,0.05711792491397728,0.13419613800309263,0.1128197371406025,0.1821851434212155
13200.0,0.11118820305462428,0.13499403097094512,0.1117393843029612,0.1621892820529554
13212.0,0.06644580502389821,0.12707277213655274,0.10871159613884544,0.16747572099043787
13224.0,0.08742922419041961,0.1382730889198543,0.0940244086879074,0.16503736596164398
13236.0,0.07844487843895577,0.13044501427427785,0.06387423202052789,0.14638411985155428
13248.0,0.09617396726032042,0.14118656088369652,0.07513932378666091,0.16858387002364647
13260.0,0.09637281841415486,0.1609333440640286,0.07183471377755622,0.1848618496548669
13272.0,0.08168338570309268,0.12686815106939106,0.0980819876733659,0.15749208173129686
13284.0,0.07509259895243439,0.15217277101123436,0.11359691158539907,0.16559249359749825
13296.0,0.08463109928858091,0.12904471264000214,0.08321646272728035,0.14676278305643567
13308.0,0.043452783948532234,0.11804494673769482,0.0958760569081486,0.1557497301200608
13320.0,0.09131714788204491,0.13296928529764207,0.11113273152204454,0.16848922548510864
13332.0,0.07984739322858128,0.11850084756465518,0.08969256899042789,0.17120195909116645
13344.0,0.08840085518432712,0.12652728044352612,0.08726521631371738,0.16368441457924993
13356.0,0.06830520995881065,0.1474727845752803,0.1142085931951543,0.12074883603480374
13368.0,0.08632101911245198,0.12735932074407122,0.07218961325710613,0.1732149805039826
13380.0,0.07966370010951071,0.1223293963966939,0.07988751637746841,0.15382070911166026
13392.0,0.08557493174037169,0.12531637488867078,0.06859584571377667,0.17593095944379109
13404.0,0.08653360704918696,0.15610829610045326,0.08854855522343366,0.16869313596979246
13416.0,0.10873694507204942,0.13204019565795141,0.11207275707203851,0.1609064435077061
13428.0,0.07441259573444314,0.11903706220673414,0.0921563554801731,0.1371416597128618
13440.0,0.08908858695287307,0.1125120873041828,0.07668348744591681,0.15147822485734436
13452.0,0.1012810346911062,0.14309696176231032,0.05788905676544106,0.16462230252613747
13464.0,0.09253208258548781,0.12899127182752024,0.07821272654034732,0.17287967375776442
13476.0,0.10276950354959793,0.1295388576797884,0.10699470139218792,0.13240760631743995
13488.0,0.10101370664444681,0.1252260477899324,0.07005797651364015,0.16367420445568354
13500.0,0.0937998921490854,0.13316042384553856,0.05171414001318202,0.1518984488139411
13512.0,0.07481807898822639,0.14413900835881477,0.06980701101953352,0.16540230284227328
13524.0,0.08234797506108,0.11837261869108477,0.09462570182580399,0.17028268762172605
13536.0,0.1023098159802147,0.14488391676658613,0.059880826715764134,0.16766357776265164
13548.0,0.05652931979410715,0.14739746984968774,0.0985299337732467,0.18708667243099117
13560.0,0.11486430873028519,0.15930611505499254,0.08642847766607388,0.16928664273250768
13572.0,0.07094391508745305,0.1385088485127743,0.06394723675640832,0.16489377919191667
13584.0,0.08823195790184218,0.12043911803760775,0.053412393420544144,0.14910566133880185
13596.0,0.08151868374127526,0.11966523197497175,0.04540869837400652,0.13902336741126525
13608.0,0.10063785567031666,0.11981292924918228,0.07598427969094287,0.16363254399019214
13620.0,0.06150775496307696,0.14456695202847925,0.06166509168978466,0.14446526152118316
13632.0,0.10472921868009238,0.1457406215545318,0.0744771785434266,0.14499850320647
13644.0,0.08099708968176694,0.10773596271812419,0.0355095034146626,0.15356574257361758
13656.0,0.07628344559551535,0.09121429613543582,0.07810302398599124,0.16335508332940424
13668.0,0.08035891168506377,0.1280481386482462,0.06365941273928562,0.16954584354257368
13680.0,0.05399398950017284,0.1130965834724624,0.046105920092363056,0.12024138059309789
13692.0,0.05733852416528418,0.1493172755427808,0.039609001954034176,0.17901340206778543
13704.0,0.06949157492291269,0.11631773952286895,0.039466451674806516,0.12940693966267477
13716.0,0.07715128976517364,0.12944216201230807,0.03551787742565522,0.14545379909148395
13728.0,0.10820169492143651,0.13319600437569964,0.06138768371294735,0.1502276252464324
13740.0,0.09969527576177889,0.13475105222553854,0.02823561128556107,0.15008029619721533
13752.0,0.10187867408313114,0.10562339277481374,0.03756619041220325,0.15108127532945326
13764.0,0.11739991348884646,0.1057595269959624,0.07061336880720043,0.138521484910545
13776.0,0.08355064302227333,0.1325907714050305,0.08914379880986978,0.16552972384007741
13788.0,0.08789264633733981,0.0737074513447947,0.028887341109677694,0.16073721096219695
13800.0,0.09316899787512928,0.09820199729798926,0.032174363682472853,0.14119317946132817
13812.0,0.08296360966259785,0.09250501571828335,0.04787288735266928,0.16233550059169713
13824.0,0.07603605335626776,0.10411251652935327,0.058086403812772976,0.13299537467540629
13836.0,0.10018557453111902,0.1528826797320892,0.035941128079161014,0.14996418981509707
13848.0,0.09526712413102996,0.0925495124340937,0.018891456224359057,0.1551519846975396
13860.0,0.09748691430433268,0.11214338917703111,0.04678683173662476,0.16269617127594452
13872.0,0.08920090790579342,0.08501812851638277,0.048589160244065614,0.14296157221403752
13884.0,0.12443022529784406,0.0742127840553001,0.049154317084821396,0.15295373642647242
13896.0,0.07247414353444717,0.08943286866029065,0.027589671243317862,0.15171331924010997
13908.0,0.08203410863742032,0.07849262067145482,0.0700617113461716,0.15136551769457068
13920.0,0.10977950984935646,0.07762421305215872,0.04685373401305512,0.1446924864217972
13932.0,0.07837276853393561,0.08299370511983643,0.03349408037257078,0.14127768854093511
13944.0,0.0762255548289976,0.10911620591605897,0.0558086508308005,0.15713184133035274
13956.0,0.07754166713714193,0.09646494953099748,0.027789845611469445,0.127942953925754
13968.0,0.08144920961759715,0.1002327145401219,0.03961566959950159,0.1519909684472154
13980.0,0.08423055711324119,0.08941489626885486,0.010003045144220901,0.14300087707251785
13992.0,0.05410725675026282,0.09076989288651666,0.05962332493358483,0.11500989851039933
14004.0,0.07556720749409343,0.08048555040681392,0.02944105664901644,0.12008113034471594
14016.0,0.08318630658271556,0.05994463969168179,0.019401764502304172,0.13550678637543842
14028.0,0.09033686314326908,0.0950494336521272,0.036280804986774336,0.15512114970908383
14040.0,0.10368078548119218,0.07959246195168339,0.017968870528317762,0.1392776978560863
14052.0,0.08303302775769056,0.09428262899919143,0.043268078008497475,0.14749417508614684
14064.0,0.08413065580306169,0.0951026938843964,0.00744753123372352,0.14779355723707394
14076.0,0.09910021537229788,0.09909446386840884,0.04696970268090633,0.17458182425870322
14088.0,0.08762871688669455,0.08247535121944917,0.01820493095919283,0.11365947644486823
14100.0,0.051936505154951726,0.08806443368102328,0.022437896057827353,0.14762074982795723
14112.0,0.08725742223671468,0.06894464465487392,0.03831262398870312,0.12038692239138844
14124.0,0.05660638920436091,0.0816207675565354,0.0077110890495917135,0.14462095907253017
14136.0,0.1002560268030876,0.0948804958466421,0.05057843394809605,0.17341108099363498
14148.0,0.06517400298484433,0.09604746871449683,-0.0060869602842306275,0.1248683520962372
14160.0,0.0975686106950308,0.07552092813449521,0.01923986026171972,0.12196162851243188
14172.0,0.06384738345196855,0.0934338824761509,0.00829399609498117,0.1374549335236945
14184.0,0.053742626993928386,0.0707351406935123,0.008234075106835185,0.14608487880715834
14196.0,0.05483296282994951,0.10010648163002997,0.026873270526223784,0.14219092637570274
14208.0,0.06191526037324478,0.10247537581837689,0.02062891460193497,0.14367926795922825
14220.0,0.05044075544673449,0.07921858257557642,0.00566615479438785,0.16925085508800441
14232.0,0.08369630430991512,0.06623758080582372,0.03022600449594682,0.14708315058978053
14244.0,0.05384689748242324,0.0932546339431785,0.019982549140867594,0.13406547981437866
14256.0,0.09527834670535754,0.06459482911053045,0.029743307476363827,0.12479273910484917
14268.0,0.08288133918022532,0.0645526535724568,0.05106263185143066,0.10754541753803047
14280.0,0.06962909754524371,0.04987349258815258,0.018961594843296535,0.11764965844026981
14292.0,0.09808809736901207,0.05700597255467643,0.03452570863999181,0.11484578366037679
14304.0,0.07328263305997058,0.08854577702896443,0.02714939912783209,0.10799417550396023
14316.0,0.09922635571355877,0.06432733161460424,0.010245207119264112,0.130686297262609
14328.0,0.0658454265158958,0.07264684837157795,0.022304989910258102,0.1260592173508191
14340.0,0.08075609688431767,0.05642660162044784,-0.0001267531163584544,0.1339515690313065
14352.0,0.09187566164783692,0.05551604072453282,0.00393777321758817,0.1474330835610232
14364.0,0.0805539027666619,0.056709670677153955,0.0357078542774143,0.1291650630401639
14376.0,0.10246952862922859,0.05203520314534844,-0.0037527641600577036,0.1253283880957322
14388.0,0.08489348700520168,0.07636436977919461,-0.0013930510477923996,0.11227032585506877
14400.0,0.04990962631713146,0.08588924291017662,0.004030293104637981,0.11811131691505478
14412.0,0.0857950826832139,0.06585035317818463,0.012656013254054936,0.1072139892287073
14424.0,0.08552667274628317,0.07768742304292839,0.0042228791475162515,0.11908917667135895
14436.0,0.09604403508474252,0.08817905471447537,0.0422245017809833,0.10581032565739365
14448.0,0.076042289758101,0.06203698967755475,0.005860289064290995,0.12399608510613269
14460.0,0.08347077800160774,0.045833167197256094,0.02790599434870057,0.10964959567153984
14472.0,0.08866835323771645,0.0861659129425574,0.031417090360735506,0.14341844470369985
14484.0,0.07453609828294434,0.056519426140554135,0.028849592671715885,0.09927100753030574
14496.0,0.07409207931917108,0.07035083913355149,0.015224034449426192,0.11172518559055922
14508.0,0.0863567070356876,0.05415747517472061,0.01912893520405307,0.08547369971323139
14520.0,0.0854057505077149,0.02651613345696118,-0.002363217434227365,0.1378674003223695
14532.0,0.08305816394879101,0.05254664769379378,0.01025732560097557,0.11647859057212569
14544.0,0.09119001415137108,0.04168638721393988,0.006151814368105111,0.0738865826680924
14556.0,0.07860649948319062,0.04713804399222127,0.00407013791400398,0.09745315431503868
14568.0,0.060551434794243894,0.03363355085904793,0.0074942393100595785,0.12256418547646594
14580.0,0.06640386420399563,0.03777307577323087,0.019651405878322023,0.11075527948917255
14592.0,0.08256113601003735,0.04901289528483599,0.02064822454623122,0.10914268247158079
14604.0,0.07449299607775726,0.028300133489251728,0.0035555009880595054,0.13374984745229246
14616.0,0.061212749471695485,0.07284267797869912,0.02125792508918039,0.149332805624378
14628.0,0.07302024801101169,0.03954562258540445,0.014029758817708016,0.06643223035495338
14640.0,0.09957864275260143,0.05150615397247246,0.008519111943121084,0.08183601442342452
14652.0,0.06896603919625588,0.04290002853249272,-0.00033785533806445205,0.08045482779293744
14664.0,0.0683141572996687,0.05208348266158224,0.008385779465605689,0.0981124601006743
14676.0,0.048421554392739236,0.06175093116740205,-0.0029350866413119367,0.07833737279442374
14688.0,0.0875175296243664,0.029347393949166262,0.01575394986752161,0.08997713303763129
14700.0,0.04502764490349595,0.03270127342831682,-0.003055335484503457,0.10819759149424799
14712.0,0.10166571908144045,0.02834960835990666,0.0032828295714053676,0.07836286128896389
14724.0,0.09845134908172208,0.030800205634789402,0.01105961513208176,0.10382373938091746
14736.0,0.07360007068012593,0.05550134636175559,-0.002617414699968883,0.09413454123139837
14748.0,0.07050812694551714,0.0491692034055828,-0.008237352848780053,0.09004568459540441
14760.0,0.09471666168367053,0.03919351899969515,0.0021725721348435775,0.08615353251903139
14772.0,0.09171803818173155,0.04699446763639946,-0.027913904110248168,0.10067165130875333
14784.0,0.09639397504195267,0.07642954159967,-0.010813514246286631,0.07927027580438756
14796.0,0.08669092336822855,0.015576249297325873,-0.0037687226078681165,0.09967219605687537
14808.0,0.0625733540737297,0.029584139562225747,0.007410740271285514,0.11229257177619065
14820.0,0.07178497316035701,0.03764879211395761,0.011182189026085265,0.0628552813149402
14832.0,0.07339328487650602,0.036478095449205196,0.004834082435515578,0.08280420781969206
14844.0,0.08881969772115894,0.04155266684428818,0.012223170940885927,0.10271382973671177
14856.0,0.05046130896931825,0.023121363072010633,0.005115029579137202,0.09921612053915725
14868.0,0.08924049676719976,0.030733092516903697,-0.026581453270440123,0.08184850994530071
14880.0,0.07366933390127141,-0.0031810127336269825,-0.027317971545687242,0.08546377849834999
14892.0,0.07559610295620978,0.0036134272571264857,0.0034934206235840053,0.07288135272384375
14904.0,0.07932051174427449,0.044108581775618286,-0.003252790084072398,0.08328561306271329
14916.0,0.08425406648564396,0.019111680530908087,0.000663531363606772,0.09645057126117546
14928.0,0.09011985185237045,-0.00746470233999089,-0.027170038451601687,0.09400132933302885
14940.0,0.07886273785230671,0.02027307944469327,-0.014571588190385558,0.07172203365597321
14952.0,0.0938742905347829,0.04091597846074309,-0.03535425705942643,0.09124325112068603
14964.0,0.10674601078868887,0.0057825320784970075,0.021974556371178868,0.07287910646084693
14976.0,0.08353788240355792,-0.0004938066609543705,0.00872352715009091,0.072660517217957
14988.0,0.0890016034574414,0.008659596953346034,-0.007991124156212389,0.08420108644965336
15000.0,0.0910921968546715,0.026473421586385833,-0.007151523304495122,0.09410263960325378
15012.0,0.10611264964996772,0.027557514883376186,-0.0019432937781700202,0.05949930595214746
15024.0,0.05968479789343763,0.010079713321889443,-0.0072198979503267065,0.072647002327803
15036.0,0.07354503344302667,0.025435600866319765,0.011837371153040501,0.09050196967570395
15048.0,0.10055948803928315,0.011930473099729019,0.007889029355246166,0.12471485414654923
15060.0,0.054070669656881454,0.011959423516413714,0.019562623251759857,0.060993702582876445
15072.0,0.11153370924373704,0.024138100186508363,-0.009965678616924472,0.10985865568369746
15084.0,0.06154626806553293,0.024579688776843092,-0.004070320213363085,0.06125067949614553
15096.0,0.0716925803796921,-0.016694140717365004,0.007735577913755034,0.06487925742016003
15108.0,0.07170378331531602,0.006818238552373828,0.015264777684759163,0.09473304004079086
15120.0,0.09377160363727947,0.033194770684525206,-0.004571663892733555,0.07400700437184556
15132.0,0.08930065855955176,-0.012481257095483561,-0.006443279200465754,0.07226850977127681
15144.0,0.08477469584552418,0.009252550597870243,0.009997206926246534,0.05124263089874566
15156.0,0.07084763774614405,0.006557771873602096,0.00852602874765358,0.0609894996911087
15168.0,0.06716571038344873,0.019698695061059878,0.005968340020293252,0.05737195991579444
15180.0,0.06065666091186618,0.04287126392140636,-0.02005080425839343,0.051215888581770605
15192.0,0.08274809933837876,0.011484320537556401,0.0024485840319313276,0.059394921159470176
15204.0,0.08384957525964348,0.03612326723811394,-0.01942520939576314,0.08115472961284319
15216.0,0.07815128496132669,0.03508155382474807,-0.022192589788582948,0.0749934506853563
15228.0,0.10262073004216808,0.020256254079580427,-0.01513545714954982,0.0696541074856241
15240.0,0.0898021462909883,0.0466167038999822,-0.03775877270176873,0.07433258525202244
15252.0,0.07623759216839361,0.021100834774536538,0.006510673807503751,0.045005019328884385
15264.0,0.06547868739454732,0.02464099830184431,-0.016745603865341737,0.06137798397538903
15276.0,0.07767519564045408,0.0063416306074947654,-0.04266761576822389,0.06340569333645957
15288.0,0.10084119221748711,0.0020778162925051483,-0.027377075972138454,0.06364616303277897
15300.0,0.07092599762990007,0.00920185024320871,0.016008030973162862,0.043182851190475706
15312.0,0.0784605349786987,0.026785377622059375,-0.006622307191871931,0.09360472468676764
15324.0,0.07806141454243662,0.0281799471829504,-0.0037196850140247782,0.07725257177641344
15336.0,0.08681031314208974,0.01955023944073261,-0.03769109749503432,0.04499812870329101
15348.0,0.0719351875291004,0.0446558317697378,-0.00917459344179237,0.05882121926551721
15360.0,0.08158388130918043,0.04527794069519102,-0.04143631056123254,0.06255403378910192
15372.0,0.08653210965856852,0.011121945100385859,-0.00032125252615602604,0.05946009974516515
15384.0,0.07773561375590113,0.048353357011296866,-0.0032440287891955227,0.06131977525504282
15396.0,0.0662218116849433,0.04900651557086723,-0.05300321340481778,0.054654290784201816
15408.0,0.0993884455426361,0.008811746216190101,0.0028012987791256674,0.05242812359886953
15420.0,0.07733480466396646,0.0402132758676245,-0.004437932430065954,0.06611971114181026
15432.0,0.06360716627637196,0.04326663080874077,-0.004648883283433656,0.03740765903441155
15444.0,0.04433491293441848,0.007473494210196788,-0.023779577021788983,0.062023758097403785
15456.0,0.07682274249354955,-0.013720268590410721,-0.04722107250172192,0.08194073579754407
15468.0,0.08947797208013991,0.049498151632497794,-0.004960528058222582,0.03820027540438602
15480.0,0.06819641853743524,0.029577306082799716,-0.0421135811695542,0.029294332023717288
15492.0,0.095090803030602,0.020709844428653156,-0.02111465589227949,0.06124128534886649
15504.0,0.0954275682852895,0.0013356779614829874,-0.01689374541976465,0.03469665281169964
15516.0,0.06753742893046352,0.009915470056129558,-0.008421841720183386,0.06152644897499625
15528.0,0.08621055550421115,0.046054943785184314,-0.0061302193830509236,0.021873423552270375
15540.0,0.0735547748048527,0.0101256151747427,0.004596064763092926,0.06363594392448578
15552.0,0.07586630046322591,0.056928903063551556,-0.016443557369622143,0.05457922245156348
15564.0,0.09779021541306074,0.01986238456105963,-0.038131735917214526,0.011230159254820765
15576.0,0.07623654190275737,0.013943014488492196,-0.012980707251802495,0.051057823939703345
15588.0,0.09347936188835908,0.03116582114436566,0.018522699356090102,0.04702941275544505
15600.0,0.05247182570228135,0.037060861009003764,-0.029498437007526426,0.046703832876546544
15612.0,0.08963023375417845,0.0524251596854722,-0.019817879225474462,0.039144835696151244
15624.0,0.09629025807540474,0.035702647082620005,-0.02530436385172792,0.049559336134280645
15636.0,0.06987560470785015,0.052403098508415735,-0.002865975752985011,0.06242052278030538
15648.0,0.0976911515513784,0.05452844730642234,-0.03179302816060413,0.06265938625265542
15660.0,0.08745200717377423,0.0613930696271331,-0.045995589242536494,0.01872689999044376
15672.0,0.1078101947856289,0.04072355321966834,-0.012452140505719581,0.04211632067617395
15684.0,0.09405053579667834,0.02381173702436133,-0.021736680103421384,0.03300542939312222
15696.0,0.09749417100752891,0.0432501072859712,-0.046425927348274006,0.06882049586369152
15708.0,0.10614755953660383,0.03138344318456588,-0.025588201627799134,0.06355454141878988
15720.0,0.07683752419735544,0.0012973270816767565,-0.04053682719642046,0.06403825676361057
15732.0,0.06825738844607114,0.03404880154141986,-0.04753005424833465,0.06570167733098257
15744.0,0.07937157266653587,0.03952647232752672,-0.04860661361851018,0.04352313312575471
15756.0,0.09909477078411016,0.04747297912516009,-0.019903345904291686,0.023082456017054286
15768.0,0.07673254818010644,0.07240247030238481,-0.030808932528748438,0.024999195977079957
15780.0,0.09065027812402983,0.046365496369513565,-0.05716576869008956,0.0287072803921658
15792.0,0.084562338526438,0.008446705638511555,-0.06309254626277114,0.028716680491082443
15804.0,0.07979845881909355,0.04368455678944454,-0.03197590958762558,0.016149221753140097
15816.0,0.09133614297662272,0.04276900577547367,-0.04995143533583985,0.03935280010613826
15828.0,0.10820814184961466,0.05427744433673378,-0.0293654585222157,0.05664798398932255
15840.0,0.08216379791162993,0.05102639194975277,-0.03340900304638445,0.042406458544857986
15852.0,0.10982666412306713,0.01742527198296739,-0.019598321822502335,0.048249819440808174
15864.0,0.08489731017956624,0.04313755840731234,-0.04050076665908545,0.01518110247415302
15876.0,0.12147270159705714,0.054030776586694945,-0.03215218753091212,0.035175229580100914
15888.0,0.0875944236700301,0.0401332069397517,-0.037690989901704657,0.03286054089467566
15900.0,0.0877652341719183,0.06923784725834467,-0.05774667644494916,0.02678612754401912
15912.0,0.08748652411593072,0.046431818997567695,-0.04496962266312748,0.038591081184152096
15924.0,0.09115241918968983,0.041889251951011584,-0.05667266192419704,0.020049364160892424
15936.0,0.07373145275231187,0.08037547599828207,-0.049208723849037427,0.05888931086003421
15948.0,0.0926379254073916,0.03818186528927031,-0.02449669891380398,0.03367966774416298
15960.0,0.10881075511886497,0.0561210193011549,-0.037435918973189486,0.052267385604864075
15972.0,0.0849819029586414,0.06242018797623565,-0.05579615382410402,0.04775994917976998
15984.0,0.10876918866494514,0.05195211788894301,-0.06889854413073139,0.025595196718015238
15996.0,0.06356285405795059,0.06373678479135819,-0.050585979527646194,0.04489434846435013
16008.0,0.10304854356962424,0.05024295098133775,-0.05187036184663967,0.03628981864455053
16020.0,0.06632799162321043,0.05267335475284132,-0.020135072107139166,0.010183725814338306
16032.0,0.10335680940599795,0.00673588249068359,-0.0320344592272342,-0.0017212105258335268
16044.0,0.11742010225843252,0.060672852202822015,-0.036565396105735094,0.031961506010432184
16056.0,0.1057465706934703,0.06145633239280474,-0.068997620726707,0.05183642074625297
16068.0,0.08163864471389529,0.053598258738098016,-0.026803886407406736,0.028405496280841127
16080.0,0.10620490830553343,0.059598204941993374,-0.0431431873411614,0.04405695877590851
16092.0,0.10434220341853992,0.07394025055395083,-0.06978858800887876,0.02221335563201422
16104.0,0.10943537465130933,0.0652065164592912,-0.06951218113569504,0.021833584562975274
16116.0,0.07171207437897073,0.07419718198033462,-0.05474106726148159,0.0015291006866359723
16128.0,0.11603139296160903,0.06114999074485203,-0.06974974432761318,0.013195386802621237
16140.0,0.10753593431665888,0.04250902091442616,-0.05178984974089351,-0.027372867686104915
16152.0,0.09184368438536449,0.0812849667370726,-0.0484690964094681,0.003968247002778017
16164.0,0.1213900260879795,0.05930497698104542,-0.04087646551021636,0.00952750993592968
16176.0,0.11800717045665787,0.04490780069313478,-0.06295500695190985,0.027396164591743197
16188.0,0.12089038929007904,0.09069818629956337,-0.07375062246089872,-0.012230768248792254
16200.0,0.07471423828162745,0.04892082736163732,-0.055351707534334514,0.028517358446795822
16212.0,0.1127133913100141,0.07831746085533639,-0.06448776573990386,0.01922776865964617
16224.0,0.08006513911887109,0.06720437772754774,-0.0549136337347427,0.005837649987716593
16236.0,0.08347272698249805,0.06016168480130022,-0.05891848501550459,0.02266103591239907
16248.0,0.08227555143025489,0.0705581255619533,-0.05603621372523152,-0.013578220276279137
16260.0,0.10746479799961665,0.055909315175294565,-0.06169269146125354,0.025026023772197127
16272.0,0.08494762269279495,0.07276402470834276,-0.06831475910639885,-0.010014089852873914
16284.0,0.08432053306958615,0.05998985422410465,-0.06280896543211076,-0.006600205192565687
16296.0,0.08025175843536472,0.05449889201082589,-0.05212187116180916,-0.007643812433207293
16308.0,0.10425313587500064,0.06181995024681062,-0.07597141048524582,0.009610974223747248
16320.0,0.06399968121573482,0.08155476425258835,-0.044984210558357184,0.00932537572920088
16332.0,0.10532326971748521,0.06760466522787471,-0.08998886527631372,0.020487754944679942
16344.0,0.10643707550422465,0.10054192345778133,-0.05165494450484517,0.004525862329691703
16356.0,0.11793034694571886,0.07677857042484564,-0.01604060829488565,0.02487365334276682
16368.0,0.08927488158532774,0.09537627593090213,-0.06416566332386436,0.003392616291434645
16380.0,0.08842560350402018,0.059218348957905016,-0.07061509195056509,0.031143202709731196
16392.0,0.1111189625106844,0.05946259397837446,-0.07572715023407342,-0.006626594668754314
16404.0,0.10673529850450508,0.09075394670563382,-0.0711033554734685,-0.0026858178520531607
16416.0,0.12215345428680253,0.08682591228626083,-0.0735833632293225,-0.004003312710319345
16428.0,0.0906626052939025,0.09230225027775715,-0.07466608156678095,0.0036466547166322093
16440.0,0.09228395227760117,0.08966895440877135,-0.06683671048329226,0.012266576436965184
16452.0,0.08311939242354442,0.08999970574759718,-0.05804437178591246,-0.011913983976806885
16464.0,0.10235536691238825,0.08815087480839938,-0.07512996175767975,-0.019648534013369103
16476.0,0.0895329150127836,0.12179312257318689,-0.0791935848534285,0.004271310215630682
16488.0,0.11339626540847869,0.06230474795179207,-0.046004513334334904,0.009187792098680874
16500.0,0.10062858498636537,0.08993081711406005,-0.0610485687024077,-0.0031265332020102305
16512.0,0.11125750185482874,0.0716947028618995,-0.0617701410073476,0.009210658827122832
16524.0,0.08911231792805485,0.09966063116910764,-0.06286101744054906,-0.006060504401559382
16536.0,0.098878368157354,0.07080017131794977,-0.04908143495708456,-0.004750566804142665
16548.0,0.10640727804284528,0.09938776034110809,-0.08759937329057817,-0.031929264252546254
16560.0,0.08104760621889491,0.07741085485956967,-0.04628053468226356,-0.014986545348372269
16572.0,0.09996955153766816,0.09335410256456642,-0.10040784928812987,0.005252330526653061
16584.0,0.12325087845771453,0.11755151214755837,-0.058563957908625855,-0.015603095457077665
16596.0,0.09213701314860857,0.1025014751945399,-0.059834066019248344,0.007770626319844282
16608.0,0.08823941321927564,0.11376827265720352,-0.06775973064321844,-0.007740495249848858
16620.0,0.09553098906202744,0.08816973531146238,-0.09077494084121025,-0.011456594091522969
16632.0,0.1189030496347431,0.11886299713160701,-0.0548607734583699,0.017525527742084244
16644.0,0.07003950938145975,0.10330506963202912,-0.06749724475698547,-0.02336909866726232
16656.0,0.11557518040564604,0.0768763203597696,-0.10900407755676002,0.00557226801638281
16668.0,0.10910673735769381,0.06122907290171571,-0.11061691708352986,-0.02673296567252477
16680.0,0.10458875221298791,0.10292947410447217,-0.09644417917153728,-0.02686525387438566
16692.0,0.08700692372726081,0.0773451315514576,-0.10565922033656405,-0.02232875519781775
16704.0,0.13309595335590976,0.10702959440269026,-0.09841802627561998,0.0013029294770918638
16716.0,0.07349576357606649,0.09794203063205278,-0.07354551069854187,-0.01864458634944451
16728.0,0.10836196871372622,0.0965420179860275,-0.08415818383759677,-0.04147553913534545
16740.0,0.10505212674637299,0.11177117057566169,-0.1342895992830631,-0.022853943810280358
16752.0,0.0932866567189306,0.11200125630389735,-0.10030891561489733,-0.02009692702087891
16764.0,0.11806099216170281,0.09683089126006589,-0.08847042970780034,-0.028870779127709068
16776.0,0.08648635067799482,0.11036714691524643,-0.07492892962325473,-0.02777852058685394
16788.0,0.09489910790909704,0.10638520854006868,-0.09452159626549479,-0.023123477157991904
16800.0,0.1147914870523724,0.09431287747644024,-0.10195920166617703,-0.028580244915299886
16812.0,0.10549067832060909,0.08612477092124961,-0.06574415235203271,-0.012288772017414214
16824.0,0.10795561068683723,0.09195506887988647,-0.09380613526264152,-0.017451772595778303
16836.0,0.10101160791417628,0.08089487659349576,-0.06657431106472864,-0.020089727438249334
16848.0,0.10684179052813603,0.11011741369960033,-0.0806523570988757,-0.04298996543082942
16860.0,0.10544101253247874,0.11384743275973778,-0.12249522032801795,-0.020338757345403607
16872.0,0.09039995015883086,0.10462108982067479,-0.07181029581279594,-0.035891922803384324
16884.0,0.1157318425245068,0.12908617057671445,-0.05865477896004287,-0.017165092609974446
16896.0,0.07396003521281992,0.1121803440079964,-0.06476263595969968,-0.03311135527185532
16908.0,0.07763238039915274,0.1527049954341207,-0.10827934820296872,-0.0502841498841074
16920.0,0.110913049476059,0.09171688832055017,-0.1207081337140197,-0.012305531493447059
16932.0,0.1114352365300573,0.12250257175543686,-0.10564328198447835,-0.05900130233066235
16944.0,0.08891868947041567,0.09792293944448766,-0.12165383197119223,-0.0297758478514514
16956.0,0.0949543149921505,0.11547477142905495,-0.10047601598996482,-0.02798183602574325
16968.0,0.1211888286059419,0.1012442063748718,-0.12628646185528405,-0.028523993592133923
16980.0,0.10375237863639163,0.11041645361566145,-0.10398187302753309,-0.040269616325793
16992.0,0.09244094045313661,0.09747657195402855,-0.0801683633966561,-0.031286809509650335
17004.0,0.09579434673104492,0.09793717930487604,-0.09882393886891792,-0.031467837680955624
17016.0,0.06865677355563655,0.11043567757475865,-0.10415267379828437,-0.07173372327796024
17028.0,0.11452773945813575,0.0888358510606887,-0.11762143687680054,-0.05085623579630701
17040.0,0.13528029870225156,0.14854887961608693,-0.12383577799946346,-0.02053221337828163
17052.0,0.09765095919074974,0.10805644666142425,-0.08321113225456932,-0.042058932860482304
17064.0,0.10514025552214143,0.13415958511334158,-0.14556985737117945,-0.029406247020125374
17076.0,0.10623833593376793,0.13990555175431446,-0.1077539974732978,-0.04553862878745162
17088.0,0.11798673347785563,0.1173542377089448,-0.08451435041309716,-0.02320050978871949
17100.0,0.0850403153678712,0.13882232501473946,-0.09255182416024882,-0.0496200955315072
17112.0,0.09483331249024854,0.11334252747033093,-0.11811941308842451,-0.03762260671931984
17124.0,0.08112282405139058,0.12719986690556853,-0.09276746088475,-0.05508075078738431
17136.0,0.09693178342437091,0.12034160929728419,-0.11890027435768699,-0.02427934006923277
17148.0,0.07458226573343742,0.13172130770121032,-0.10188972234235824,-0.036011520210419964
17160.0,0.1143369124287121,0.12138172508701295,-0.0845867094867092,-0.02785056045778029
17172.0,0.08072622252790601,0.10491651011683507,-0.09404992752914433,-0.03373033021039948
17184.0,0.09989601263116969,0.12697203933204892,-0.11817832807906646,-0.061095809532987884
17196.0,0.08466097047725671,0.09835100081316857,-0.1248356033667645,-0.045400282409073574
17208.0,0.08956546104204559,0.09342635236253274,-0.1208892537959035,-0.05073353026215115
17220.0,0.08785931713632214,0.13251048895248999,-0.12931703463381405,-0.04788009004221754
17232.0,0.07517221930423278,0.1352417799239073,-0.09269991765838455,-0.05049507478427176
17244.0,0.106745416158931,0.11084727820971053,-0.1397927324395989,-0.06542781709761614
17256.0,0.09079486008606322,0.09252513647683616,-0.09764549800540545,-0.07225858374264611
17268.0,0.07456543521441615,0.1366397836250563,-0.10216684102944623,-0.0597303521682317
17280.0,0.060615631268060084,0.10349608701399586,-0.11292748069613992,-0.042319132244333264
17292.0,0.09711457712092425,0.08452725716343473,-0.09750693830450274,-0.03874192625937725
17304.0,0.09556613845704673,0.11137873930542558,-0.11691953234543566,-0.05192409079014369
17316.0,0.10264553140707727,0.12204350907495441,-0.09462209773999587,-0.051662500889450985
17328.0,0.07296369684016084,0.13530598587157214,-0.12411577918439069,-0.07093471222704259
17340.0,0.08205061754704406,0.10727510186836493,-0.11497739893245366,-0.018880227100847587
17352.0,0.09164768852524631,0.1126400908773858,-0.10542344026475678,-0.08575306154148571
17364.0,0.051894988992632785,0.1226195334451692,-0.11154647103939962,-0.06586479538070966
17376.0,0.0587190920181094,0.12921002182437202,-0.10784738165659347,-0.08086872831648204
17388.0,0.06695978816157527,0.08816342169490657,-0.11143720669871436,-0.06875046445736864
17400.0,0.11549898169551984,0.11713997715987677,-0.12608842180491858,-0.0654880326502847
17412.0,0.10405579947617456,0.10065009422248321,-0.14154819152097933,-0.05435452045286648
17424.0,0.08268998542856647,0.12753110043832014,-0.1156549296729351,-0.06733589421559322
17436.0,0.07234263151256168,0.10670466816805295,-0.11148860512219337,-0.04540446422207651
17448.0,0.07619039592081049,0.11961559774127452,-0.11843912440066812,-0.0617788387750205
17460.0,0.07074575046789892,0.1267958217078974,-0.11614533064813425,-0.055307395820082955
17472.0,0.09480478528447131,0.09873204262626634,-0.11193541984328541,-0.052491052959495646
17484.0,0.08128376297465566,0.10669291729517537,-0.12786115273530488,-0.05394934749993211
17496.0,0.07273229737968247,0.11058737674708076,-0.10973832564454795,-0.08998164692161746
17508.0,0.05551249926753482,0.1079020363529237,-0.1137803561820614,-0.09924019815989459
17520.0,0.08052588713607564,0.126758899793879,-0.12272027495512322,-0.06206217890460353
17532.0,0.06552113799944469,0.11052102703731927,-0.13947638426466652,-0.03538926893996669
17544.0,0.06632596465772216,0.09777101225524876,-0.11907121553913301,-0.06133101068357923
17556.0,0.06639716851077129,0.11317815794039587,-0.1113838791258678,-0.07421008038616544
17568.0,0.0855320025836594,0.11749754586476602,-0.11435083310438914,-0.04338260706316536
17580.0,0.061341368073772815,0.1348599056008009,-0.13175523097053327,-0.06768522892259028
17592.0,0.07374792962328819,0.13590929882005104,-0.11774822500735772,-0.04692559256654527
17604.0,0.07875075024983069,0.09343273521221132,-0.11021336182587924,-0.049054102078932495
17616.0,0.0519708608567393,0.09036155081882644,-0.12757051362437613,-0.05631937116963901
17628.0,0.08986923822874543,0.09708200208950642,-0.13263012226243295,-0.05066139158912862
17640.0,0.07862930902416411,0.10371309432441524,-0.11564503550688213,-0.08056922746824005
17652.0,0.05530366058593007,0.13091647318706887,-0.11759063842228323,-0.06125712506795691
17664.0,0.07099532464633113,0.07164387476668899,-0.1507800689339192,-0.05614922812783448
17676.0,0.06840570310980294,0.07893399566843856,-0.12443180398810016,-0.0622196141615268
17688.0,0.056719351481012044,0.1158750650678304,-0.1256424160432579,-0.052748321248932015
17700.0,0.08467951386452759,0.10139189185125713,-0.08550521258681813,-0.08296625441240614
17712.0,0.06530172361593875,0.11969515029007977,-0.11148394881162678,-0.07215454798999348
17724.0,0.05090276712102625,0.09534381547098164,-0.10550281111414377,-0.056219659165143335
17736.0,0.05698505993486884,0.08795111452031952,-0.12474039255913626,-0.0648489571679931
17748.0,0.05570959402499364,0.0999242843243806,-0.12270842046286654,-0.08279775776703793
17760.0,0.06532908438844556,0.136528343279697,-0.13183179906615475,-0.059242344271288966
17772.0,0.07327305853284288,0.11771183046046739,-0.09302630333086194,-0.07304545548913055
17784.0,0.03625884732387029,0.12629142909589,-0.12102978603913325,-0.05564761998590832
17796.0,0.042247188074930976,0.1135242502771002,-0.11793175209941388,-0.08841158775121635
17808.0,0.06114256071998893,0.10363788392463219,-0.12488637048714656,-0.04436656238490416
17820.0,0.041136821384216204,0.08052808649272906,-0.12414003375919977,-0.08638648969429993
17832.0,0.041368799986267864,0.0777124214582793,-0.12004724497563206,-0.0583371497629756
17844.0,0.05734610575442911,0.08419518409271175,-0.10400488185824272,-0.10059201507688874
17856.0,0.07975933565651397,0.0977292639621115,-0.106157547648879,-0.06834995666547866
17868.0,0.058521905112731,0.1350391331684684,-0.11834437051361597,-0.04790839944225049
17880.0,0.07224741702677148,0.09477142282051416,-0.12145803015152179,-0.10134061408552977
17892.0,0.05873618390117147,0.11516132079038251,-0.10824289276204298,-0.0840454465883447
17904.0,0.037664100966729654,0.056850917108518445,-0.1361958216077506,-0.09973921049579032
17916.0,0.023580079566775037,0.08769328131382376,-0.11456014358695496,-0.06492840801627776
17928.0,0.04697021830297164,0.10875280429807238,-0.10435043766332566,-0.08492442436868287
17940.0,0.04688338843018639,0.08202421656901054,-0.13427696523393295,-0.07197310148810293
17952.0,0.03413098050242874,0.07329125707538738,-0.12295094956130699,-0.07313199129768329
17964.0,0.05968599499090223,0.08386746286423241,-0.11219863118329902,-0.05536857445754338
17976.0,0.015919048125788135,0.07137153731850217,-0.10718874839804302,-0.09916509646068056
17988.0,0.009255915640204535,0.07179630098260911,-0.11717629450036929,-0.09961826822106865
18000.0,0.03348141825325681,0.10105796609720546,-0.11550556047096307,-0.09573939173664145
18012.0,0.015470465249531464,0.0428235784097698,-0.13104817401206692,-0.06371596469606561
18024.0,0.013386538231236589,0.07101778385185861,-0.11241507860993294,-0.0585702690628777
18036.0,0.0008489575762860302,0.0856996159494484,-0.12949196871885907,-0.06830788003360291
18048.0,0.015233764495593927,0.07575648706535466,-0.1433067372569627,-0.08483829476070724
18060.0,0.0441044661032351,0.06611200921601165,-0.09996806022604036,-0.06959950461152978
18072.0,0.006405826678432924,0.06606084078540309,-0.10434013985541454,-0.10345043731699896
18084.0,0.04574575821773473,0.06099684596603778,-0.11198542051563994,-0.07670687388926876
18096.0,0.02592444305266799,0.08251475260713312,-0.10714270952957736,-0.08125037261242618
18108.0,0.029254004662178805,0.06049204783027939,-0.09186389536056869,-0.06933024981812662
18120.0,-0.0002695919247914444,0.06945248213361699,-0.11043342953976376,-0.10633768117062761
18132.0,0.019456015783979624,0.05252893303569414,-0.12580943117207707,-0.08770694237108734
18144.0,0.002885042913819299,0.07039234483406016,-0.1234094701853709,-0.05035127037643214
18156.0,0.018075170354073782,0.0712551679406825,-0.1210925369821693,-0.1066903528604714
18168.0,0.036814256157656114,0.07097237170731807,-0.1274562646637129,-0.07994308262491316
18180.0,-0.003890730765549192,0.07249578612934612,-0.11553554094945985,-0.10535485591615745
18192.0,0.03561307601407494,0.04908222311701301,-0.109752618690341,-0.07684100892712332
18204.0,0.016863939104216647,0.035801977840585336,-0.11447633545561323,-0.057947466340126236
18216.0,-0.015625261292103343,0.07139086678292278,-0.10720380902571629,-0.07685624443911239
18228.0,0.005687186320098103,0.053372606483758245,-0.06730964805693357,-0.06547718035634577
18240.0,0.03104549492494449,0.04757827825946282,-0.08936073494512291,-0.08642567303475211
18252.0,-0.016237309709152575,0.04515033436642339,-0.09159032827170276,-0.09915518702524531
18264.0,0.012025745974792168,0.04619881065801704,-0.11505687664878655,-0.0976996984386877
18276.0,0.006709784758295346,0.006887449774579092,-0.10104440847676742,-0.07180868751290474
18288.0,-0.004249357919255738,0.07329141276774867,-0.0989473289026204,-0.07535366685234532
18300.0,-0.005828484430259749,0.06448420909295256,-0.1225533396416594,-0.057245401708134455
18312.0,-0.009235686168359014,0.037693824228538016,-0.09336700299678247,-0.08770425166276775
18324.0,-0.0138161379472909,0.045434472305056324,-0.11342979188558269,-0.07617521259751728
18336.0,-0.022966858325568846,0.05917165777783377,-0.10878492066239383,-0.10036284480881529
18348.0,-0.010810323490293205,0.0322895186121854,-0.07654734139230382,-0.07318801854058288
18360.0,0.007103899663284584,0.06603018663617276,-0.07412724767875005,-0.06592602181164037
18372.0,0.003704807807328566,0.04473827302024824,-0.10022908298175708,-0.09302222373300123
18384.0,0.005212264897976803,0.05213091056403029,-0.08010965713182193,-0.07436153248484129
18396.0,-0.017457484700643035,0.03958932777557062,-0.09092617616069805,-0.05533120733339624
18408.0,0.023173404036848706,0.023669527408461514,-0.06490362566218028,-0.05933999886456298
18420.0,0.019699844682143246,0.00704988465316898,-0.09182337710756139,-0.0751837709237379
18432.0,-0.0026046031242300555,0.027577329012501213,-0.08075334785252293,-0.09320834210589388
18444.0,-0.013599999406372212,0.015620665556751397,-0.10289121380519144,-0.06434473548184157
18456.0,0.0004680084325508708,0.02134423022223421,-0.08739467210693762,-0.09152179637976544
18468.0,0.01245150425540432,-0.0011638548419414668,-0.09491767049979839,-0.1037074476918684
18480.0,-0.0027666230883640324,0.0013864777060962861,-0.07833976564370268,-0.07473662971145774
18492.0,0.008338303044597487,-0.007963770144101073,-0.07885088520354315,-0.09301796542991041
18504.0,-0.0007628509327779198,0.031056364531028797,-0.06285966198448012,-0.09222578514149354
18516.0,-0.008984151491579181,0.005029491087255297,-0.09561312109527835,-0.07536850015921634
18528.0,-0.014278882673275836,0.04538875171641239,-0.09165806672515787,-0.05077577676933423
18540.0,-0.039527640382140086,0.031765765712244466,-0.10638369910620359,-0.10951984121906227
18552.0,-0.022557719058989113,0.02604543174949522,-0.08947922830560047,-0.08845406976004352
18564.0,-0.05245124192920107,-0.020034106436698364,-0.08382478545445182,-0.10290342671759965
18576.0,-0.0007490502687900781,0.009776391414774845,-0.06970460775478213,-0.09873262233008484
18588.0,-0.030550904224189303,0.005763547440414389,-0.05737344417999364,-0.0915430533556793
18600.0,-0.02807399707211798,0.022014452740674206,-0.09789582847514786,-0.05283833187199646
18612.0,-5.2075282591858285e-5,0.03812916006844477,-0.07751999305547269,-0.07334511381226529
18624.0,-0.027742060669367043,0.007839710440680062,-0.0663996930604951,-0.0920353745237834
18636.0,-0.034387514299362446,0.004879148816903559,-0.06370904546353338,-0.069385805761983
18648.0,-0.03639944690745851,0.005526865321570948,-0.08683860119784809,-0.06831618316453543
18660.0,-0.018753009168016106,0.011424567199248682,-0.06904477113328555,-0.08146924906248047
18672.0,0.0005955998540383596,-0.008713358731531461,-0.09402925085805604,-0.07750750069203127
18684.0,-0.014045024784375509,0.005716574615729882,-0.10235954359830311,-0.058911410467058174
18696.0,-0.024929662522549707,-0.007717558459895242,-0.0671347801406217,-0.08948814423166948
18708.0,-0.024601105007484327,0.01741678321061038,-0.07918274980076737,-0.08117996251479971
18720.0,-0.03134456776494538,-0.019624528311522747,-0.08407617507327025,-0.05866741064464898
18732.0,-0.04422936705207633,-0.024583564576623244,-0.06085602435849718,-0.06732538523116467
18744.0,-0.03216046425721804,-0.02303361358152527,-0.06910869338708116,-0.06793509403203134
18756.0,-0.02157001353813156,0.005793484278170152,-0.08119489780255222,-0.06493751062316239
18768.0,-0.025380786310443,-0.02857763246330071,-0.03974798883391473,-0.06555997141884067
18780.0,-0.048003961754894235,-0.009270459298798345,-0.0691945863147174,-0.07658832397486906
18792.0,-0.057778430026140526,-0.018099910955106924,-0.05425372137001935,-0.07017638870577705
18804.0,-0.05737691883815985,-0.015824185287656098,-0.06014292487665631,-0.05803489497196517
18816.0,-0.05131489569102402,-0.04981997599105226,-0.05996183102038667,-0.06906442368985681
18828.0,-0.07655347992948024,-0.01636824556365995,-0.05928814241476362,-0.06761778606655071
18840.0,-0.03513566170538373,-0.04745051206666889,-0.05975195503240443,-0.07175575060820659
18852.0,-0.07447058979970712,-0.03326566682286351,-0.0638773808552219,-0.05889154122186296
18864.0,-0.062321377806064795,-0.06398972755871887,-0.06436541511842442,-0.07844314049414537
18876.0,-0.05007683268653415,-0.027715124216393463,-0.05267902704417269,-0.07882975399895886
18888.0,-0.015626539542485274,-0.018722614044811386,-0.05359006518069875,-0.05213378321497234
18900.0,-0.04297050089485301,-0.02488860435502486,-0.03848218741596089,-0.04937047840694185
18912.0,-0.054655047005178266,-0.028739178251178277,-0.0647097501907536,-0.09823324160841568
18924.0,-0.04944819018344375,-0.01065470808108875,-0.05227936829855293,-0.06705406375719009
18936.0,-0.06313212149405359,-0.04394160941973687,-0.06611388621665547,-0.0719068027024935
18948.0,-0.03846993282472486,-0.06376707046443243,-0.05394871599564259,-0.07938232590990957
18960.0,-0.04627408246012114,-0.04976504167229897,-0.0422974939489551,-0.06533163647107766
18972.0,-0.018561047615383373,-0.06471820486277617,-0.049511633182142696,-0.08197380100181641
18984.0,-0.06791244167524942,-0.02203327893820479,-0.024546586081604597,-0.04056744794726588
18996.0,-0.052793725042262346,-0.04132860852665722,-0.055035624434729924,-0.07610442422920537
19008.0,-0.061731848703069594,-0.03639907241609103,-0.036712349963717215,-0.047791532437417954
19020.0,-0.06541454350425359,-0.07897130648915078,-0.06396553115277867,-0.05381278479184501
19032.0,-0.04204846478136986,-0.04285824972191017,-0.04532590023469783,-0.06937935516604246
19044.0,-0.07899909644362568,-0.0478433261305205,-0.045235673817169954,-0.02624146941539169
19056.0,-0.05344833523995836,-0.0541267238447776,-0.03840191323257094,-0.04600543551308521
19068.0,-0.09894401614397433,-0.04430391844407718,-0.030051569569916222,-0.05843222791348897
19080.0,-0.07439151397310001,-0.03603788360443878,-0.03974293644378966,-0.03239002382967893
19092.0,-0.05296119453764786,-0.06695392429901499,-0.034535868959874205,-0.06642142060132611
19104.0,-0.07635871834055363,-0.084239948353096,-0.016857645742272918,-0.04570922979955532
19116.0,-0.05331823338669349,-0.07780130075477239,-0.029798218725961872,-0.0421726180865283
19128.0,-0.05984275453289671,-0.07314691169079618,-0.013819977630018385,-0.03666281117102372
19140.0,-0.04736439289591103,-0.08555481014305297,-0.028474026290860613,-0.051744367148337994
19152.0,-0.05913759845332024,-0.04767892212829273,-0.0034008488519476007,-0.03370753430275991
19164.0,-0.06871622837246646,-0.04262866688478595,-0.0233635784640695,-0.027041799203192503
19176.0,-0.060191876736295905,-0.10842452971977942,-0.059885342864721594,-0.046943791532641395
19188.0,-0.06231333022970016,-0.07063942300618513,-0.004755816251490696,-0.058181139084480984
19200.0,-0.0749681235327,-0.09571740458446863,-0.017939933833989147,-0.06743051676976008
19212.0,-0.05284404751680212,-0.07769863396853273,-0.01105991046538845,-0.028354857080085186
19224.0,-0.04198075667506719,-0.08213824693270863,-0.014584715715047283,-0.05497767614713347
19236.0,-0.050722492907016255,-0.06404034775140598,-0.039998830814602246,-0.06121581428546789
19248.0,-0.08286979535923598,-0.07986972107700192,-0.024716504887678188,-0.07719651413401653
19260.0,-0.08615992462406953,-0.08512180844048492,-0.015050237659549662,-0.020192260647626362
19272.0,-0.08518833664113487,-0.07881597349824467,-0.0037763074363877675,-0.057987840433400696
19284.0,-0.09353276080663554,-0.10240104079647974,0.009654526447301286,-0.04060247912757795
19296.0,-0.08493423576948116,-0.1085570126646424,-0.012977560591484893,-0.06253416868043161
19308.0,-0.09521576486546597,-0.08705110037557201,-0.00483995229092479,-0.025633767379137275
19320.0,-0.07307672897645053,-0.08470404037708733,-0.012585421376833016,-0.038982517057624705
19332.0,-0.09126942843952644,-0.07701838407534842,0.006744700776357224,-0.040836472824177614
19344.0,-0.06901942715687696,-0.09201329909333414,0.0001989969608429164,-0.05145359658292779
19356.0,-0.09543199745509767,-0.09112419018655324,-0.013337463762059552,-0.02126492216312396
19368.0,-0.07227574571672923,-0.06882644568134838,0.007218701726807291,-0.04039727757385039
19380.0,-0.07717551933449533,-0.06532047363919619,0.013979971529735916,-0.04205173564840152
19392.0,-0.10404674662365763,-0.10884170304795485,-0.0026607133830873955,-0.059088884647144055
19404.0,-0.09356962269400548,-0.097463019213819,-0.03410219192298132,-0.033580920487974
19416.0,-0.07923113769915512,-0.0959691458376857,0.001370076564116793,-0.045544885856340284
19428.0,-0.094491633017732,-0.11164532659165519,-0.011819486499913937,-0.031548612968746614
19440.0,-0.08330797056047949,-0.09779753849425994,-0.0060516738091539075,-0.042004897383760204
19452.0,-0.080103911860888,-0.12233707445515066,-0.01133490635254979,-0.009064642937574013
19464.0,-0.11552089982375721,-0.07505367498552785,0.029769278502011262,-0.02316503352833233
19476.0,-0.08887141058004525,-0.11909772756153475,0.019475825198333824,-0.03765073688367589
19488.0,-0.07409881959034381,-0.09365136986853337,0.012335115609474728,-0.03770956288338613
19500.0,-0.09507194429373668,-0.11074878378615212,0.0095237016812254,-0.024722391990808907
19512.0,-0.10242953923901761,-0.12125827849100408,0.045494972646061616,-0.059417737724345235
19524.0,-0.07795898805252831,-0.0876941966277192,0.02423581627200684,-0.02699891210015168
19536.0,-0.07269599818478163,-0.09111221467257402,0.015606074796183117,-0.033076143776327185
19548.0,-0.07150247568262007,-0.12156360163229044,0.021723405966988477,-0.057207362334689
19560.0,-0.10013437256877378,-0.12382402674745044,0.016187757888851906,-0.04173902937380238
19572.0,-0.0814851273375461,-0.12505520054113972,0.0024526856784866,0.002568508407223693
19584.0,-0.08540298714337388,-0.10535613319722964,0.014149488316472295,-0.02045572478098883
19596.0,-0.08820418682572706,-0.13361812846609297,-0.0129163922249841,-0.0031353745701133903
19608.0,-0.06381216153243449,-0.1360323829872848,0.03271862702946299,0.0027648672676329304
19620.0,-0.10553372259435849,-0.10019468100421097,0.039756036374944806,-0.015471885352318287
19632.0,-0.0968533652353296,-0.12761240849008687,0.005661173494300641,-0.04766383075392348
19644.0,-0.08080960814306934,-0.10618593665581844,0.017298520150968246,-0.04058161964312336
19656.0,-0.10326244160246813,-0.12188642395527927,0.020546422167605178,-0.038784090249000806
19668.0,-0.09172679298962026,-0.11119292917427319,0.04470931636229973,-0.02365300766478751
19680.0,-0.10000725118167443,-0.11711795047952529,0.04089988405940124,-0.031781488800039864
19692.0,-0.07721902596911692,-0.12979931152344842,0.045215453893672354,-0.019846065845401356
19704.0,-0.08713396482191099,-0.14642724710165633,0.049206161484877234,-0.024579219010890795
19716.0,-0.08567158170150205,-0.15170536474514834,0.02554380989202719,-0.007877947764276994
19728.0,-0.07283238465163756,-0.16330513024958238,0.04125464044515943,-0.02352571165951313
19740.0,-0.10837961957588602,-0.10521966633635987,0.01777297007810888,-0.02274595592846487
19752.0,-0.08183124629949973,-0.12409044090872648,0.04546405875673738,-0.03191444357307078
19764.0,-0.09986062363233225,-0.10653102854962354,0.05473324042630119,0.001374490756334435
19776.0,-0.11400937688853208,-0.13937778532293257,0.029705298474934274,-0.033705478047089774
19788.0,-0.09674856914118066,-0.1268594377726444,0.05774710705034538,-0.00435830636910239
19800.0,-0.09112080170709841,-0.1536676063158863,0.050908476353920276,-0.006227266274184299
19812.0,-0.11760397098262396,-0.12361560117036625,0.009113384214624834,0.018944251322037437
19824.0,-0.0653764108387177,-0.13162240688463694,0.05539551519839213,-0.02621701801667598
19836.0,-0.09217929933770105,-0.11889841826658495,0.023608579271390408,-0.013204999579967895
19848.0,-0.08399743986596211,-0.14791895697989962,0.02631641175518301,-0.04130260369476049
19860.0,-0.11746104177951923,-0.14602204447563397,0.05780056169993184,0.0010743445893493728
19872.0,-0.08833662801201227,-0.14888521025024748,0.04059946377106743,-0.0069482579307604325
19884.0,-0.11368832636706862,-0.17168139626164738,0.03867576111194032,-0.0006053318542964363
19896.0,-0.08117410540621936,-0.14169074741319412,0.022261090734187434,-0.006277572960321008
19908.0,-0.08845458337014542,-0.15569566831447074,0.05203987429152002,-0.0256142956274642
19920.0,-0.09285706055891564,-0.15062552273219254,0.040005954077221545,-0.0008794453969248406
19932.0,-0.07180644732798147,-0.1441096057082858,0.07676869882262757,0.014736211580588991
19944.0,-0.09751704624296481,-0.13958180469763282,0.0054026783181533936,-0.01749863451457179
19956.0,-0.08222816434545216,-0.127645456735403,0.08283437116519952,-0.015236049870749134
19968.0,-0.09568813372333107,-0.16285661700770893,0.06863204949091771,0.010928241134106446
19980.0,-0.08744853684934821,-0.17263889728679283,0.04718271397709652,0.005321969699532334
19992.0,-0.07673963198962652,-0.145825657535266,0.06956196879110046,-0.0028949464074223973
20004.0,-0.08214948622510267,-0.1503072067089123,0.04478443557545516,-0.008674624115697548
20016.0,-0.11408456031958752,-0.1509142846089511,0.040206425438430254,0.005984037275051223
20028.0,-0.08997641674781283,-0.1834926257269714,0.05934896899828093,-0.00797947907374338
20040.0,-0.07929420468235931,-0.16743283286289024,0.06106780105429639,-0.008582807230214914
20052.0,-0.12171483521953526,-0.15955980814089551,0.054701536745550276,0.02121532535377049
20064.0,-0.08930589104983924,-0.17382237929650365,0.09614014987468075,0.0005316943885258065
20076.0,-0.08993230611073481,-0.17295585489918544,0.08180853135629013,0.008914026382372518
20088.0,-0.08643965860073305,-0.17230676704758555,0.05766829219919248,0.0014985059973366692
20100.0,-0.10892331825210268,-0.1544246172453757,0.06211451653424717,-0.006220769173997521
20112.0,-0.07259187936705971,-0.17512038605652214,0.05888763099958326,0.007431907744789794
20124.0,-0.10696699847638182,-0.1808698406563585,0.06394576601696583,-0.02997179489756093
20136.0,-0.09107601011382191,-0.12762388937049332,0.05648640595046688,0.0005735067672094766
20148.0,-0.08248822970548325,-0.17400540672152523,0.0644248701319063,-0.0063621842586922385
20160.0,-0.07755995742172862,-0.17404396904449115,0.06213852143388203,0.029865329328183834
20172.0,-0.0922506508801665,-0.17151290703407007,0.08004398828485576,0.013224217158509494
20184.0,-0.08027848891513654,-0.1554511396192302,0.06531359216178878,0.002756469034943246
20196.0,-0.07476879375759127,-0.15785121009447614,0.0670513697150401,0.01238961697889824
20208.0,-0.10515055876506132,-0.14280546845791053,0.08203469093962786,0.009456775420455678
20220.0,-0.10038702571665603,-0.1542807220020016,0.10130580756758208,0.031079532670149155
20232.0,-0.09025697221954353,-0.15533604051345345,0.04785380804226422,-0.012116779250814176
20244.0,-0.07430745632082356,-0.1522414526291461,0.060241043948599395,0.03007245400180821
20256.0,-0.08447341738682752,-0.16550931802376845,0.054100199028734794,0.003013688499472725
20268.0,-0.07472316134938717,-0.16658745101570782,0.059608338509067306,-0.01254544634647858
20280.0,-0.09903181222417666,-0.15415602721534638,0.07360403366065581,0.022599090130676472
20292.0,-0.10234697923758684,-0.14143679553642408,0.07063720559583624,0.01022643948211816
20304.0,-0.10946566363814855,-0.1627010033858387,0.087426500055255,-0.012591808401878284
20316.0,-0.08953908549804696,-0.1652520994175716,0.06743038092031363,-0.0037436444179958055
20328.0,-0.09393309751634599,-0.17453523490767198,0.09286190624681259,0.01820896092761925
20340.0,-0.09074520374433213,-0.175571944159717,0.08029932607868466,0.013167202707019304
20352.0,-0.09642914395296186,-0.13031762031093783,0.09629268948146981,0.03254443108599342
20364.0,-0.0830427740954819,-0.17512649742765768,0.09665100307317384,0.05657873539570623
20376.0,-0.12666178669125966,-0.14836800960728483,0.09215745901307448,-0.04077699881203081
20388.0,-0.09132820538595256,-0.15571910717393117,0.08381254431220495,0.04670046008333423
20400.0,-0.09094593945143943,-0.1549168927386297,0.08205612455980774,0.0022739887616081266
20412.0,-0.09750668609229246,-0.16356344300693196,0.05311397725629148,-0.00810584655220869
20424.0,-0.08227101257572124,-0.14880959229146612,0.0648245848309767,-0.00995679334490659
20436.0,-0.09951578469191272,-0.1735841771187021,0.08562095129344764,0.02324640818606678
20448.0,-0.05328585617170142,-0.1773832558761432,0.08347726874697442,0.0244145407845785
20460.0,-0.08392374163743711,-0.14610196114447657,0.07488592494730124,-0.00885725177706287
20472.0,-0.10020122395172093,-0.18455548333898888,0.09253446279329895,0.023382814989423517
20484.0,-0.07226583291232452,-0.1559982394493383,0.07157412105190981,0.006013053943052453
20496.0,-0.08388035389976528,-0.16909336999423172,0.07879664743722015,0.027082573359266844
20508.0,-0.06920180076429691,-0.15038490839267332,0.08411485332321639,-0.0012629386596944882
20520.0,-0.08242792364572457,-0.1654169577477891,0.09000743843904821,0.011286072002168496
20532.0,-0.08566356253568459,-0.14209396529158738,0.08685617597689622,0.038694984601439775
20544.0,-0.08742075365360802,-0.15860521047467432,0.0796694129473332,0.010593562358705746
20556.0,-0.07782864335347228,-0.18003318408765137,0.07728399893461677,0.010316178995720977
20568.0,-0.07134926880802508,-0.15520862824464468,0.0965608589641202,0.018017419036813916
20580.0,-0.0710970181336246,-0.19566148774915101,0.07955457515637351,0.012095447691420584
20592.0,-0.07048815031891488,-0.15395350785408518,0.10122079903202687,0.024254977042221487
20604.0,-0.09484127239886228,-0.1545253902614461,0.08522169553658025,0.01062609234095313
20616.0,-0.07102780814567422,-0.16141928405036093,0.10658856264256512,0.016997085147185332
20628.0,-0.060968189069215445,-0.1544087718386297,0.07361668219192834,-0.0077230651426997005
20640.0,-0.0678805345610149,-0.14908677286534558,0.08935298820065213,0.049721202080749996
20652.0,-0.07468104020760184,-0.15690944327715134,0.10369916880437208,0.04964318696468778
20664.0,-0.07235501601978198,-0.14552714993844865,0.05991560531426285,0.003018826372311748
20676.0,-0.06618141911931717,-0.14838936324654609,0.08542175135577273,0.030130641449642566
20688.0,-0.10057137633567427,-0.17597534691416739,0.09755712540354737,0.010298671093596149
20700.0,-0.08134195903507487,-0.16285583853282,0.10711564806102829,0.003931823529765302
20712.0,-0.1008875842165163,-0.1553158734965001,0.08870730834812546,0.009365185906051699
20724.0,-0.08108174741948991,-0.16056037059240433,0.08930269833222206,0.02149257066612907
20736.0,-0.11009716985563386,-0.15746004300347413,0.09176118319619259,0.010076694644199361
20748.0,-0.08221163816030151,-0.14270257094715366,0.10233202710561805,0.03237501543765455
20760.0,-0.0583131309991507,-0.13096573983760235,0.08237444599065426,0.007427594894535957
20772.0,-0.05907964627546737,-0.15828751747801517,0.09650304169176424,0.021681831051228034
20784.0,-0.0855666352682376,-0.16994088721714914,0.0956841032102069,0.025784062711191214
20796.0,-0.05666348101744808,-0.14043404845264953,0.05413958799582936,0.030108960391864975
20808.0,-0.08059984012788265,-0.15057488682986267,0.1242353366650748,0.011784926550247073
20820.0,-0.03869626929726426,-0.1757991296154232,0.09120227354581986,0.03497062936540707
20832.0,-0.09183774100461364,-0.15891450965663534,0.09392967049243617,-0.018016716576716323
20844.0,-0.051144255700751554,-0.17594194153409787,0.10294776220565871,0.007492380652385425
20856.0,-0.07485902278247208,-0.14745915793837508,0.11887892076277383,0.02602738961560544
20868.0,-0.06405492617751551,-0.12681517437923842,0.10051966745565781,0.00015961724750121822
20880.0,-0.09696102138660298,-0.15196083870007537,0.08351168642024584,0.033702661594458935
20892.0,-0.06604074860937097,-0.14015327648585796,0.07948483359504122,0.033520600632069325
20904.0,-0.051924022376697375,-0.1383857445679556,0.08329498875365901,0.013887922290550346
20916.0,-0.05633548018291889,-0.17826227910914988,0.09484229502040098,0.03661529196503037
20928.0,-0.07344627892684809,-0.14541617277415927,0.06743777655099388,0.05498443841176706
20940.0,-0.06468076698459456,-0.14883636132015346,0.07271165478117134,0.018303595602943614
20952.0,-0.07502301353759894,-0.15273304601889984,0.053431551307819874,0.018306650888323468
20964.0,-0.05188739983947039,-0.13711308421397922,0.11789445205906149,0.026778976612088935
20976.0,-0.06310005507923784,-0.18305063801261495,0.07908342461791028,0.020338561694273373
20988.0,-0.03780602062881913,-0.13700092496396235,0.06999799424675884,0.038014650850731434
21000.0,-0.051922992636596256,-0.155061041831206,0.07732760091627104,0.0010794085191999786
21012.0,-0.03526471234564481,-0.13721978303085824,0.07552162834410678,0.03093603680159042
21024.0,-0.06472238722850385,-0.16807177970780968,0.1021405493434148,0.001105229511934789
21036.0,-0.07541660653254315,-0.16263090644179293,0.07669038662221338,0.02865352617455401
21048.0,-0.04663220119882937,-0.150734481989222,0.06504727539473172,0.02082867570411792
21060.0,-0.046511060825668596,-0.15211275622643744,0.0849658805802432,0.005759480245631773
21072.0,-0.04855354738379272,-0.13896221132250833,0.06599924253882475,0.006947496826339499
21084.0,-0.05185237270270521,-0.10600845559066675,0.08524411934922048,0.03633583538105991
21096.0,-0.053978271667930566,-0.13785498915517838,0.05935771802329718,0.0071822717598548575
21108.0,-0.061092248418024596,-0.1283192395640766,0.08264371538580033,0.048851917790532794
21120.0,-0.030598041200366487,-0.1363547397817621,0.089951430306405,0.01379978512722883
21132.0,-0.050805711417870394,-0.1274556767591631,0.10880276574190788,0.017600993864747342
21144.0,-0.06592320111849179,-0.13906591786513559,0.09740079009079194,0.049381426008625384
21156.0,-0.03812149077545171,-0.12897882615839254,0.09158484325747548,0.02823056567710639
21168.0,-0.025499788900090314,-0.13158833979777335,0.06568501235806784,0.029427563205099698
21180.0,-0.020169214095703925,-0.15164950474005312,0.08462982612179032,0.014030836892283852
21192.0,-0.02345626870903463,-0.14285589425979706,0.07578122842584915,0.0035695211073547015
21204.0,-0.038288253210223555,-0.1484207852097439,0.05553342277423245,0.019540009024029435
21216.0,-0.06695747139067185,-0.1286944284890249,0.044389895039102054,-0.006648901729936265
21228.0,-0.038191712991142546,-0.1321165000195393,0.07261618031300004,0.0054458971151989215
21240.0,-0.033828349763885386,-0.12730331054530425,0.0730638946839775,0.017491331169663386
21252.0,-0.036495612174194426,-0.12061716431965425,0.049706664966965644,0.009269928577863018
21264.0,-0.061654691974675324,-0.12321131736496466,0.08286177941815254,0.010815098635796345
21276.0,-0.04528372027991254,-0.10189127386429445,0.06132775542300703,0.004530417501875753
21288.0,-0.034519081930848364,-0.12081367934517152,0.07990731463595364,0.016751636310047502
21300.0,-0.03716082661075843,-0.1134365209058783,0.061977686347822775,0.020838801009156437
21312.0,-0.033666496066807085,-0.1090482924347828,0.06855611111407472,0.0025123628531655623
21324.0,-0.05352111473173049,-0.13106916963559617,0.0818197701147739,-0.002329078489560478
21336.0,-0.03986275079601136,-0.10587864924699272,0.05505705924688685,0.023079426208175522
21348.0,-0.027882368490882922,-0.12787938066912266,0.06478120943198765,-0.0027552990624022562
21360.0,-0.024712571077104457,-0.11155124547772974,0.06368309339105614,0.0064636547093789645
21372.0,-0.04500671066825973,-0.07953636964786498,0.06674557028150284,0.004771770081083013
21384.0,-0.011990139241283924,-0.1273895840456451,0.059026191199506896,0.011328952578879621
21396.0,-0.05039796261017085,-0.10868773206038251,0.060985933602860816,0.001045511870878979
21408.0,-0.008361143265534662,-0.11242870136589787,0.08529482645677545,0.03936067475534135
21420.0,-0.03909579518498701,-0.10639164722307036,0.037516108336661746,0.0040833870283934065
21432.0,-0.028287941528870736,-0.0748109359023102,0.05935427216947464,-0.009549432706496469
21444.0,-0.04676588637793439,-0.11675225768445488,0.055510927138927545,0.019683895532211667
21456.0,-0.039308440585976455,-0.11846560491513494,0.07200692200029206,-0.005943082020003859
21468.0,-0.022602346226157796,-0.08776334649860136,0.0445332207978685,0.0035707361822533545
21480.0,-0.03194599933752284,-0.11057363598288485,0.04565508012141658,0.006665518491909253
21492.0,-0.0412811171198472,-0.11611006323648194,0.04306536809444561,0.016397405750841827
21504.0,-0.024277846935157638,-0.07565456363286155,0.03970478101125838,-0.01213765842483548
21516.0,-0.023024315925626215,-0.11258094406205421,0.05067887473260345,-0.02154451801331219
21528.0,-0.026004395401583103,-0.11089225031486624,0.05190962406355877,0.004134360701110887
21540.0,-0.04081815753266513,-0.1005491897820708,0.07090350121824017,-0.007091899904726161
21552.0,-0.034678409631773516,-0.10549681063137346,0.07887990468551832,-0.013215617156392419
21564.0,0.0005399425392795913,-0.06959236244591811,0.02666880978736366,0.0009079100286386709
21576.0,-0.03755450524093531,-0.0808470035008777,0.06442753138787592,-0.009812518215737658
21588.0,-0.025107440969851458,-0.10173269803305267,0.038862729595518924,0.011983146157260212
21600.0,-0.02532656024661281,-0.08893556039265244,0.058012983370153544,-0.007051953236865145
