t,G1_pred,G2_pred,G3_pred,G4_pred
0.0,0.0,0.0,0.0,0.0
12.0,0.0,0.0,0.0,0.0
24.0,0.0,0.0,0.0,0.0
36.0,0.0,0.0,0.0,0.0
48.0,0.0,0.0,0.0,0.0
60.0,0.0,0.0,0.0,0.0
72.0,0.0,0.0,0.0,0.0
84.0,0.0,0.0,0.0,0.0
96.0,0.0,0.0,0.0,0.0
108.0,0.0,0.0,0.0,0.0
120.0,0.0,0.0,0.0,0.0
132.0,0.0,0.0,0.0,0.0
144.0,0.0,0.0,0.0,0.0
156.0,0.0,0.0,0.0,0.0
168.0,0.0,0.0,0.0,0.0
180.0,0.0,0.0,0.0,0.0
192.0,0.0,0.0,0.0,0.0
204.0,0.0,0.0,0.0,0.0
216.0,0.0,0.0,0.0,0.0
228.0,0.0,0.0,0.0,0.0
240.0,0.0,0.0,0.0,0.0
252.0,0.0,0.0,0.0,0.0
264.0,0.0,0.0,0.0,0.0
276.0,0.0,0.0,0.0,0.0
288.0,0.0,0.0,0.0,0.0
300.0,0.0,0.0,0.0,0.0
312.0,0.0,0.0,0.0,0.0
324.0,0.0,0.0,0.0,0.0
336.0,0.0,0.0,0.0,0.0
348.0,0.0,0.0,0.0,0.0
360.0,0.0,0.0,0.0,0.0
372.0,0.0,0.0,0.0,0.0
384.0,0.0,0.0,0.0,0.0
396.0,0.0,0.0,0.0,0.0
408.0,0.0,0.0,0.0,0.0
420.0,0.0,0.0,0.0,0.0
432.0,0.0,0.0,0.0,0.0
444.0,0.0,0.0,0.0,0.0
456.0,0.0,0.0,0.0,0.0
468.0,0.0,0.0,0.0,0.0
480.0,0.0,0.0,0.0,0.0
492.0,0.0,0.0,0.0,0.0
504.0,0.0,0.0,0.0,0.0
516.0,0.0,0.0,0.0,0.0
528.0,0.0,0.0,0.0,0.0
540.0,0.0,-1.7867313097260615e-58,0.0,0.0
552.0,-1.292712586400226e-61,-1.4854960688850237e-56,0.0,0.0
564.0,-1.1111215111452544e-59,-6.232710064579555e-55,0.0,0.0
576.0,-4.819787212226478e-58,-1.7593878424127326e-53,0.0,0.0
588.0,-1.4066593409512834e-56,-3.758603187013601e-52,0.0,0.0
600.0,-3.107045544332177e-55,-6.481117010015119e-51,0.0,0.0
612.0,-5.53967115560687e-54,-9.395309520344415e-50,0.0,0.0
624.0,-8.303842772375231e-53,-1.1775957227105079e-48,0.0,0.0
636.0,-1.076268772849514e-51,-1.3026047656141086e-47,0.0,0.0
648.0,-1.2311695890524207e-50,-1.2916753486522879e-46,0.0,0.0
660.0,-1.262597827644654e-49,-1.1624327110843453e-45,0.0,0.0
672.0,-1.1752038011824675e-48,-9.589062748592402e-45,0.0,0.0
684.0,-1.0027297832366559e-47,-7.310359149633235e-44,0.0,0.0
696.0,-7.907495235183483e-47,-5.1860772565182646e-43,0.0,0.0
708.0,-5.803140723475992e-46,-3.4435964308227105e-42,0.0,0.0
720.0,-3.986511153742801e-45,-2.1509911698847604e-41,0.0,0.0
732.0,-2.5763801650063837e-44,-1.2694395943075582e-40,0.0,0.0
744.0,-1.573291233885925e-43,-7.105463965212655e-40,0.0,0.0
756.0,-9.112795692923511e-43,-3.784827434425797e-39,0.0,0.0
768.0,-5.0234821019724614e-42,-1.9243189471035733e-38,0.0,0.0
780.0,-2.6434675405010356e-41,-9.363804783747746e-38,0.0,0.0
792.0,-1.3314567036384541e-40,-4.371414829762998e-37,0.0,0.0
804.0,-6.4345048793943196e-40,-1.962165283299009e-36,0.0,0.0
816.0,-2.990120913341343e-39,-8.485071778733866e-36,-1.961435598872609e-78,0.0
828.0,-1.3387865080060284e-38,-3.54134653142548e-35,-2.4100957431560475e-76,0.0
840.0,-5.785893024883029e-38,-1.428875525453785e-34,-1.4894582938097455e-74,0.0
852.0,-2.4176140210604155e-37,-5.582065166941831e-34,-6.172665289615953e-73,0.0
864.0,-9.781903375105267e-37,-2.114362616574661e-33,-1.9297367133986993e-71,0.0
876.0,-3.8378676296210725e-36,-7.775197272578396e-33,-4.854130731078416e-70,0.0
888.0,-1.4620121264472404e-35,-2.7791548227836304e-32,-1.0233411185063206e-68,0.0
900.0,-5.414135595789332e-35,-9.666480624270754e-32,-1.8596806704256535e-67,0.0
912.0,-1.951237695688573e-34,-3.275140293121502e-31,-2.973715686825121e-66,0.0
924.0,-6.850881405816047e-34,-1.0819786980301902e-30,-4.250329516980431e-65,0.0
936.0,-2.3456331579298554e-33,-3.4884206489461214e-30,-5.4977210555009e-64,0.0
948.0,-7.83873337987167e-33,-1.098574508794735e-29,-6.500168729529026e-63,0.0
960.0,-2.5590204855782953e-32,-3.3819504777641493e-29,-7.083254566009088e-62,0.0
972.0,-8.167533571739395e-32,-1.0185159402741245e-28,-7.163320805495301e-61,0.0
984.0,-2.5504914973555014e-31,-3.0028807494206697e-28,-6.762815407738421e-60,0.0
996.0,-7.797943819312301e-31,-8.672960554035906e-28,-5.9906613561454266e-59,0.0
1008.0,-2.335875107618832e-30,-2.455438056481288e-27,-5.001173307043227e-58,0.0
1020.0,-6.859719857563344e-30,-6.818383037585706e-27,-3.9500285843009934e-57,0.0
1032.0,-1.9761026736781823e-29,-1.8581012744367542e-26,-2.961739531511455e-56,0.0
1044.0,-5.587331068581855e-29,-4.971930201016691e-26,-2.1146388719689363e-55,0.0
1056.0,-1.5514000153225625e-28,-1.3069790527637903e-25,-1.4416344173396355e-54,0.0
1068.0,-4.232418400632026e-28,-3.376832775539095e-25,-9.407475730638117e-54,0.0
1080.0,-1.1350337977840242e-27,-8.579203643438186e-25,-5.88923075132635e-53,0.0
1092.0,-2.9935338841728172e-27,-2.144226033526297e-24,-3.5439901909084906e-52,0.0
1104.0,-7.767925139057114e-27,-5.274254914370549e-24,-2.0539014775901484e-51,0.0
1116.0,-1.9840506872302735e-26,-1.2772947677011133e-23,-1.1483059396120393e-50,0.0
1128.0,-4.989999305025446e-26,-3.046669519525462e-23,-6.20304940672123e-50,0.0
1140.0,-1.2362706001562097e-25,-7.160134947933898e-23,-3.2422677753854962e-49,0.0
1152.0,-3.018213741437787e-25,-1.658552876604337e-22,-1.641981687280114e-48,0.0
1164.0,-7.2637528871985215e-25,-3.787859588336026e-22,-8.066806183486565e-48,0.0
1176.0,-1.7238185422053426e-24,-8.53204210635974e-22,-3.8490139277691954e-47,-1.265294847929119e-122
1188.0,-4.035340699618744e-24,-1.8960033979955025e-21,-1.7855779544305615e-46,-2.287204050454462e-120
1200.0,-9.320948380080862e-24,-4.157950329907983e-21,-8.0616888941307e-46,-2.0760781049191096e-118
1212.0,-2.12499997266909e-23,-9.00109895126193e-21,-3.5456827074934873e-45,-1.2616408212066553e-116
1224.0,-4.782988267564878e-23,-1.9239998070185343e-20,-1.5204910000902713e-44,-5.774609271996834e-115
1236.0,-1.0631611742522737e-22,-4.0618176614980683e-20,-6.36265722376792e-44,-2.123352869186944e-113
1248.0,-2.3343803946043397e-22,-8.471300839308089e-20,-2.600179827428075e-43,-6.533598807884034e-112
1260.0,-5.064375640097273e-22,-1.745815608395342e-19,-1.0384811474390726e-42,-1.7303632872075395e-110
1272.0,-1.0858427676900405e-21,-3.556032091192055e-19,-4.0562681731206816e-42,-4.0264375666634836e-109
1284.0,-2.3014198827288956e-21,-7.16058971473221e-19,-1.5505064853420117e-41,-8.3624298874815e-108
1296.0,-4.822921068852129e-21,-1.4257423094529114e-18,-5.803772192330795e-41,-1.5694827850671196e-106
1308.0,-9.995484504325034e-21,-2.8075817914142997e-18,-2.1285994266157163e-40,-2.688733433702729e-105
1320.0,-2.049121374293925e-20,-5.469023476020897e-18,-7.653645381953282e-40,-4.239357656809887e-104
1332.0,-4.15613130239672e-20,-1.0540398090782847e-17,-2.6993891042629247e-39,-6.194837369004322e-103
1344.0,-8.341673856748999e-20,-2.0102733119272072e-17,-9.343425706208935e-39,-8.439268206211652e-102
1356.0,-1.6570717501514887e-19,-3.794742922015373e-17,-3.17541544057299e-38,-1.0772991448249901e-100
1368.0,-3.258612143903095e-19,-7.091114007894382e-17,-1.06010590599413e-37,-1.2943425770689693e-99
1380.0,-6.344593360882242e-19,-1.3119722543848838e-16,-3.4781125498802256e-37,-1.4693785084733562e-98
1392.0,-1.2232880388069593e-18,-2.4037193514183526e-16,-1.1219319771305272e-36,-1.5815591557765062e-97
1404.0,-2.3360341551487787e-18,-4.3617461258262594e-16,-3.5595308847661585e-36,-1.6189652174481003e-96
1416.0,-4.419006425591563e-18,-7.840088175410677e-16,-1.1111933888919752e-35,-1.5804662504921258e-95
1428.0,-8.281945786174739e-18,-1.3961426711740346e-15,-3.4144236042702317e-35,-1.4750486874079657e-94
1440.0,-1.5380402752848404e-17,-2.46348154092232e-15,-1.0330695980792014e-34,-1.3190996310911104e-93
1452.0,-2.8307004507887516e-17,-4.307645410110725e-15,-3.078743266054661e-34,-1.1326299759237127e-92
1464.0,-5.163835848366144e-17,-7.465524827262474e-15,-9.040458166751992e-34,-9.355142537380091e-92
1476.0,-9.338193658629303e-17,-1.28252959548147e-14,-2.616472904790171e-33,-7.445782366606219e-91
1488.0,-1.674260985538422e-16,-2.1843202463354927e-14,-7.465885899927137e-33,-5.71945140601003e-90
1500.0,-2.9765248530255957e-16,-3.6885925663198546e-14,-2.1009282594587736e-32,-4.246358222056307e-89
1512.0,-5.247791786201312e-16,-6.176643929374599e-14,-5.832121734259881e-32,-3.051297223301861e-88
1524.0,-9.176509694524424e-16,-1.025752302077214e-13,-1.5975101841393587e-31,-2.124729624758685e-87
1536.0,-1.5917100744785905e-15,-1.6895832877245812e-13,-4.318911734503244e-31,-1.435430711688096e-86
1548.0,-2.738962902347767e-15,-2.760651670944209e-13,-1.1527271967071507e-30,-9.418776809017834e-86
1560.0,-4.676198797377457e-15,-4.4749163537445595e-13,-3.0381155542805732e-30,-6.008751026834998e-85
1572.0,-7.9219479909675e-15,-7.196886414522687e-13,-7.90875127249998e-30,-3.730502246744356e-84
1584.0,-1.3318322461590726e-14,-1.1485097028919128e-12,-2.0339218876159864e-29,-2.2559760759919087e-83
1596.0,-2.2222385590925713e-14,-1.8188532593995667e-12,-5.168646743718263e-29,-1.3300053604933832e-82
1608.0,-3.680436838293774e-14,-2.8587432799111913e-12,-1.2981532979596456e-28,-7.650160235132372e-82
1620.0,-6.050877837004158e-14,-4.4597196769207454e-12,-3.223064083381589e-28,-4.29648265210602e-81
1632.0,-9.87618963766173e-14,-6.906121405342734e-12,-7.912069707027106e-28,-2.357709650776041e-80
1644.0,-1.6004905346472664e-13,-1.0616793949871884e-11,-1.920751014648995e-27,-1.2650136821404523e-79
1656.0,-2.575425924979478e-13,-1.620400549889384e-11,-4.612015725835346e-27,-6.640572344990724e-79
1668.0,-4.1154364157409753e-13,-2.4555992518546017e-11,-1.0955334034114708e-26,-3.4125961221929934e-78
1680.0,-6.531174138344212e-13,-3.6951670645846215e-11,-2.5748359311739215e-26,-1.7178452720782778e-77
1692.0,-1.0294657099125294e-12,-5.5218751310073603e-11,-5.988722763206159e-26,-8.475035870960687e-77
1704.0,-1.611809001581485e-12,-8.194992404473617e-11,-1.3786338653116897e-25,-4.10000809265334e-76
1716.0,-2.5068668742295572e-12,-1.2079603866097975e-10,-3.141673034640087e-25,-1.9459441391436733e-75
1728.0,-3.873459748987058e-12,-1.7686050060560597e-10,-7.0881922542895455e-25,-9.065369815507541e-75
1740.0,-5.946345626593632e-12,-2.5722553266599266e-10,-1.5835640013997783e-24,-4.147133636440202e-74
1752.0,-9.070203024389878e-12,-3.716487100482871e-10,-3.503665483438721e-24,-1.8638336331930022e-73
1764.0,-1.3747738669228133e-11,-5.334773837158709e-10,-7.678138564694235e-24,-8.23273388545226e-73
1776.0,-2.0707315370902316e-11,-7.608393808486498e-10,-1.6668372437426257e-23,-3.5754645637161937e-72
1788.0,-3.099736047984485e-11,-1.078180777311487e-9,-3.58500959493059e-23,-1.5273511126320778e-71
1800.0,-4.611724936524989e-11,-1.5182355726084574e-9,-7.640145281280209e-23,-6.4198243705245924e-71
1812.0,-6.819750783488965e-11,-2.124527665992522e-9,-1.6135401817634925e-22,-2.656065630969647e-70
1824.0,-1.0024621721013224e-10,-2.9545224125300837e-9,-3.3773494677829685e-22,-1.0820153932006058e-69
1836.0,-1.464836417009586e-10,-4.08356285414916e-9,-7.007126564380594e-22,-4.3415921699140197e-69
1848.0,-2.1279356828213853e-10,-5.609743909918017e-9,-1.4411856735178392e-21,-1.71641464737449e-68
1860.0,-3.073279259465158e-10,-7.659895591057217e-9,-2.9387511580412377e-21,-6.687820684125559e-68
1872.0,-4.413112369506929e-10,-1.0396862654491161e-8,-5.9417468913462604e-21,-2.5689940842072448e-67
1884.0,-6.301036777178614e-10,-1.4028281736696846e-8,-1.191291938748767e-20,-9.731504744248647e-67
1896.0,-8.945963414262497e-10,-1.8817066360893564e-8,-2.3687432695972208e-20,-3.636246767901681e-66
1908.0,-1.2630300559573183e-9,-2.5093813469790945e-8,-4.6714889102367765e-20,-1.3405935385899691e-65
1920.0,-1.773350168777288e-9,-3.327134025926989e-8,-9.138413814683354e-20,-4.87777107256977e-65
1932.0,-2.4762343814284213e-9,-4.386154485915775e-8,-1.7733888816319302e-19,-1.751994067570757e-64
1944.0,-3.4389592556212552e-9,-5.7494756522059984e-8,-3.4142333155617185e-19,-6.213462337241775e-64
1956.0,-4.750303576044279e-9,-7.494169816628387e-8,-6.521924756647345e-19,-2.1763266507616722e-63
1968.0,-6.526723352734366e-9,-9.713812428054398e-8,-1.2361979722704905e-18,-7.530090920036937e-63
1980.0,-8.920073690866085e-9,-1.2521211860481927e-7,-2.325226133705527e-18,-2.5742777415208132e-62
1992.0,-1.2127196602091117e-8,-1.6051393749402782e-7,-4.340518178289237e-18,-8.697211440671506e-62
2004.0,-1.640174030771028e-8,-2.0464816609249477e-7,-8.041749006272856e-18,-2.9044354164058662e-61
2016.0,-2.2068623522759194e-8,-2.5950781608406653e-7,-1.4788509548543152e-17,-9.58926790539767e-61
2028.0,-2.9541605977246413e-8,-3.273098378001455e-7,-2.6995710249139046e-17,-3.1306436293632583e-60
2040.0,-3.9344471857323107e-8,-4.106313493210932e-7,-4.8920647022977335e-17,-1.0108489199836444e-59
2052.0,-5.2136373172825904e-8,-5.124457060075688e-7,-8.80129287597135e-17,-3.228649909358713e-59
2064.0,-6.874191187997288e-8,-6.361573525146418e-7,-1.5721230226852506e-16,-1.0202654002769114e-58
2076.0,-9.018655885490155e-8,-7.856342243997544e-7,-2.7883062225438813e-16,-3.190333806904946e-58
2088.0,-1.1773800982805769e-7,-9.652363082098229e-7,-4.910611864222314e-16,-9.873271118842998e-58
2100.0,-1.5295405786484232e-7,-1.1798388390939896e-6,-8.588127577866295e-16,-3.024525129372837e-57
2112.0,-1.977375131433428e-7,-1.4348485262019435e-6,-1.4916086070953913e-15,-9.172587353203905e-57
2124.0,-2.54398617543406e-7,-1.7362111614898082e-6,-2.572940973495255e-15,-2.7544223960228693e-56
2136.0,-3.2572527774032396e-7,-2.090408999875093e-6,-4.408061262134663e-15,-8.191001299207256e-56
2148.0,-4.1506127012064593e-7,-2.504446409620881e-6,-7.50121947142111e-15,-2.4125330503870978e-55
2160.0,-5.263923485252713e-7,-2.985822490933478e-6,-1.267959770117748e-14,-7.038819005281503e-55
2172.0,-6.644399072307647e-7,-3.542489654425578e-6,-2.1290734535051482e-14,-2.0345831029594414e-54
2184.0,-8.347615139070877e-7,-4.182797541543984e-6,-3.5514763871349413e-14,-5.827167845723115e-54
2196.0,-1.043857229852494e-6,-4.915422153355215e-6,-5.885471018339689e-14,-1.653872307381815e-53
2208.0,-1.299280179619371e-6,-5.7492806233353936e-6,-9.690089179531465e-14,-4.652252389975432e-53
2220.0,-1.6097493245160637e-6,-6.693432708612551e-6,-1.5851420665697448e-13,-1.297162968307172e-52
2232.0,-1.9852618435549405e-6,-7.756970760296345e-6,-2.576448528709144e-13,-3.585482677356372e-52
2244.0,-2.4372019446965935e-6,-8.948900638368097e-6,-4.1610793075690347e-13,-9.825917132489312e-52
2256.0,-2.9784423368682553e-6,-1.0278016725450512e-5,-6.67789427819988e-13,-2.670055557764374e-51
2268.0,-3.6234340122075472e-6,-1.1752774827263699e-5,-1.0649747149121757e-12,-7.195109452865669e-51
2280.0,-4.38827944607283e-6,-1.3381167283322158e-5,-1.687803452089032e-12,-1.922965323001258e-50
2292.0,-5.290783851764076e-6,-1.517060500625601e-5,-2.658295719723013e-12,-5.097630778913306e-50
2304.0,-6.350478763546354e-6,-1.7127811380708003e-5,-4.16101253357998e-12,-1.3405192239911055e-49
2316.0,-7.58861200407939e-6,-1.925873294650953e-5,-6.473273718509192e-12,-3.497271135181887e-49
2328.0,-9.028098060593405e-6,-2.1568471537092654e-5,-1.0009041422151026e-11,-9.052738821900346e-49
2340.0,-1.0693423087394265e-5,-2.4061242025075717e-5,-1.538219728329774e-11,-2.325235724860185e-48
2352.0,-1.2610499207044052e-5,-2.6740359038540623e-5,-2.3497134947141744e-11,-5.926949604359186e-48
2364.0,-1.4806463530104247e-5,-2.9608254965427553e-5,-3.567753361641382e-11,-1.499383651288756e-47
2376.0,-1.7309418376943546e-5,-3.26665302887149e-5,-5.384809253198279e-11,-3.76487668420946e-47
2388.0,-2.0148110577329666e-5,-3.591603583833726e-5,-8.078916073973125e-11,-9.383902703675652e-47
2400.0,-2.3351549443355936e-5,-3.935698497077357e-5,-1.2049091747282271e-10,-2.321926534369193e-46
2412.0,-2.6948565041671913e-5,-4.2989092072446257e-5,-1.7864243296883397e-10,-5.704037502212624e-46
2424.0,-3.096731069683689e-5,-4.681173221855004e-5,-2.633020172148773e-10,-1.3913009868037411e-45
2436.0,-3.5434716184158744e-5,-5.082411540157424e-5,-3.858092549838876e-10,-3.3697663342548254e-45
2448.0,-4.0375900742697896e-5,-5.502546757163684e-5,-5.620165915036078e-10,-8.104997241802327e-45
2460.0,-4.58135577625432e-5,-5.9415209896477646e-5,-8.139398710808982e-10,-1.9360387780074926e-44
2472.0,-5.17673256622445e-5,-6.399312723293543e-5,-1.171953444803162e-9,-4.593210438911666e-44
2484.0,-5.825316194452742e-5,-6.875951686518606e-5,-1.6776869216542549e-9,-1.0824107301451878e-43
2496.0,-6.528273956244433e-5,-7.371530914377116e-5,-2.387817814172291e-9,-2.533803778744334e-43
2508.0,-7.286288640014619e-5,-7.886215275881362e-5,-3.3789975257326778e-9,-5.892370833429207e-43
2520.0,-8.099508973049711e-5,-8.420245897216662e-5,-4.7541973674087406e-9,-1.3613625608446566e-42
2532.0,-8.967508782347946e-5,-8.973940115270233e-5,-6.650816204437886e-9,-3.1250287214279823e-42
2544.0,-9.889257033067546e-5,-9.547686830857424e-5,-9.250950995003709e-9,-7.127873064992543e-42
2556.0,-0.00010863100757503089,-0.00010141937386192585,-1.279429426247798e-8,-1.615549691751853e-41
2568.0,-0.00011886762638017032,-0.00010757192351328835,-1.759418590615351e-8,-3.638842323992639e-41
2580.0,-0.00012957354657161424,-0.00011393984852814675,-2.4057407094192263e-8,-8.145472869090166e-41
2592.0,-0.00014071408781481825,-0.00012052861297631677,-3.270835643121815e-8,-1.81220190572776e-40
2604.0,-0.00015224925111733347,-0.0001273436052036825,-4.421828689018009e-8,-4.007381050145432e-40
2616.0,-0.0001641343732654189,-0.00013438992497438,-5.944029839979629e-8,-8.808552247477014e-40
2628.0,-0.00017632094589410192,-0.00014167217818183303,-7.945076626046057e-8,-1.924703526401256e-39
2640.0,-0.00018875758405833992,-0.0001491942907252675,-1.0559782914231425e-7,-4.180841131591746e-39
2652.0,-0.00020139112237703747,-0.00015695935207264382,-1.3955745064737995e-7,-9.028771155660162e-39
2664.0,-0.00021416781038600407,-0.00016496949722631023,-1.8339739305216323e-7,-1.9385766412107925e-38
2676.0,-0.0002270345729997183,-0.00017322583337632823,-2.3964918876995456e-7,-4.138570982496738e-38
2688.0,-0.00023994029728113218,-0.0001817284146238151,-3.1138785325411685e-7,-8.785252940875036e-38
2700.0,-0.0002528371033674565,-0.00019047626498274367,-4.0231864379247753e-7,-1.8544599927276235e-37
2712.0,-0.0002656815556692081,-0.00019946744665485597,-5.168696269986333e-7,-3.892803701441586e-37
2724.0,-0.00027843577055895855,-0.00020869916756487695,-6.602881743426773e-7,-8.126648600396896e-37
2736.0,-0.00029106837882440995,-0.0002181679195838549,-8.387387676194023e-7,-1.6872759365658286e-36
2748.0,-0.00030355530521207334,-0.00022786963697432665,-1.059398681768097e-6,-3.48423737426312e-36
2760.0,-0.00031588033336226606,-0.00023779986353483263,-1.3305472486507744e-6,-7.15644458348027e-36
2772.0,-0.0003280354321527565,-0.00024795391681401737,-1.6616435320759838e-6,-1.462094518196991e-35
2784.0,-0.00034002082863824175,-0.0002583270386418813,-2.0633864141628265e-6,-2.9714087165784486e-35
2796.0,-0.00035184482300727656,-0.0002689145230403787,-2.5477503714317124e-6,-6.007282409355359e-35
2808.0,-0.00036352335180451844,-0.00027971181519590175,-3.1279896826411595e-6,-1.2082087683720271e-34
2820.0,-0.00037507931654963476,-0.00029071457839252286,-3.818603545152075e-6,-2.417538678735922e-34
2832.0,-0.00038654170525662904,-0.0003019187293427908,-4.635254673109434e-6,-4.812727872211315e-34
2844.0,-0.000397944543649031,-0.00031332044589357517,-5.59463449869417e-6,-9.532662218289727e-34
2856.0,-0.0004093257205413274,-0.0003249161542903951,-6.714269178573164e-6,-1.8787128890596935e-33
2868.0,-0.000420725737447983,-0.0003367025057279516,-8.012262285921722e-6,-3.684240081939448e-33
2880.0,-0.0004321864356231911,-0.00034867635351146345,-9.506972381708793e-6,-7.18942932779175e-33
2892.0,-0.000443749754192376,-0.00036083474258741076,-1.1216626608088527e-5,-1.396102494341225e-32
2904.0,-0.0004554565707278218,-0.00037317492235308664,-1.3158874985821758e-5,-2.697948729906435e-32
2916.0,-0.00046734567062768027,-0.00038569439151477195,-1.5350294125760653e-5,-5.188722283515396e-32
2928.0,-0.0004794528842288241,-0.0003983909804493842,-1.780585341998447e-5,-9.931482310430676e-32
2940.0,-0.00049181042112579,-0.00041126297226967235,-2.0538361237043234e-5,-1.8919555755450573e-31
2952.0,-0.0005044464202232265,-0.0004243092589417492,-2.355791292443882e-5,-3.5872946621049095e-31
2964.0,-0.0005173847222657604,-0.0004375295237832289,-2.6871366186263414e-5,-6.770148719649702e-31
2976.0,-0.0005306448596795348,-0.000450924436958318,-3.048187228686654e-5,-1.271803286103703e-30
2988.0,-0.0005442422472538882,-0.00046449584667073926,-3.4388493153087794e-5,-2.3781954442441865e-30
3000.0,-0.0005581885471868306,-0.0004782469460896032,-3.858593444621635e-5,-4.426862761637583e-30
3012.0,-0.0005724921739281436,-0.0004921823950012232,-4.306442274068845e-5,-8.203143399089084e-30
3024.0,-0.0005871588985639257,-0.0005063083760152607,-4.780975085932432e-5,-1.5132645569870864e-29
3036.0,-0.0006021925095138521,-0.0005206325679676529,-5.280350908141363e-5,-2.779163419140278e-29
3048.0,-0.000617595486180921,-0.0005351640238830319,-5.802351142823843e-5,-5.081502106817479e-29
3060.0,-0.0006333696448199614,-0.0005499129472332433,-6.34444157967235e-5,-9.250449811404688e-29
3072.0,-0.0006495167209890589,-0.0005648903678332182,-6.903852481481475e-5,-1.676640719611455e-28
3084.0,-0.0006660388600466626,-0.0005801077269836926,-7.477674159297602e-5,-3.025778101493043e-28
3096.0,-0.0006829389956368959,-0.0005955763897318137,-8.062964188807545e-5,-5.437100164761502e-28
3108.0,-0.0007002211052466618,-0.0006113071096555444,-8.656861256319092e-5,-9.72845482983196e-28
3120.0,-0.0007178903409591463,-0.0006273094776777929,-9.256699668244233e-5,-1.733323229951705e-27
3132.0,-0.0007359530417308205,-0.0006435913904494327,-9.860117918357934e-5,-3.0752972080041868e-27
3144.0,-0.0007544166402322969,-0.0006601585753128195,-0.00010465154478232372,-5.433491255980124e-27
3156.0,-0.0007732894820140071,-0.0006770142074657634,-0.00011070324233579734,-9.560211515421903e-27
3168.0,-0.0007925805771783793,-0.0006941586506163917,-0.00011674669777289418,-1.6751928168501343e-26
3180.0,-0.0008122993047829262,-0.000711589345327816,-0.0001227778309307752,-2.9233634771836157e-26
3192.0,-0.0008324550880277814,-0.0007293008598222094,-0.00012879794979210742,-5.080814127181851e-26
3204.0,-0.0008530570542947229,-0.0007472851068954992,-0.00013481331776648192,-8.794838317432269e-26
3216.0,-0.0008741136889024509,-0.0007655317186141242,-0.0001408344143776676,-1.5162746991306507e-25
3228.0,-0.0008956324857735979,-0.0007840285585669734,-0.000146874935151059,-2.60372214232457e-25
3240.0,-0.000917619592899348,-0.0008027623406091046,-0.00015295060047286152,-4.453374119489622e-25
3252.0,-0.0009400794463591761,-0.0008217193141925359,-0.00015907786339554295,-7.587041059646069e-25
3264.0,-0.000963014384433939,-0.0008408859703355836,-0.00016527262053297928,-1.2875234499545699e-24
3276.0,-0.0009864242335890872,-0.0008602497196311176,-0.00017154903635553046,-2.1764460820401525e-24
3288.0,-0.001010305861096773,-0.0008797994947635111,-0.00017791858792154703,-3.6648918627174266e-24
3300.0,-0.0010346526947995398,-0.0008995262348157632,-0.0001843894236758129,-6.14759410299902e-24
3312.0,-0.0010594542186479472,-0.0009194232169057442,-0.0001909661066320912,-1.0272830070734277e-23
3324.0,-0.0010846954624936726,-0.0009394862117949437,-0.00019764978027452968,-1.710117306465414e-23
3336.0,-0.0011103565152205412,-0.0009597134532073888,-0.00020443875711484606,-2.8361056991505154e-23
3348.0,-0.0011364121004611596,-0.0009801054246339244,-0.00021132948819106592,-4.685860169991616e-23
3360.0,-0.0011628312625702947,-0.0010006644812296465,-0.0002183178307401596,-7.713228283645128e-23
3372.0,-0.00118957721590588,-0.0010213943368897998,-0.00022540049503750248,-1.2649472051685225e-22
3384.0,-0.0012166074116408535,-0.0010422994566619327,-0.00023257652414646727,-2.066841803282082e-22
3396.0,-0.001243873872402114,-0.0010633844014650675,-0.00023984864574377502,-3.364726959180839e-22
3408.0,-0.001271323835506463,-0.0010846531750603491,-0.00024722433601357015,-5.457693850734764e-22
3420.0,-0.0012989007304219724,-0.001106108622102567,-0.00025471645321376935,-8.82051878476298e-22
3432.0,-0.001326545495851136,-0.00112775192100468,-0.0002623433326322731,-1.4204090783373436e-21
3444.0,-0.0013541982175826162,-0.0011495822067240503,-0.0002701282831778675,-2.2791646843863497e-21
3456.0,-0.0013818000415711873,-0.0011715963471958335,-0.00027809848492516004,-3.644092657740777e-21
3468.0,-0.0014092952895738214,-0.001193788884004231,-0.00028628335115398536,-5.805811169772301e-21
3480.0,-0.0014366336793606976,-0.001216152134154909,-0.0002947124812995295,-9.217314884332934e-21
3492.0,-0.0014637725303969736,-0.0012386764366953177,-0.00030341338579484853,-1.4582167202178038e-20
3504.0,-0.0014906788212143442,-0.001261350516561384,-0.0003124092033436827,-2.298919925214462e-20
3516.0,-0.0015173309584083682,-0.001284161929376309,-0.0003217166500628905,-3.611749387533305e-20
3528.0,-0.0015437201207457165,-0.0013070975456985184,-0.00033134443433408396,-5.654720171339855e-20
3540.0,-0.0015698510560023524,-0.0013301440317976788,-0.00034129233966727807,-8.822913377039576e-20
3552.0,-0.0015957422328321325,-0.001353288286461827,-0.0003515511217690812,-1.3719169582480026e-19
3564.0,-0.0016214252842677295,-0.0013765177992834691,-0.0003621032895834939,-2.1260132114632032e-19
3576.0,-0.0016469437215964058,-0.0013998209046981794,-0.00037292475025272194,-3.2834750578265814e-19
3588.0,-0.001672350944753738,-0.0014231869168630203,-0.0003839872037301422,-5.054035703323052e-19
3600.0,-0.0016977076248156405,-0.0014466061422069932,-0.000395261084377653,-7.753303707132889e-19
3612.0,-0.001723078581987576,-0.0014700697780438464,-0.0004067187746170657,-1.1854580007363222e-18
3624.0,-0.0017485293248676718,-0.0014935697159376403,-0.0004183377688109454,-1.8065222156783155e-18
3636.0,-0.001774122450009814,-0.0015170982766301243,-0.0004301034509918712,-2.7438790850447772e-18
3648.0,-0.001799914121694328,-0.0015406479085856007,-0.00044201117155821617,-4.153917116750959e-18
3660.0,-0.0018259508578394664,-0.0015642108841862493,-0.00045406736540351436,-6.2679921561040115e-18
3672.0,-0.0018522668376851844,-0.0015877790262455956,-0.0004662895427725647,-9.427212288632689e-18
3684.0,-0.001878881919998726,-0.0016113434930488469,-0.00047870509614964847,-1.4132816519711808e-17
3696.0,-0.0019058005181708038,-0.0016348946431141895,-0.0004913489902203718,-2.1118886392201218e-17
3708.0,-0.0019330114231177994,-0.0016584219920651108,-0.0005042605239623045,-3.1456930159965925e-17
3720.0,-0.001960488600045071,-0.001681914264323415,-0.0005174794602877823,-4.67057950686054e-17
3732.0,-0.0019881929155403143,-0.0017053595327421356,-0.0005310418966427103,-6.912581895645911e-17
3744.0,-0.0020160746825175512,-0.0017287454307203223,-0.0005449762896010866,-1.0198370534840057e-16
3756.0,-0.0020440768478450365,-0.0017520594145694114,-0.0005593000419571028,-1.499850796700457e-16
3768.0,-0.002072138596466674,-0.0017752890495207068,-0.0005740170112946447,-2.1988611600155432e-16
3780.0,-0.0021001991111506417,-0.0017984222911079898,-0.0005891162090148517,-3.213554370487394e-16
3792.0,-0.002128201212169417,-0.0018214477347835228,-0.0006045718377865896,-4.681845916811557e-16
3804.0,-0.002156094608157662,-0.0018443548103128395,-0.000620344676754049,-6.799823495115932e-16
3816.0,-0.002183838518198502,-0.0018671339032874685,-0.000636384683376106,-9.845382035921682e-16
3828.0,-0.0022114034740095294,-0.0018897763933545613,-0.0006526345547341925,-1.4211083191754485e-15
3840.0,-0.0022387721762419576,-0.0019122746067346701,-0.0006690338942047792,-2.0449686141002403e-15
3852.0,-0.002265939355096757,-0.0019346216884963564,-0.0006855235727596937,-2.9337024595550555e-15
3864.0,-0.002292910666293045,-0.0019568114071368834,-0.000702049864099447,-4.195854790357293e-15
3876.0,-0.0023197007319299373,-0.0019788379096557077,-0.0007185679698140037,-5.982803419649965e-15
3888.0,-0.0023463305050890697,-0.002000695449046424,-0.000735044629392125,-8.504989194505154e-15
3900.0,-0.0023728241910080826,-0.002022378107723563,-0.0007514596195808816,-1.2054031430581275e-14
3912.0,-0.0023992059915399233,-0.0020438795398112757,-0.0007678060739987261,-1.703276227862832e-14
3924.0,-0.002425496950437039,-0.002065192752626879,-0.0007840896809024938,-2.3995879738895382e-14
3936.0,-0.002451712163899189,-0.002086309943445718,-0.0008003269288964374,-3.370479040799681e-14
3948.0,-0.0024778585851031568,-0.002107222402217801,-0.000816542654026406,-4.720134869189743e-14
3960.0,-0.002503933596417407,-0.00212792048487973,-0.0008327671883674802,-6.590667368546263e-14
3972.0,-0.0025299244536958693,-0.002148393655843024,-0.0008490334166395928,-9.175313198740739e-14
3984.0,-0.002555808629621422,-0.0021686305926796215,-0.0008653740161494524,-1.2736003185534663e-13
3996.0,-0.0025815550042974085,-0.0021886193414202013,-0.0008818190942971063,-1.7626672776019517e-13
4008.0,-0.0026071257779035377,-0.002208347507565717,-0.0008983943587354773,-2.4324086630785686e-13
4020.0,-0.0026324789183787816,-0.0022278024660836522,-0.0009151198716957861,-3.3468463910740216e-13
4032.0,-0.002657570911825793,-0.002246971573371202,-0.000932009365332127,-4.59168421336048e-13
4044.0,-0.0026823595582745182,-0.0022658423653355133,-0.0009490700400295661,-6.281294038474831e-13
4056.0,-0.0027068065525804545,-0.0022844027281665688,-0.0009663027390398076,-8.567831821946335e-13
4068.0,-0.002730879609830466,-0.0023026410317700243,-0.000983702391857175,-1.1653092448036635e-12
4080.0,-0.002754553935269336,-0.002320546219831783,-0.0010012586413455638,-1.5803875030613145e-12
4092.0,-0.002777812897466102,-0.0023381078547188997,-0.001018956607165561,-2.137183144747967e-12
4104.0,-0.002800647835855398,-0.002355316119497319,-0.0010367777790748615,-2.8819020222252937e-12
4116.0,-0.002823057014410202,-0.0023721617829082797,-0.0010547010661226188,-3.8750695180678e-12
4128.0,-0.002845043815647033,-0.0023886361358872927,-0.0010727040413789635,-5.195723551861519e-12
4140.0,-0.0028666143465062494,-0.0024047309099029797,-0.0010907644103616103,-6.946758492327386e-12
4152.0,-0.002887774692825336,-0.002420438187901979,-0.0011088616939559008,-9.261712833000022e-12
4164.0,-0.0029085281054313664,-0.0024357503179421145,-0.0011269790586145051,-1.2313361439610485e-11
4176.0,-0.002928872422573252,-0.0024506598377655024,-0.001145105158656192,-1.6324555115723512e-11
4188.0,-0.0029487980263562977,-0.0024651594158070834,-0.0011632357920240762,-2.1581848583554123e-11
4200.0,-0.002968286593159364,-0.002479241810757155,-0.00118137512762897,-2.8452575470505027e-11
4212.0,-0.0029873108306753267,-0.0024928998481864436,-0.0011995362533819963,-3.740616857958322e-11
4224.0,-0.003005835301395279,-0.002506126409336114,-0.0012177408285500952,-4.904068897811268e-11
4236.0,-0.0030238183214983793,-0.0025189144244159825,-0.001236017704501334,-6.411572195722916e-11
4248.0,-0.0030412148055665336,-0.002531256861040789,-0.001254400498339314,-8.359302568832027e-11
4260.0,-0.0030579798137710897,-0.0025431466980686494,-0.0012729242502992357,-1.0868658369270034e-10
4272.0,-0.003074072462487503,-0.0025545768762455143,-0.0012916214474584806,-1.4092401952255462e-10
4284.0,-0.0030894597942722605,-0.0025655402196827232,-0.0013105178289888194,-1.8222168593849966e-10
4296.0,-0.003104120178927129,-0.0025760293260838427,-0.0013296284776710301,-2.349761460124807e-10
4308.0,-0.0031180458400479074,-0.002586036428386068,-0.0013489547288199793,-3.0217522453836706e-10
4320.0,-0.0031312441717424927,-0.0025955532355308618,-0.001368482379325261,-3.875323291872476e-10
4332.0,-0.003143737622864814,-0.002604570764773626,-0.0013881815552336516,-4.956483258223198e-10
4344.0,-0.0031555620700944725,-0.0026130791816118865,-0.0014080084072259523,-6.322059043975004e-10
4356.0,-0.0031667637606747055,-0.002621067665456469,-0.0014279085717815024,-8.042020930100089e-10
4368.0,-0.003177395061864048,-0.002628524319149898,-0.001447822092694127,-1.0202253687313076e-9
4380.0,-0.0031875093879492958,-0.002635436138141739,-0.0014676892781474225,-1.2907846738650106e-9
4392.0,-0.003197155770028049,-0.0026417890506311354,-0.001487456807055633,-1.6286985722130307e-9
4404.0,-0.0032063735764813962,-0.002647568033642376,-0.0015070833226501392,-2.049553766137379e-9
4416.0,-0.0032151878776079104,-0.002652757302434169,-0.0015265437778972197,-2.57224323299965e-9
4428.0,-0.003223605878451008,-0.0026573405626817165,-0.0015458319282787303,-3.2195953167155935e-9
4440.0,-0.0032316147290820723,-0.0026613013074423403,-0.001564960589078952,-4.0191062104135176e-9
4452.0,-0.0032391808772421786,-0.002664623134941096,-0.0015839595585545247,-5.003789368753382e-9
4464.0,-0.0032462509736912518,-0.00266729005948654,-0.0016028714164822923,-6.213156467616132e-9
4476.0,-0.0032527541958514306,-0.0026692867869089164,-0.0016217456956995223,-7.694345553551572e-9
4488.0,-0.0032586057377599177,-0.0026705989280507905,-0.0016406321499501534,-9.503412958914478e-9
4500.0,-0.003263711136052927,-0.0026712131289256236,-0.0016595739702987829,-1.1706806358603882e-8
4512.0,-0.003267971067706318,-0.0026711171037326416,-0.0016786018139112074,-1.4383036962588175e-8
4524.0,-0.0032712862630724167,-0.0026702995662108557,-0.0016977293997203044,-1.7624569221259242e-8
4536.0,-0.0032735622183642276,-0.002668750064846317,-0.0017169512101831794,-2.15399465093462e-8
4548.0,-0.0032747134518464633,-0.0026664587371244127,-0.0017362425480226713,-2.625617098551876e-8
4560.0,-0.0032746671130616037,-0.0026634160062753874,-0.001755561874232218,-3.192135513249281e-8
4572.0,-0.003273365811931632,-0.0026596122498759012,-0.0017748550465315563,-3.870766129804396e-8
4584.0,-0.0032707695767945555,-0.0026550374725770086,-0.0017940608313700244,-4.681454381224816e-8
4596.0,-0.003266856876045817,-0.0026496810147962806,-0.0018131169134239069,-5.6472305883782946e-8
4608.0,-0.0032616246522827546,-0.0026435313254762264,-0.0018319655949985425,-6.79459804158407e-8
4620.0,-0.0032550873309369504,-0.002636575820376059,-0.0018505584659403416,-8.153954007484018e-8
4632.0,-0.0032472747896814137,-0.002628800838552751,-0.0018688595158613648,-9.760043734758925e-8
4644.0,-0.003238229321191058,-0.002620191699662674,-0.0018868464219135303,-1.165244699033007e-7
4656.0,-0.003228001695628911,-0.002610732854570764,-0.0019045100336644053,-1.3876096032137284e-7
4668.0,-0.003216646528006779,-0.002600408112593694,-0.001921852345072436,-1.6481823216017685e-7
4680.0,-0.003204217267676308,-0.0025892009215178666,-0.001938883449736269,-1.9526935645636332e-7
4692.0,-0.0031907612329045414,-0.0025770946720893037,-0.0019556180884287475,-2.3075813411585875e-7
4704.0,-0.0031763151881645294,-0.0025640729974275088,-0.0019720724027069004,-2.720052703744192e-7
4716.0,-0.0031609019808742276,-0.0025501200398615484,-0.001988261408977318,-3.1981468768751913e-7
4728.0,-0.0031445286991104585,-0.002535220662738384,-0.0020041975252635424,-3.75079913210735e-7
4740.0,-0.0031271866747829107,-0.002519360592175855,-0.0020198902531680324,-4.3879046664159725e-7
4752.0,-0.003108853445338472,-0.002502526482611078,-0.0020353468825765374,-5.120381638352789e-7
4764.0,-0.0030894965248455006,-0.002484705909239896,-0.002050573888772346,-5.960232415350021e-7
4776.0,-0.003069078559804753,-0.0024658872989194104,-0.002065578565491729,-6.920601990583587e-7
4788.0,-0.0030475632023453155,-0.0024460598177730017,-0.0020803704041720433,-8.015832441619086e-7
4800.0,-0.0030249208703582863,-0.0024252132377826385,-0.0020949617932269037,-9.261512228955333e-7
4812.0,-0.0030011335189520988,-0.002403337805601361,-0.002109367758058611,-1.0674519073922524e-6
4824.0,-0.002976197641782715,-0.002380424134601211,-0.0021236046641996426,-1.2273055115564556e-6
4836.0,-0.002950124952588241,-0.0023564631361454535,-0.0021376880243526458,-1.4076673028416167e-6
4848.0,-0.002922940539473182,-0.002331445998980581,-0.0021516297444026263,-1.6106291790535794e-6
4860.0,-0.0028946786869935705,-0.0023053642175149586,-0.0021654352776474058,-1.838420082649114e-6
4872.0,-0.0028653769579735783,-0.002278209661767287,-0.0021791012056356766,-2.0934051315460587e-6
4884.0,-0.00283506944755534,-0.0022499746750906002,-0.0021926137187553633,-2.3780833551854282e-6
4896.0,-0.0028037803037645505,-0.0022206521813771534,-0.0022059483377856576,-2.69508393757981e-6
4908.0,-0.002771518610112508,-0.002190235781958923,-0.0022190710222276876,-3.0471608853558158e-6
4920.0,-0.0027382755350011906,-0.002158719824030715,-0.00223194058674525,-3.4371860582692433e-6
4932.0,-0.002704024293275165,-0.0021260994268562515,-0.002244512132740934,-3.868140522159757e-6
4944.0,-0.00266872299333403,-0.0020923704585535377,-0.002256741035026852,-4.343104209535611e-6
4956.0,-0.002632319939319255,-0.002057529463847928,-0.0022685869320183015,-4.865243900555013e-6
4968.0,-0.0025947605131234623,-0.0020215735506196996,-0.0022800171665413984,-5.437799566618503e-6
4980.0,-0.0025559944601936104,-0.0019845002491784463,-0.0022910092119091336,-6.064069149535826e-6
4992.0,-0.002515982308219168,-0.0019463073620133295,-0.0023015517777519538,-6.747391880633737e-6
5004.0,-0.0024746997845110164,-0.0019069928227218712,-0.002311644493579345,-7.491130275518752e-6
5016.0,-0.0024321394487223503,-0.001866554580813972,-0.0023212962800417186,-8.298650970750833e-6
5028.0,-0.0023883092630565097,-0.0018249905245193445,-0.002330522703100276,-9.173304597650791e-6
5040.0,-0.002343228390271136,-0.0017822984474181222,-0.00233934273568363,-1.0118404915093112e-5
5052.0,-0.0022969210326609607,-0.0017384760577715834,-0.0023477754068394283,-1.1137207446696531e-5
5064.0,-0.0022494094994348394,-0.0016935210230487837,-0.002355836795522229,-1.2232887887646312e-5
5076.0,-0.0022007078375427956,-0.001647431037402686,-0.0023635377344078,-1.3408520561878626e-5
5088.0,-0.0021508172462717666,-0.0016002038975154562,-0.002370882449177263,-1.4667057221050825e-5
5100.0,-0.0020997241343430786,-0.001551837572633218,-0.002377868198082247,-1.6011306482261454e-5
5112.0,-0.002047401135875447,-0.0015023302575725447,-0.0023844858241344555,-1.7443914201662698e-5
5124.0,-0.0019938107839343193,-0.0014516804023646107,-0.0023907210127389385,-1.8967345075869297e-5
5136.0,-0.0019389109727127802,-0.0013998867180189192,-0.0023965559774238926,-2.0583865752509504e-5
5148.0,-0.001882660941879971,-0.0013469481634782894,-0.0024019712811647023,-2.2295529715632234e-5
5160.0,-0.0018250263794216365,-0.0012928639230838713,-0.0024069475354275955,-2.4104164191365248e-5
5172.0,-0.0017659824023090209,-0.0012376333859037822,-0.002411466789409844,-2.6011359294716126e-5
5184.0,-0.001705513616456067,-0.0011812561376400319,-0.0024155135088289024,-2.8018459610320585e-5
5196.0,-0.0016436110977485748,-0.0011237319725513658,-0.0024190751271453395,-3.0126558368936864e-5
5208.0,-0.0015802668474523105,-0.0010650609274482628,-0.002422142216038341,-3.2336494348260315e-5
5220.0,-0.0015154669089872338,-0.0010052433332754921,-0.0024247083568246534,-3.464885159188873e-5
5232.0,-0.0014491847477748655,-0.0009442798732941358,-0.002426769799100896,-3.7063962004674306e-5
5244.0,-0.001381376588434643,-0.0008821716316537917,-0.0024283249736979447,-3.958191084685776e-5
5256.0,-0.0013119801325618575,-0.0008189201132873744,-0.0024293738960071538,-4.220254511381358e-5
5268.0,-0.0012409174782424075,-0.0007545272162961206,-0.0024299174667915826,-4.4925484753355994e-5
5280.0,-0.0011681022335723865,-0.0006889951415737966,-0.0024299566628283253,-4.7750136638665086e-5
5292.0,-0.001093449919193304,-0.0006223262310710602,-0.002429491616178451,-5.067571118217819e-5
5304.0,-0.001016889972181219,-0.0005545227350530701,-0.00242852060861843,-5.3701241444338745e-5
5316.0,-0.0009383771665074563,-0.000485586518800403,-0.0024270390497640516,-5.6825604560905215e-5
5328.0,-0.0008579001765784769,-0.0004155187290716925,-0.002425038551244221,-6.0047545283544185e-5
5340.0,-0.0007754853765717344,-0.00034431944889091657,-0.0024225062402359176,-6.336570140059415e-5
5352.0,-0.0006911947454859028,-0.00027198737462179583,-0.0024194244606249938,-6.677863077813897e-5
5364.0,-0.0006051178054074694,-0.0001985195509663327,-0.002415770981106731,-7.028483973588339e-5
5376.0,-0.000517358662950133,-0.00012391119705205993,-0.0024115197665750833,-7.388281244788789e-5
5388.0,-0.0004280202270235434,-4.81556502422773e-5,-0.002406642280677291,-7.75710410352353e-5
5400.0,-0.0003371883313837456,2.875555569702425e-5,-0.0024011091893491802,-8.134805599656231e-5
5412.0,-0.00024491864787157117,0.00010683247389839577,-0.0023948922477616706,-8.521245660364893e-5
5424.0,-0.00015122887810185427,0.0001860863985878714,-0.002387966096697715,-8.916294087363058e-5
5436.0,-5.6097808412398264e-5,0.00026652941287488705,-0.002380309684618735,-9.319833471772489e-5
5448.0,4.052844048608438e-5,0.00034817386433511803,-0.002371907075680895,-9.731761985958825e-5
5460.0,0.0001387240097176649,0.0004310318110197912,-0.002362747497953557,-0.0001015199601155122
5472.0,0.0002385670094798946,0.0005151144849275946,-0.00235282461535712,-0.00010580472563458597
5484.0,0.0003401224314945278,0.0006004318197873352,-0.0023421351480398213,-0.00011017151471052873
5496.0,0.0004434276145170122,0.000686992085140105,-0.002330677091455378,-0.0001146201727987868
5508.0,0.0005484832167927688,0.0007748016595886958,-0.0023184478679760174,-0.00011915080840307945
5520.0,0.0006552516617492074,0.0008638649635641888,-0.00230544276707317,-0.00012376380553490903
5532.0,0.0007636636162437361,0.0009541845572813879,-0.0022916539829034,-0.00012845983249727745
5544.0,0.0008736314983798167,0.0010457613941991378,-0.002277070447258973,-0.00013323984679919395
5556.0,0.0009850675982499095,0.001138595205842841,-0.0022616785003079093,-0.00013810509606931217
5568.0,0.0010979034142836095,0.0012326849817793522,-0.002245463270499139,-0.0001430571149035758
5580.0,0.001212106467104458,0.0013280295001063367,-0.002228410482242066,-0.00014809771765111245
5592.0,0.0013276912375061835,0.0014246278598850982,-0.0022105083072606847,-0.00015322898721255998
5604.0,0.0014447219287290877,0.0015224799678705545,-0.002191748846053764,-0.000158453259993158
5616.0,0.0015633062841060277,0.00162158693749993,-0.0021721288791618086,-0.0001637731072168972
5628.0,0.001683581407653209,0.0017219513677028191,-0.002151649657243813,-0.0001691913128655504
5640.0,0.0018056941014459942,0.0018235774815708056,-0.002130315682070853,-0.00017471084855556152
5652.0,0.0019297793360711665,0.0019264711188686872,-0.002108132633536721,-0.0001803348457050479
5664.0,0.0020559408814312193,0.002030639590264584,-0.0020851047814130445,-0.00018606656537164526
5676.0,0.0021842377507478973,0.0021360914135616768,-0.002061232347868539,-0.00019190936615933368
5688.0,0.0023146790123327507,0.0022428359619345957,-0.0020365093304575807,-0.00019786667059916826
5700.0,0.0024472279093633214,0.0023508830603877354,-0.0020109222434828446,-0.00020394193040615307
5712.0,0.0025818144124042613,0.0024602425689857522,-0.0019844500946485906,-0.0002101385910041353
5724.0,0.002718353672979553,0.002570923989934669,-0.0019570657074680173,-0.00021646005569487156
5736.0,0.0028567666825853417,0.002682936130789241,-0.0019287382648969851,-0.00022290964982900257
5748.0,0.002996999008780302,0.0027962868486989152,-0.0018994367293559643,-0.00022949058531835794
5760.0,0.003139033872363567,0.0029109828916217446,-0.0018691336299084024,-0.00023620592581349154
5772.0,0.0032828969752338004,0.003027029842815426,-0.0018378086301322747,-0.0002430585528599206
5784.0,0.0034286521618809027,0.0031444321655708114,-0.0018054513152626374,-0.0002500511333428952
5796.0,0.003576388863570342,0.0032631933368515234,-0.0017720627604334396,-0.00025718608853448705
5808.0,0.0037262039555202757,0.0033833160518199,-0.0017376556407701503,-0.00026446556506816974
5820.0,0.0038781818101584196,0.0035048024765425892,-0.0017022528819949168,-0.0002718914081835659
5832.0,0.004032376714964243,0.003627654523673359,-0.001665885083371992,-0.0002794651376052354
5844.0,0.00418880135721944,0.003751874125641339,-0.0016285871309451622,-0.00028718792644081626
5856.0,0.004347423849462534,0.0038774634817278606,-0.0015903945253992271,-0.00029506058350122226
5868.0,0.004508174024656932,0.004004425259167313,-0.0015513399586291735,-0.00030308353945411007
5880.0,0.004670957822843127,0.004132762733708509,-0.0015114505881958981,-0.000311256837216465
5892.0,0.004835676911122673,0.004262479861453468,-0.0014707462993848043,-0.0003195801269681828
5904.0,0.00500224957212459,0.0043935812806686556,-0.001429239044457614,-0.0003280526661219657
5916.0,0.0051706285932459975,0.004526072248973996,-0.0013869331485601795,-0.00033667332451291237
5928.0,0.005340812457044536,0.004659958527163157,-0.0013438263107702286,-0.00034544059497270487
5940.0,0.005512847460987585,0.004795246225252219,-0.0012999109367396733,-0.0003543526093290721
5952.0,0.005686820214731582,0.004931941628699491,-0.0012551754309531398,-0.0003634071597241961
5964.0,0.005862841905543443,0.005070051022836399,-0.0012096051486720223,-0.00037260172498112035
5976.0,0.006041027391313165,0.005209580531459206,-0.001163182840369533,-0.00038193350157231514
5988.0,0.006221473234790145,0.005350535981648142,-0.001115888582931652,-0.0003913994385684741
6000.0,0.0064042390164771,0.005492922801890958,-0.001067699344951263,-0.00040099627577880564
6012.0,0.006589335611185784,0.005636745955367332,-0.0010185884436828476,-0.0004107205841476912
6024.0,0.006776722718122515,0.005782009905708905,-0.000968525194280299,-0.00042056880735767693
6036.0,0.006966316081832047,0.005928718609454811,-0.0009174750185363118,-0.0004305373035155062
6048.0,0.007158002909496249,0.006076875528238078,-0.0008654001781436408,-0.00044062238577467067
6060.0,0.00735166237180041,0.006226483654513131,-0.0008122611493585702,-0.00045082036078055224
6072.0,0.007547187096498449,0.006377545546976015,-0.0007580184949496745,-0.0004611275639151694
6084.0,0.007744501419480925,0.006530063374971396,-0.0007026349516782891,-0.00047154039046657075
6096.0,0.00794357286900358,0.006684038974145432,-0.0006460773688883325,-0.0004820553220477264
6108.0,0.008144414770945256,0.006839473917420703,-0.0005883181263146254,-0.0004926689478320342
6120.0,0.008347079680688912,0.00699636960531218,-0.0005293357314345387,-0.0005033779804442675
6132.0,0.008551645195016699,0.0071547273773874065,-0.0004691144362453664,-0.0005141792666308983
6144.0,0.008758195198602952,0.007314548642567573,-0.00040764289351315664,-0.0005250697931140808
6156.0,0.008966800454160935,0.007475835020776699,-0.00034491205760481096,-0.0005360466882900923
6168.0,0.009177502490462012,0.007638588483380104,-0.00028091268760243953,-0.0005471072206470341
6180.0,0.009390303984801684,0.007802811476265429,-0.000215632899087074,-0.0005582487949312577
6192.0,0.009605167447523611,0.007968507008503442,-0.00014905621673019553,-0.000569468947173683
6204.0,0.009822022293958023,0.00813567869201191,-8.116049988637948e-5,-0.000580765339686759
6216.0,0.010040778693922645,0.008304330723575563,-1.1917961850703416e-5,-0.0005921357570566058
6228.0,0.010261345267303696,0.008474467809213205,5.87036914861111e-5,-0.0006035781039852889
6240.0,0.01048364700711917,0.008646095040795677,0.00013073917952280097,-0.0006150904055939874
6252.0,0.010707639881809915,0.008819217744118398,0.00020422296781277767,-0.0006266708104938954
6264.0,0.01093331935894225,0.008993841324345535,0.00027918644591569885,-0.0006383175965882734
6276.0,0.011160721417268133,0.009169971137227579,0.000355655441325351,-0.0006500291792105512
6288.0,0.011389916181877657,0.009347612411821693,0.00043364848741553184,-0.0006618041208567522
6300.0,0.011620995795253943,0.009526770242657747,0.000513176128440242,-0.0006736411414634308
6312.0,0.011854059222399908,0.009707449657475534,0.0005942413619287858,-0.0006855391279410543
6324.0,0.012089197170527864,0.009889655752788176,0.0006768411225228229,-0.0006974971415201188
6336.0,0.012326480106924468,0.010073393876130292,0.0007609685371394168,-0.0007095144214206433
6348.0,0.012565951552223717,0.010258669823524528,0.0008466155598183279,-0.0007215903834253571
6360.0,0.012807627606217276,0.010445490015593101,0.0009337755455014661,-0.0007337246121249627
6372.0,0.013051502305226744,0.010633861617093504,0.0010224453511098741,-0.0007459168459035664
6384.0,0.0132975572078333,0.010823792572517985,0.0011126266510314586,-0.0007581669541281473
6396.0,0.013545772807799528,0.011015291543563276,0.001204326301802747,-0.0007704749064741715
6408.0,0.01379613913058156,0.01120836775049537,0.0012975557589937196,-0.0007828407348298566
6420.0,0.014048663208200706,0.01140303073581048,0.0013923297076881207,-0.0007952644887392118
6432.0,0.014303371945258861,0.011599290082149898,0.0014886641897120885,-0.0008077461858316438
6444.0,0.014560309985985023,0.011797155124682403,0.0015865745773294738,-0.000820285759106991
6456.0,0.014819533316176381,0.011996634699627801,0.0016860737468636282,-0.0008328830032660447
6468.0,0.015081100238105657,0.012197736965042597,0.0017871707504399591,-0.0008455375224706722
6480.0,0.015345061853639135,0.012400469318523361,0.0018898701834009555,-0.0008582486819656902
6492.0,0.01561145419167377,0.012604838421290567,0.0019941723191005604,-0.0008710155658878649
6504.0,0.01588029364472225,0.012810850322020832,0.002100073954333218,-0.0008838369433282155
6516.0,0.016151576563355474,0.013018510659691443,0.0022075697984949333,-0.0008967112443158723
6528.0,0.016425282893909796,0.013227824914973563,0.0023166541635759787,-0.0009096365468794264
6540.0,0.016701382855304803,0.013438798675780544,0.002427322679043359,-0.0009226105757483795
6552.0,0.01697984502889245,0.013651437884654345,0.0025395737667739384,-0.0009356307126230606
6564.0,0.017260644005766306,0.013865749042768587,0.002653409660862153,-0.000948694017310042
6576.0,0.017543765929886122,0.014081739355522318,0.002768836834820233,-0.0009617972584359137
6588.0,0.017829210827423603,0.01429941681559981,0.0028858657912406724,-0.0009749369519564584
6600.0,0.01811699138073362,0.014518790228650718,0.003004510262844376,-0.0009881094053056174
6612.0,0.018407128606174716,0.014739869192646544,0.003124785956877922,-0.0010013107648048007
6624.0,0.018699645548107498,0.014962664043673645,0.003246709037553572,-0.0010145370638922448
6636.0,0.01899456046968957,0.015187185778683023,0.00337029457729968,-0.001027784269835869
6648.0,0.019291881039764945,0.015413445960749903,0.003495555213848127,-0.0010410483268500155
6660.0,0.01959160070249696,0.015641456606552813,0.0036225002264360564,-0.0010543251939231686
6672.0,0.019893697864795674,0.015871230051078603,0.0037511351931486577,-0.001067610876146558
6684.0,0.020198137886817073,0.01610277878267673,0.0038814623176985814,-0.0010809014488713151
6696.0,0.020504877266434546,0.01633611524345042,0.004013481425137654,-0.0010941930745694461
6708.0,0.020813868999370724,0.016571251595519847,0.004147191531739487,-0.0011074820127859686
6720.0,0.021125067949713087,0.01680819946186198,0.004282592805925577,-0.0011207646240045937
6732.0,0.021438435190583912,0.017046969659391856,0.00441968866680492,-0.0011340373685731447
6744.0,0.021753940616649817,0.01728757194950815,0.004558487726221185,-0.0011472968020238051
6756.0,0.022071563586898307,0.017530014835426405,0.004699005278256432,-0.0011605395681662173
6768.0,0.022391291807154014,0.017774305434823803,0.004841264081593306,-0.001173762391231039
6780.0,0.022713118999411662,0.01802044945013963,0.004985294263545376,-0.0011869620681139751
6792.0,0.023037042060422765,0.01826845124794101,0.005131132291485306,-0.0012001354614438527
6804.0,0.023363058369912353,0.018518314044713626,0.005278819092688095,-0.0012132794938108562
6816.0,0.0236911637077411,0.0187700401816177,0.005428397537094976,-0.0012263911430865884
6828.0,0.024021350957165524,0.019023631457754188,0.005579909606972017,-0.0012394674383920386
6840.0,0.02435360950148839,0.01927908948264926,0.005733393642450638,-0.001252505455966254
6852.0,0.024687925045601678,0.01953641600560287,0.005888882057873474,-0.0012655023139941063
6864.0,0.02502427955940178,0.019795613182852907,0.006046399865309137,-0.0012784551653920251
6876.0,0.025362651146818137,0.02005668375264384,0.0062059642242830015,-0.0012913611876384451
6888.0,0.025703013846113353,0.020319631101712584,0.0063675850775416635,-0.0013042175689683166
6900.0,0.0260453375862075,0.020584459222166368,0.006531266757207137,-0.0013170214906102298
6912.0,0.02638958867384257,0.020851172572704815,0.0066970102842783385,-0.0013297701051981014
6924.0,0.02673573119942926,0.021119775870295673,0.006864815966531507,-0.001342460511992891
6936.0,0.027083729597517665,0.021390273846002117,0.0070346858483137185,-0.0013550897300515909
6948.0,0.02743355230435648,0.02166267100078965,0.007206625592018392,-0.0013676546709258238
6960.0,0.027785176091396586,0.021936971393874943,0.007380645472526602,-0.001380152112808077
6972.0,0.028138590322242037,0.022213178488450967,0.007556760325652798,-0.0013925786782246945
6984.0,0.028493800187701052,0.02249129506900482,0.007734988481136516,-0.0014049308173683603
6996.0,0.028850827999228685,0.022771323232825432,0.007915349895042287,-0.0014172047989522904
7008.0,0.02920971189378944,0.023053264447538028,0.008097863840865034,-0.0014293967100557753
7020.0,0.029570501787194396,0.023337119658128087,0.00828254659554742,-0.0014415024658377927
7032.0,0.029933253011365454,0.023622889421913002,0.008469409551051648,-0.0014535178292625476
7044.0,0.03029801864556951,0.02391057404862906,0.008658458095060662,-0.0014654384401643562
7056.0,0.03066484195529781,0.024200173724954643,0.008849691452779895,-0.0014772598521472862
7068.0,0.03103375046621392,0.024491688607622988,0.009043103495469308,-0.0014889775750413755
7080.0,0.031404752966611084,0.02478511887571414,0.009238684337048638,-0.0015005871199955684
7092.0,0.03177784017320141,0.025080464739575592,0.00943642239431014,-0.0015120840438439752
7104.0,0.03215298901682308,0.025377726410011972,0.009636306507611285,-0.0015234639891892887
7116.0,0.03253016967436021,0.025676904036055454,0.009838327722439004,-0.0015347227167386798
7128.0,0.03290935378469615,0.025977997622270353,0.010042480416211915,-0.0015458561268136166
7140.0,0.033290521914828355,0.026281006937027764,0.010248762600950232,-0.0015568602676210512
7152.0,0.0336736683997449,0.026585931421745472,0.010457175410115649,-0.0015677313287794016
7164.0,0.03405880218468012,0.026892770108263176,0.010667721949811516,-0.001578465619676126
7176.0,0.034445943164489116,0.02720152154805436,0.0108804058248682,-0.0015890595334135296
7188.0,0.034835114564388626,0.027512183753680856,0.011095229712243287,-0.0015995094982829113
7200.0,0.0352263329062708,0.02782475415052696,0.011312194335274325,-0.0016098119197969002
7212.0,0.03561959781829005,0.02813922953595728,0.011531298097351221,-0.0016199631172124172
7224.0,0.03601488418665658,0.02845560604385851,0.011752537483304482,-0.0016299592591106997
7236.0,0.036412138829093284,0.02877387911489125,0.011975908163657232,-0.0016397963029042895
7248.0,0.03681128302419496,0.029094043476134843,0.01220140657805064,-0.001649469943077307
7260.0,0.037212221017258074,0.029416093137266678,0.012429031663688543,-0.001658975572527543
7272.0,0.03761485329131932,0.02974002141290821,0.012658786356278106,-0.0016683082605905045
7284.0,0.03801909223343991,0.030065820981257062,0.012890678533023702,-0.0016774627502397618
7296.0,0.03842487710919997,0.030393483986853615,0.013124721180992553,-0.0016864334756537451
7308.0,0.03883218516718637,0.030723002190055405,0.013360931735598387,-0.0016952145999151083
7320.0,0.03924103628492402,0.031054367157934422,0.013599330708886427,-0.0017038000711751006
7332.0,0.039651489746003826,0.03138757048199158,0.013839939878688435,-0.0017121836942846737
7344.0,0.040063633280053926,0.03172260399900253,0.014082780405415555,-0.0017203592137717627
7356.0,0.04047756608919465,0.03205945998448405,0.014327871262820402,-0.0017283204032195556
7368.0,0.04089337889022641,0.0323981312856373,0.014575228307990573,-0.0017360611556388387
7380.0,0.041311134734100134,0.032738611363605376,0.014824864186472128,-0.0017435755693640993
7392.0,0.04173085434957839,0.03308089422399207,0.015076789097284979,-0.0017508580243404237
7404.0,0.04215250897667259,0.03342497422917484,0.015331012264784546,-0.0017579032443754826
7416.0,0.04257602224959402,0.033770845804150657,0.015587543816187311,-0.001764706341946474
7428.0,0.04300128093563433,0.03411850306662785,0.015846396675176923,-0.0017712628433890203
7440.0,0.04342815259084274,0.034467939428429,0.01610758807101148,-0.0017775686936492678
7452.0,0.04385650681459338,0.0348191472256861,0.016371140330774584,-0.0017836202411391543
7464.0,0.044286236059708856,0.03517211743723476,0.016637080755678428,-0.0017894142044871265
7476.0,0.04471727203550989,0.035526839542835725,0.016905440553636825,-0.001794947624023323
7488.0,0.04514959461389289,0.035883301555870675,0.017176252975579516,-0.0018002178016008124
7500.0,0.04558323163478438,0.036241490241233014,0.017449550948014654,-0.001805222232781764
7512.0,0.04601824980177461,0.03660139150197496,0.01772536458180319,-0.0018099585354902274
7524.0,0.04645473859391034,0.03696299089241139,0.01800371895170421,-0.0018144243789655176
7536.0,0.0468927904434923,0.037326274195341104,0.018284632482431718,-0.0018186174162875294
7548.0,0.04733248107948792,0.037691227990457966,0.018568116158491268,-0.0018225352229598577
7560.0,0.047773853792405105,0.03805784014188892,0.018854173621722408,-0.0018261752431199159
7572.0,0.04821691048604574,0.03842610014504421,0.01914280206270249,-0.0018295347439990465
7584.0,0.04866161094484578,0.03879599929443004,0.019433993679822296,-0.0018326107783815436
7596.0,0.049107880071152674,0.039167530660883895,0.019727737396373284,-0.0018354001541008949
7608.0,0.04955562128428795,0.03954068889402914,0.020024020504215385,-0.0018378994091361987
7620.0,0.05000473313834661,0.039915469888798974,0.020322829942868537,-0.0018401047906765014
7632.0,0.05045512572485094,0.04029187036981601,0.020624153013792522,-0.0018420122366190313
7644.0,0.05090673365420037,0.04066988745212827,0.02092797745105623,-0.0018436173583391113
7656.0,0.05135952327810303,0.04104951823131142,0.021234290897193094,-0.001844915424163693
7668.0,0.051813493114862316,0.041430759442313336,0.021543079943193554,-0.0018459013437194455
7680.0,0.05226866788017477,0.04181360720823327,0.021854328965858597,-0.0018465696541140808
7692.0,0.05272508780128699,0.04219805688177246,0.022168019023840427,-0.001846914509641415
7704.0,0.05318279574494631,0.04258410296733888,0.02248412705459256,-0.0018469296772741953
7716.0,0.053641824964805206,0.04297173910351042,0.022802625555554033,-0.0018466085405349723
7728.0,0.0541021899474957,0.043360958084724135,0.023123482847720044,-0.0018459441143486542
7740.0,0.05456388201326916,0.04375175190665752,0.02344666392471657,-0.0018449290731464196
7752.0,0.05502687021146663,0.04414411182912958,0.02377213180158952,-0.001843555793811227
7764.0,0.055491106897909016,0.044538028459859734,0.02409984920758121,-0.0018418164140697104
7776.0,0.055956536437591846,0.04493349186847329,0.024429780424221934,-0.0018397029057186382
7788.0,0.056423104928024784,0.045330491740104166,0.024761893056865273,-0.001837207160730648
7800.0,0.056890768774833705,0.04572901757090224,0.025096159542451108,-0.0018343210869382726
7812.0,0.057359500349958736,0.04612905889482977,0.025432558233588247,-0.0018310367087808063
7824.0,0.057829289703740835,0.04653060551531565,0.025771073952074133,-0.0018273462676448187
7836.0,0.05830014220018113,0.046933647700820987,0.026111697966429284,-0.0018232423157486714
7848.0,0.05877207279503077,0.04733817629456109,0.026454427411202425,-0.0018187177973980426
7860.0,0.05924509830181695,0.04774418268904788,0.026799264224913008,-0.0018137661118188017
7872.0,0.0597192292787249,0.048151658627455005,0.02714621373362814,-0.001808381152656733
7884.0,0.06019446309116387,0.04856059581536588,0.02749528304405562,-0.0018025573205751348
7896.0,0.06067077931603438,0.04897098535512977,0.027846479429950194,-0.0017962895070913177
7908.0,0.06114813807274446,0.0493828170458351,0.02819980889561414,-0.0017895730497436905
7920.0,0.06162648124167887,0.0497960786189432,0.02855527507871471,-0.0017824036607170157
7932.0,0.06210573600471743,0.050210754997403136,0.028912878612100765,-0.0017747773330047281
7944.0,0.06258581981650803,0.05062682767065082,0.02927261700426934,-0.0017666902298848813
7956.0,0.0630666458318318,0.05104427426781398,0.029634485027373213,-0.0017581385647774653
7968.0,0.0635481279524604,0.05146306838807717,0.0299984755298373,-0.001749118479313409
7980.0,0.06403018494418619,0.05188317971449827,0.030364580529114137,-0.0017396259276002588
7992.0,0.06451274341188,0.05230457440140004,0.030732792399938185,-0.0017296565741883108
8004.0,0.06499573970983508,0.05272721569217161,0.031103104963110296,-0.0017192057121511823
8016.0,0.06547912103611621,0.053151064699547494,0.0314755143030395,-0.001708268206077974
8028.0,0.06596284598681022,0.05357608126791701,0.03185001919642751,-0.0016968384627600883
8040.0,0.06644688474962739,0.05400222483804842,0.03222662111057111,-0.0016849104301117357
8052.0,0.06693121895381074,0.05442945524710738,0.0326053238135166,-0.0016724776225796798
8064.0,0.06741584103937727,0.054857733417046764,0.032986132712832815,-0.0016595331691717514
8076.0,0.06790075293119957,0.05528702190709819,0.03336905408904404,-0.0016460698784505708
8088.0,0.06838596384251193,0.05571728532594694,0.03375409440227756,-0.0016320803135558169
8100.0,0.06887148718827162,0.056148490612190634,0.034141259822420014,-0.0016175568696491479
8112.0,0.06935733682119397,0.05658060719598647,0.034530556069013896,-0.0016024918461801847
8124.0,0.06984352304304078,0.05701360705103309,0.03492198856074414,-0.0015868775070491962
8136.0,0.07033004901283596,0.057447464637147345,0.03531556278515911,-0.0015707061230306283
8148.0,0.07081690820828083,0.05788215672409706,0.03571128472863825,-0.0015539699926038846
8160.0,0.07130408346677529,0.05831766208174027,0.0361091611729887,-0.001536661439450593
8172.0,0.07179154785271881,0.05875396102361999,0.036509199679336274,-0.0015187727871269591
8184.0,0.0722792672259675,0.05919103480265993,0.036911408142444105,-0.0015002963135985693
8196.0,0.07276720401007282,0.05962886487759036,0.03731579389802269,-0.0014812241902322039
8208.0,0.07325532137358869,0.06006743209375402,0.037722362481049175,-0.0014615484112989207
8220.0,0.073743586921335,0.060506715846700275,0.03813111623812305,-0.0014412607209206793
8232.0,0.07423197508425394,0.060946693315492746,0.038542053065231244,-0.0014203525446095458
8244.0,0.07472046768466359,0.06138733885965652,0.03895516555414839,-0.0013988149320869954
8256.0,0.07520905257635643,0.0618286236658833,0.0393704407777107,-0.0013766385169783832
8268.0,0.07569772071769092,0.062270515707564034,0.03978786083231176,-0.001353813497361941
8280.0,0.07618646241926308,0.06271298004461254,0.040207404105103255,-0.0013303296391705666
8292.0,0.07667526371935304,0.0631559794482593,0.04062904707395921,-0.0013061763022914773
8304.0,0.07716410382303197,0.06359947529257924,0.04105276631504708,-0.0012813424870936896
8316.0,0.07765295429250069,0.06404342861878304,0.04147854031746383,-0.0012558168972431492
8328.0,0.07814178025192589,0.0644878012558581,0.04190635070803604,-0.001229588013223705
8340.0,0.07863054336974644,0.06493255687567363,0.04233618257744576,-0.0012026441701111438
8352.0,0.07911920592650536,0.06537766187272648,0.042768023758742224,-0.0011749736329338613
8364.0,0.07960773497997652,0.06582308598569726,0.04320186311214943,-0.0011465646634196919
8376.0,0.08009610557872414,0.06626880261477044,0.04363768807604935,-0.001117405573029164
8388.0,0.08058430217130798,0.06671478882869185,0.044075481910365574,-0.001087484758802811
8400.0,0.08107231776983113,0.06716102509219507,0.044515221148675156,-0.0010567907205426303
8412.0,0.08156015095859558,0.06760749477237918,0.044956873766881005,-0.0010253120600056923
8424.0,0.08204780136499598,0.06805418349872595,0.04540039846646966,-0.0009930374648925377
8436.0,0.08253526460280981,0.06850107845517099,0.04584574527756067,-0.0009599556822477717
8448.0,0.08302252785965697,0.0689481676758569,0.04629285744734121,-0.0009260554872618494
8460.0,0.08350956718629475,0.06939543940243999,0.04674167434016706,-0.0008913256542205494
8472.0,0.08399634717655663,0.06984288154426317,0.0471921348849807,-0.0008557549363989048
8484.0,0.08448282318533627,0.07029048126705403,0.04764418100328064,-0.0008193320610138758
8496.0,0.0849689456426659,0.07073822472343436,0.04809776045882401,-0.0007820457439804727
8508.0,0.08545466552249675,0.07118609693005053,0.04855282868829097,-0.0007438847272729993
8520.0,0.0859399397337993,0.0716340817904956,0.049009349377204456,-0.0007048378393484117
8532.0,0.08642473519009082,0.07208216225823302,0.04946729379602952,-0.0006648940765571417
8544.0,0.08690903058791213,0.0725303206270666,0.049926639156153384,-0.0006240427009859622
8556.0,0.08739281542509884,0.0729785389266728,0.050387366433644484,-0.000582273347986567
8568.0,0.08787608640324321,0.07342679938712884,0.05084945820094288,-0.000539576134960223
8580.0,0.0883588419463367,0.07387508492084881,0.051312896983351945,-0.0004959417619689101
8592.0,0.08884107599583972,0.07432337955610946,0.05177766452289755,-0.000451361594543639
8604.0,0.08932277241459473,0.07477166874756856,0.052243742114712985,-0.0004058277197073427
8616.0,0.08980390121003379,0.07521993948991225,0.05271111192627239,-0.00035933296769316146
8628.0,0.09028441739993569,0.07566818017384602,0.053179758971540904,-0.00031187089401508555
8640.0,0.09076426278003487,0.07611638014972237,0.05364967324152008,-0.0002634357192670168
8652.0,0.09124337023907463,0.07656452900114281,0.054120851427188595,-0.00021402222706732996
8664.0,0.09172166973935418,0.0770126155742259,0.05459329772634442,-0.00016362562367606823
8676.0,0.09219909475321827,0.07746062685129246,0.055067023393175325,-0.00011224136572858127
8688.0,0.09267558788461781,0.0779085467930953,0.055542044936018664,-5.9864965004172655e-5
8700.0,0.0931511046149938,0.07835635529464686,0.05601838114542895,-6.491780968755969e-6
8712.0,0.09362561453899955,0.0788040274013976,0.05649604938528878,4.788318716054708e-5
8724.0,0.09409909999677966,0.07925153291321915,0.05697506175283584,0.00010326549697122571
8736.0,0.09457155254319057,0.07969883646504031,0.05745542177276294,0.00015966143697375697
8748.0,0.0950429681052941,0.08014589812001036,0.05793712222202262,0.00021707816886569188
8760.0,0.09551334188552196,0.0805926744510751,0.05842014449688747,0.0002755238308660311
8772.0,0.0959826640369273,0.08103912002831702,0.05890445966636332,0.0003350075978855163
8784.0,0.09645091689137067,0.08148518918045802,0.05939003105651431,0.0003955396973962433
8796.0,0.09691807413016683,0.0819308378659715,0.05987681793509634,0.0004571313829553616
8808.0,0.0973841018463084,0.08237602547604392,0.06036477966674825,0.0005197948701626863
8820.0,0.09784896105841316,0.08282071639881416,0.060853879622803905,0.0005835432421575824
8832.0,0.09831261098003523,0.08326488119963407,0.061344088171997886,0.0006483903334007434
8844.0,0.09877501226817596,0.08370849731104898,0.061835384240340935,0.0007143506013198083
8856.0,0.0992361295718015,0.08415154917310488,0.06232775517972953,0.0007814389953772174
8868.0,0.09969593293447969,0.08459402781365716,0.06282119497922913,0.0008496708322759274
8880.0,0.10015439790703236,0.08503592990462366,0.06331570113750537,0.0009190616844602952
8892.0,0.10061150451976734,0.08547725637004418,0.06381127073980103,0.0009896272869669666
8904.0,0.10106723548335914,0.085918010653401,0.064307896410462,0.0010613834652534518
8916.0,0.10152157409229337,0.08635819677426766,0.06480556282296722,0.0011343460841267946
8928.0,0.10197450228732283,0.08679781731814215,0.06530424434542063,0.0012085310155612956
8940.0,0.10242599921705861,0.08723687150866141,0.06580390420201714,0.0012839541212618776
8952.0,0.10287604046860903,0.08767535350840482,0.06630449527668059,0.0013606312444846965
8964.0,0.10332459796520842,0.08811325108283793,0.06680596241845999,0.0014385782049942722
8976.0,0.10377164039942872,0.08855054474096791,0.06730824587386042,0.0015178107911684394
8988.0,0.10421713400909507,0.08898720743544788,0.06781128530598662,0.0015983447441317792
9000.0,0.10466104351063792,0.08942320486439076,0.06831502378778062,0.0016801957303013908
9012.0,0.10510333306093682,0.08985849636858079,0.06881941118393002,0.0017633793006959766
9024.0,0.10554396719052167,0.09029303636437269,0.06932440645385846,0.0018479108375704849
9036.0,0.10598291170431474,0.09072677619932189,0.06982997859326362,0.00193380549114631
9048.0,0.10642013455786922,0.09115966627073531,0.0703361061512828,0.002021078111160652
9060.0,0.10685560668291473,0.09159165821349609,0.07084277547830482,0.002109743179430183
9072.0,0.10728930267172952,0.09202270694857283,0.07134997804178554,0.0021998147504323972
9084.0,0.10772120116608759,0.09245277239151528,0.07185770726765606,0.002291306406937875
9096.0,0.10815128476841074,0.09288182065200283,0.07236595540757797,0.0023842312369427012
9108.0,0.10857953932743125,0.0933098246087575,0.07287471089473722,0.0024786018366020884
9120.0,0.10900595255661001,0.09373676381310234,0.07338395654298066,0.0025744303416856
9132.0,0.1094305121050643,0.09416262375069546,0.07389366878630493,0.0026717284874639294
9144.0,0.10985320337971409,0.09458739456458509,0.07440381797545889,0.002770507694151475
9156.0,0.11027400756212807,0.09501106940384442,0.07491436957581188,0.0028707791723501176
9168.0,0.11069290032304589,0.09543364260241519,0.07542528597373238,0.0029725540406492306
9180.0,0.11110985167662966,0.09585510790710745,0.07593652851919405,0.003075843445887702
9192.0,0.11152482722844562,0.09627545696043519,0.07644805942207991,0.0031806586757727835
9204.0,0.11193779078344325,0.09669467820553372,0.07695984317884512,0.0032870112536982944
9216.0,0.1123487079512117,0.09711275632271293,0.0774718473230519,0.003394913006740252
9228.0,0.1127575500929621,0.09752967223861009,0.0779840424458331,0.0035043760998637683
9240.0,0.11316429777615063,0.09794540367884426,0.07849640159187779,0.003615413032190752
9252.0,0.11356894289709601,0.09835992617255251,0.07900889927245412,0.003728036594513586
9264.0,0.1139714888216205,0.0987732143694965,0.07952151042218222,0.003842259790797462
9276.0,0.11437194825542082,0.09918524350222209,0.08003420964228494,0.0039580957298646306
9288.0,0.11477033902248318,0.09959599081865159,0.08054697101398217,0.0040755574964692984
9300.0,0.11516667840320098,0.1000054368232083,0.0810597686400921,0.004194658013256071
9312.0,0.11556097705590501,0.10041356619352376,0.08157257790299392,0.004315409906412871
9324.0,0.11595323372349375,0.10082036827992734,0.08208537724540349,0.004437825388031182
9336.0,0.11634343185618919,0.10122583714075116,0.08259815012401261,0.004561916167222956
9348.0,0.116731538960907,0.10162997111285338,0.08311088668959549,0.0046876933999723995
9360.0,0.11711750897269221,0.10203277195948339,0.083623584735786,0.004815167684683237
9372.0,0.11750128733622583,0.10243424367373558,0.08413624954218216,0.004944349106668563
9384.0,0.11788281791315494,0.10283439104361441,0.0846488924071311,0.0050752473307391225
9396.0,0.11826205041909985,0.10323321810335234,0.08516152789484405,0.005207871736933177
9408.0,0.11863894693705829,0.10363072660484848,0.08567417006973796,0.005342231590659323
9420.0,0.11901348619311124,0.10402691464294059,0.08618682821061678,0.005478336235427406
9432.0,0.11938566469394597,0.10442177555875554,0.086699502643223,0.005616195294198237
9444.0,0.1197554944319881,0.10481529722673683,0.08721218136795776,0.00575581886438248
9456.0,0.12012299753840484,0.10520746180350748,0.08772483807523544,0.005897217691753505
9468.0,0.12048819886667923,0.10559824598143255,0.08823743194207197,0.006040403309988973
9480.0,0.12085111789452956,0.10598762174839121,0.08874990932089645,0.006185388135094387
9492.0,0.12121176145662034,0.10637555761068991,0.08926220711385983,0.0063321855073658374
9504.0,0.12157011864191092,0.10676202019208396,0.08977425733085817,0.006480809677520502
9516.0,0.12192615874928826,0.10714697608307655,0.09028599211304783,0.006631275737816538
9528.0,0.12227983258951625,0.1075303937857411,0.09079734840890376,0.006783599503037216
9540.0,0.12263107677923789,0.10791224558442579,0.09130827153821107,0.006937797349783284
9552.0,0.122979820126332,0.10829250917470588,0.09181871706552852,0.007093886025306453
9564.0,0.12332599086284941,0.10867116890277546,0.09232865069705572,0.007251882438904069
9576.0,0.12366952340205543,0.10904821650373882,0.09283804626114028,0.007411803449552636
9588.0,0.12401036348122109,0.1094236512762839,0.09334688216955783,0.007573665662961963
9600.0,0.12434847094698573,0.10979747968738615,0.09385513702202065,0.007737485249662882
9612.0,0.12468381994926947,0.11016971445721022,0.09436278516117645,0.007903277793275694
9624.0,0.12501639681884966,0.11054037322426055,0.09486979298348491,0.008071058174997032
9636.0,0.12534619630718255,0.11090947692795186,0.09537611666451658,0.008240840496895831
9648.0,0.12567321709044726,0.11127704806579695,0.09588170169455636,0.008412638043153944
9660.0,0.12599745745436453,0.11164310898348469,0.09638648429262975,0.008586463275245218
9672.0,0.12631891190200673,0.11200768033910656,0.09689039443636661,0.008762327854502651
9684.0,0.12663756912366989,0.112370779851084,0.09739335997280547,0.008940242683796649
9696.0,0.12695341141896047,0.1127324213982674,0.09789531110987636,0.009120217959275447
9708.0,0.12726641535111682,0.11309261449654208,0.09839618455648998,0.009302263223343338
9720.0,0.1275765532081566,0.11345136413534734,0.09889592668098204,0.009486387411217892
9732.0,0.1278837947779028,0.11380867092498817,0.09939449526749765,0.009672598885367664
9744.0,0.1281881090097627,0.1141645314848414,0.09989185972242018,0.009860905454664967
9756.0,0.12848946529783384,0.11451893899461342,0.1003879998628541,0.010051314377918775
9768.0,0.1287878343197263,0.11487188383452314,0.10088290365261018,0.01024383235427894
9780.0,0.12908318854223022,0.11522335425265838,0.10137656439638829,0.010438465505525565
9792.0,0.1293755026104454,0.11557333701467894,0.10186897793807158,0.01063521935720933
9804.0,0.1296647538479002,0.11592181800820398,0.10236014033565508,0.010834098826779659
9816.0,0.12995092301742625,0.11626878278798218,0.10285004632644251,0.011035108227095362
9828.0,0.13023399535749702,0.11661421705601621,0.10333868869062307,0.011238251293014458
9840.0,0.13051396176276778,0.11695810707263897,0.10382605841491975,0.011443531237158383
9852.0,0.1307908198680483,0.11730043999127267,0.10431214539346763,0.011650950838582603
9864.0,0.13106457475670255,0.1176412041037273,0.10479693931161174,0.01186051256517929
9876.0,0.1313352390602559,0.11798038897757498,0.10528043035374827,0.012072218727462662
9888.0,0.13160283233358647,0.11831798546541272,0.10576260945340557,0.01228607165824854
9900.0,0.13186737974648774,0.11865398556987224,0.10624346794044323,0.012502073909943004
9912.0,0.1321289102837493,0.11898838215879046,0.1067229966034503,0.012720228458978675
9924.0,0.13238745475019253,0.11932116854108475,0.10720118433863148,0.012940538905605276
9936.0,0.13264304390605378,0.11965233793309472,0.10767801666757627,0.013163009656900591
9948.0,0.132895707005001,0.11998188286388495,0.10815347445394234,0.013387646081575062
9960.0,0.13314547088829784,0.12030979458230716,0.10862753312625137,0.013614454626856214
9972.0,0.13339235963870077,0.12063606253500539,0.10910016262839832,0.013843442890321588
9984.0,0.13363639465917793,0.12096067398073013,0.10957132819078472,0.014074619642781637
9996.0,0.13387759495287882,0.12128361379177269,0.11004099186987788,0.014307994801914909
10008.0,0.13411597736523778,0.12160486446946146,0.11050911467021345,0.01454357936000767
10020.0,0.13435155660823084,0.12192440637069835,0.11097565896367376,0.01478138527252285
10032.0,0.13458434500015365,0.12224221811096123,0.11144059087108915,0.015021425317016503
10044.0,0.13481435198533853,0.12255827708109657,0.11190388227534401,0.015263712933884096
10056.0,0.13504158360511498,0.12287255999527745,0.1123655121879843,0.015508262061380375
10068.0,0.1352660421391602,0.1231850433792685,0.11282546728021153,0.015755086977234923
10080.0,0.13548772610778573,0.12349570391342493,0.11328374149761761,0.016004202158000965
10092.0,0.13570663072639388,0.12380451856340248,0.1137403347892965,0.016255622165145797
10104.0,0.13592274876121416,0.12411146446108741,0.11419525108192619,0.01650936156402286
10116.0,0.13613607159314692,0.12441651853483228,0.11464849570820727,0.016765434878528995
10128.0,0.13634659019952194,0.12471965692671654,0.11510007255144108,0.01702385658075728
10140.0,0.13655429574673505,0.125020854269949,0.11554998119260201,0.01728464111162622
10152.0,0.1367591795636001,0.12532008292684232,0.1159982143440149,0.017547802925598745
10164.0,0.1369612324227125,0.12561731230324086,0.11644475582679607,0.01781335655044796
10176.0,0.1371604432573538,0.12591250835661577,0.11688957929995554,0.018081316651756392
10188.0,0.13735679763103695,0.1262056334017234,0.11733264788015425,0.018351698091538873
10200.0,0.1375502764005701,0.1264966462909344,0.11777391470613623,0.018624515971049138
10212.0,0.13774085502990693,0.12678550300877361,0.11821332440626853,0.018899785649369234
10224.0,0.13792850390540812,0.12707215767573002,0.11865081532950915,0.01917752273161375
10236.0,0.13811318978987697,0.12735656390964673,0.11908632231025165,0.019457743023275048
10248.0,0.13829487827917727,0.12763867644896326,0.11951977966833263,0.019740462450126187
10260.0,0.13847353685738586,0.12791845290565043,0.11995112410921269,0.020025696945916233
10272.0,0.13864913795390674,0.12819585549122717,0.12038029719521295,0.02031346231259156
10284.0,0.1388216613441811,0.12847085255022742,0.12080724711039288,0.02060377405975619
10296.0,0.13899109533059636,0.12874341974401607,0.12123192953539656,0.02089664723140736
10308.0,0.1391574363801895,0.12901354075439206,0.12165430757257577,0.0211920962285857
10320.0,0.13932068723208357,0.1292812074194786,0.12207435079737175,0.021490134636473868
10332.0,0.13948085384486636,0.12954641927046873,0.12249203363696684,0.021790775063742916
10344.0,0.13963794184750924,0.12980918250141674,0.12290733336965572,0.022094029000716293
10356.0,0.13979195331314834,0.13006950846846724,0.12332022808120657,0.022399906701367503
10368.0,0.1399428846488221,0.13032741187185382,0.12373069489942877,0.022708417092473898
10380.0,0.14009072618319665,0.1305829088159332,0.12413870875796086,0.023019567711593907
10392.0,0.1402354636790996,0.13083601496287256,0.12454424182860316,0.023333364674068848
10404.0,0.1403770815742928,0.13108674399006484,0.1249472636304691,0.023649812668083327
10416.0,0.1405155673565879,0.13133510652876965,0.1253477416999911,0.02396891497600859
10428.0,0.14065091619892817,0.1315811097044038,0.1257456426130891,0.024290673519806596
10440.0,0.14078313488248267,0.13182475732357757,0.1261409331074865,0.024615088928145946
10452.0,0.14091224414673867,0.13206605066871885,0.12653358106633628,0.02494216062299171
10464.0,0.14103827890390971,0.13230498977922375,0.12692355618866946,0.02527188692367392
10476.0,0.14116128617746052,0.1325415750301615,0.12731083027106263,0.02560426516670032
10488.0,0.1412813210802914,0.1327758087758753,0.12769537713412524,0.025939291839755473
10500.0,0.14139844153940842,0.133007696813525,0.1280771723206389,0.026276962728342033
10512.0,0.1415127027183761,0.13323724944351684,0.1284561927471371,0.0266172730733308
10524.0,0.14162415213779367,0.1334644819576752,0.12883241649430635,0.02696021773729479
10536.0,0.14173282634248696,0.13368941446488497,0.1292058228730923,0.027305791376953298
10548.0,0.14183874965056587,0.1339120710567988,0.1295763928147606,0.027653988618423848
10560.0,0.1419419351156063,0.1341324784097636,0.12994410952636018,0.028004804231376624
10572.0,0.14204238742617728,0.13435066399975307,0.13030895925499178,0.02835823329771943
10584.0,0.14214010713912348,0.13456665416297073,0.13067093194055507,0.028714271370214775
10596.0,0.14223509545378807,0.13478047225769674,0.1310300215252816,0.029072914616522817
10608.0,0.14232735870837643,0.13499213716957545,0.13138622573539765,0.02943415994461473
10620.0,0.14241691190416392,0.13520166235494366,0.13173954524792028,0.02979800510630433
10632.0,0.14250378079454437,0.13540905554206606,0.13208998228367697,0.030164448776746504
10644.0,0.14258800235279465,0.13561431911923702,0.1324375387978606,0.030533490609051323
10656.0,0.1426696236927643,0.1358174511447403,0.1327822145417179,0.03090513126453202
10668.0,0.14274869971268528,0.1360184468298962,0.13312400531838028,0.03127937242039837
10680.0,0.14282528984045603,0.13621730028431162,0.13346290173847558,0.03165621675778195
10692.0,0.1428994542823902,0.13641400628000924,0.1337988886976811,0.032035667933718315
10704.0,0.14297125014133408,0.1366085617919177,0.1341319456643619,0.032417730541034764
10716.0,0.14304072770956555,0.13680096710508252,0.134462047708305,0.03280241005997448
10728.0,0.1431079271896065,0.13699122633837707,0.13478916705478658,0.03318971280485879
10740.0,0.14317287607060228,0.13717934731159698,0.1351132748440362,0.03357964586823223
10752.0,0.14323558738776795,0.1373653407668337,0.13543434273840627,0.03397221706387701
10764.0,0.143296059097112,0.13754921903484219,0.1357523440581167,0.034367434868975796
10776.0,0.14335427477571347,0.13773099430282562,0.13606725423477453,0.034765308364703026
10788.0,0.1434102057790524,0.13791067668415707,0.1363790505279854,0.0351658471737756
10800.0,0.14346381483544782,0.138088272308753,0.13668771112128741,0.035569061393100156
10812.0,0.1435150608416205,0.13826378164435682,0.1369932138622432,0.03597496151967103
10824.0,0.14356390437747035,0.13843719822648276,0.13729553500454791,0.03638355836829946
10836.0,0.14361031323808812,0.13860850792359378,0.13759464832526216,0.03679486298053244
10848.0,0.1436542671505254,0.13877768880152658,0.1378905249216997,0.037208886525143044
10860.0,0.14369576085622568,0.1389447115853721,0.1381831338518515,0.0376256401917053
10872.0,0.14373480492495136,0.13910954065591782,0.13847244359705216,0.03804513507985452
10884.0,0.14377142401156023,0.13927213546814185,0.1387584241338108,0.038467382087734266
10896.0,0.14380565272045592,0.13943245224599904,0.13904104924396077,0.03889239180372591
10908.0,0.14383752971739064,0.13959044579335217,0.1393202986034898,0.03932017440576815
10920.0,0.1438670911215174,0.13974607126534755,0.13959615919251306,0.03975073957237172
10932.0,0.143894364426224,0.13989928576542737,0.1398686256659149,0.040184096408838806
10944.0,0.143919364170496,0.14005004966624188,0.14013769950110935,0.040620253391269734
10956.0,0.14394209029811428,0.1401983275925245,0.1404033869644529,0.041059218329778366
10968.0,0.14396252964211026,0.1403440890447222,0.14066569616865932,0.04150099835105693
10980.0,0.14398066035080787,0.14048730867854384,0.14092463368510275,0.04194559989915168
10992.0,0.14399645845738074,0.1406279662835506,0.1411802012883054,0.0423930287521435
11004.0,0.1440099053212574,0.1407660465211811,0.14143239342020733,0.04284329005146591
11016.0,0.14402099444668298,0.14090153848886042,0.1416811958630221,0.043296388339903735
11028.0,0.14402973627031632,0.14103443517359734,0.14192658591615914,0.04375232760394047
11040.0,0.14403615989839805,0.14116473284861397,0.14216853411763003,0.044211111316073914
11052.0,0.14404031138976028,0.14129243045364867,0.14240700727874697,0.04467274247299087
11064.0,0.1440422488959006,0.1414175289871,0.14264197236214116,0.045137223626053644
11076.0,0.14404203563013906,0.14154003092878759,0.1428734005716213,0.04560455690136247
11088.0,0.14403973209965654,0.14165993970710847,0.14310127096934577,0.0460747440076638
11100.0,0.14403538919353742,0.14177725922354809,0.1433255730031562,0.04654778623151071
11112.0,0.1440290435389215,0.14189199344929437,0.14354630750492836,0.047023684420275234
11124.0,0.14402071605317593,0.1420041461106705,0.14376348597934896,0.047502438954784176
11136.0,0.14401041393735453,0.14211372047967943,0.14397712829639472,0.04798404971441486
11148.0,0.1439981356243248,0.14222071928119154,0.1441872591776267,0.048468516038364134
11160.0,0.14398387757411585,0.14232514471849658,0.14439390407616084,0.04895583668741575
11172.0,0.14396764143454716,0.14242699860494587,0.14459708515422642,0.049446009810819994
11184.0,0.143949440036825,0.1425262825735847,0.14479681804061917,0.04993903292282882
11196.0,0.143929300980054,0.14262299832241185,0.1449931099057269,0.05043490289299686
11208.0,0.14390726710777837,0.14271714784384298,0.14518595914925395,0.05093361595359352
11220.0,0.14388339386775573,0.14280873358609902,0.1453753566986593,0.051435167726440155
11232.0,0.1438577442181293,0.14289775850310044,0.14556128861862827,0.05193955327028055
11244.0,0.14383038225040384,0.14298422596753063,0.1457437394884882,0.0524467671485226
11256.0,0.14380136693358017,0.14306813954642347,0.14592269586101014,0.05295680351596404
11268.0,0.14377074729981992,0.14314950266560686,0.14609814910034694,0.05346965622203135
11280.0,0.1437385600181862,0.14322831821338172,0.14627009701346264,0.053985318927186624
11292.0,0.1437048297320967,0.1433045881499295,0.14643854391821645,0.054503785228521076
11304.0,0.1436695719028136,0.14337831319343702,0.14660349909085296,0.05502504879014732
11316.0,0.1436327973503054,0.1434494926453353,0.1467649738506001,0.055549103473781246
11328.0,0.14359451733557763,0.143518124396532,0.14692297781013056,0.0560759434648049
11340.0,0.14355474795611894,0.14358420512775263,0.14707751499580118,0.05660556338905917
11352.0,0.14351351283447952,0.14364773068555653,0.1472285805861101,0.057137958415581946
11364.0,0.14347084351104702,0.14370869658740593,0.14737615892015227,0.057673124340473184
11376.0,0.14342677749918037,0.1437670985898327,0.1475202232061281,0.05821105764706777
11388.0,0.1433813544952243,0.14382293324691883,0.14766073705336077,0.05875175553771088
11400.0,0.14333461163713318,0.14387619839297608,0.14779765761680372,0.05929521593277383
11412.0,0.14328657888876573,0.14392689350157442,0.14793093984380234,0.05984143743324881
11424.0,0.14323727556127042,0.14397501989856246,0.14806054110610423,0.060390419244426966
11436.0,0.14318670869551847,0.1440205808335863,0.14818642542590674,0.06094216105985787
11448.0,0.14313487359650987,0.14406358143684397,0.14830856657812733,0.06149666290699227
11460.0,0.1430817563372658,0.14410402860063157,0.14842694955881852,0.06205392495851507
11472.0,0.14302733764415837,0.14414193082620655,0.14854157021246164,0.06261394731617641
11484.0,0.14297159732399756,0.14417729806608032,0.1486524331509269,0.06317672977664066
11496.0,0.14291451834088875,0.14421014157332782,0.14875954840899178,0.06374227159116481
11508.0,0.14285608979475573,0.14424047374817653,0.148862927505674,0.06431057123245586
11520.0,0.14279630834595416,0.14426830795409715,0.14896257967467838,0.06488162618256024
11532.0,0.14273517799401605,0.1442936582662707,0.1490585089740395,0.06545543275492555
11544.0,0.14267270846617644,0.14431653911805034,0.14915071279662148,0.06603198596180299
11556.0,0.14260891272758505,0.14433696482638653,0.14923918201809722,0.06661127943504665
11568.0,0.14254380424312096,0.14435494900255752,0.14932390269467458,0.06719330540438306
11580.0,0.14247739459056208,0.14437050388477166,0.14940485892360342,0.06777805473277396
11592.0,0.14240969187217156,0.14438363965763465,0.14948203626394818,0.06836551700405373
11604.0,0.14234070014777633,0.14439436384346574,0.14955542502419358,0.06895568065408515
11616.0,0.1422704198784481,0.14440268085687744,0.14962502277221426,0.06954853313368274
11628.0,0.14219884918083464,0.1444085918044676,0.14969083559877913,0.07014406108982763
11640.0,0.14212598558330128,0.1444120945867585,0.14975287792954334,0.07074225055140394
11652.0,0.1420518279553817,0.1444131843236271,0.1498111709768409,0.07134308710680412
11664.0,0.141976378335617,0.14441185408367116,0.14986574019065152,0.07194655606307794
11676.0,0.1418996434766671,0.14440809585944592,0.14991661225431888,0.07255264257949108
11688.0,0.1418216360226095,0.1444019017008988,0.1499638122396173,0.07316133177196855
11700.0,0.14174237530093628,0.14439326490325638,0.15000736147738206,0.07377260878845569
11712.0,0.14166188773656074,0.1443821811448411,0.15004727653052397,0.07438645885829884
11724.0,0.14158020688219083,0.14436864948347394,0.15008356941469078,0.07500286732099387
11736.0,0.14149737302972332,0.14435267314328076,0.15011624895063846,0.07562181964087382
11748.0,0.141413432349162,0.14433426005133182,0.1501453229062758,0.07624330141446693
11760.0,0.1413284355194743,0.14431342310987025,0.15017080044068623,0.07686729837646246
11772.0,0.1412424358805834,0.14429018021035098,0.15019269432386603,0.07749379640870291
11784.0,0.1411554872389174,0.14426455400769644,0.1502110224774385,0.07812278155468622
11796.0,0.14106764157369903,0.14423657147724456,0.15022580854279008,0.078754240040038
11808.0,0.1409789469792354,0.14420626327531083,0.15023708139542077,0.07938815829760697
11820.0,0.14088944620191507,0.14417366292108885,0.15024487374027706,0.08002452299447942
11832.0,0.14079917606457426,0.14413880581700952,0.1502492200965798,0.08066332105744214
11844.0,0.14070816791365318,0.14410172812988345,0.15025015457790786,0.08130453969328476
11856.0,0.14061644900169357,0.14406246556734023,0.15024770887835298,0.08194816640076706
11868.0,0.14052404447848318,0.14402105210190363,0.1502419107938492,0.08259418897195686
11880.0,0.14043097947049174,0.14397751871481673,0.15023278346358962,0.0832425954817986
11892.0,0.1403372806390239,0.14393189224823658,0.15022034534649173,0.08389337426602049
11904.0,0.1402429766617987,0.14388419446217432,0.1502046107921429,0.08454651388865747
11916.0,0.14014809728673952,0.14383444138722415,0.15018559095882256,0.08520200310142306
11928.0,0.14005267092868404,0.14378264304372537,0.150163294793797,0.08585983079780732
11940.0,0.13995672115350866,0.14372880356363749,0.1501377298261829,0.08651998596505868
11952.0,0.13986026273321922,0.14367292170730334,0.15010890261582985,0.08718245763711013
11964.0,0.13976329817262526,0.14361499172010092,0.15007681882520846,0.08784723485105285
11976.0,0.13966581563710884,0.14355500443161154,0.15004148300160047,0.08851430660899133
11988.0,0.13956778902476955,0.1434929484698663,0.15000289824286647,0.08918366184610216
12000.0,0.13946918054694052,0.1434288114510907,0.1499610659506779,0.08985528940455803
12012.0,0.13936994567824632,0.14336258101370455,0.1499159858442672,0.09052917801178527
12024.0,0.13927003981484667,0.14329424559310328,0.14986765632544927,0.09120531626043088
12036.0,0.1391694255532661,0.14322379487646858,0.14981607517506548,0.09188369258657099
12048.0,0.13906807927412465,0.14315121992748656,0.14976124045237676,0.09256429524223936
12060.0,0.13896599574866064,0.1430765130211168,0.14970315139194273,0.09324711225841306
12072.0,0.13886318978986334,0.14299966727050234,0.14964180906872562,0.09393213139523571
12084.0,0.13875969449375708,0.14292067615550128,0.1495772166395753,0.09461934007748855
12096.0,0.1386555562590807,0.1428395330716465,0.14950937906035566,0.09530872531505127
12108.0,0.13855082740489866,0.1427562310092394,0.1494383023014747,0.09600027361014785
12120.0,0.13844555769353756,0.1426707624473338,0.14936399221064134,0.09669397085528905
12132.0,0.1383397863058868,0.14258311951137653,0.1492864532691847,0.0973898022276874
12144.0,0.13823353575332561,0.14249329440221545,0.1492056875324895,0.09808775208721332
12156.0,0.1381268088540662,0.14240128006410416,0.14912169402371633,0.09878780388540685
12168.0,0.13801958932181277,0.14230707102535936,0.14903446876619875,0.09948994009248344
12180.0,0.13791184582825794,0.14221066432107288,0.14894400551181514,0.10019414214764633
12192.0,0.13780353874664586,0.14211206039461718,0.148850297078904,0.10090039043548069
12204.0,0.13769462829212592,0.1420112638738721,0.14875333708643973,0.10160866428806199
12216.0,0.13758508254128912,0.14190828412819056,0.14865312178984244,0.1023189420091009
12228.0,0.13747488387885773,0.14180313553140458,0.1485496517059514,0.10303120091347795
12240.0,0.13736403276286857,0.14169583738258518,0.14844293276350976,0.10374541737339577
12252.0,0.13725254824409228,0.1415864134676097,0.14833297681868013,0.10446156686150149
12264.0,0.13714046530629542,0.14147489127855145,0.14821980150793387,0.10517962398194698
12276.0,0.13702782968404612,0.1413613009419818,0.1481034295420281,0.10589956248247523
12288.0,0.1369146912509086,0.14124567393863127,0.14798388764470635,0.10662135524402536
12300.0,0.13680109727637266,0.14112804172234025,0.14786120538648162,0.1073449742485971
12312.0,0.13668708679806255,0.14100843436255503,0.14773541414898086,0.10807039053061097
12324.0,0.13657268707233333,0.14088687933882527,0.14760654638560558,0.10879757412108404
12336.0,0.13645791262054802,0.14076340060578643,0.14747463523969423,0.10952649399698705
12348.0,0.136342766875903,0.14063801802249168,0.14733971447008634,0.11025711804967556
12360.0,0.13622724595775149,0.1405107472022878,0.14720181854512251,0.11098941308602668
12372.0,0.13611134374307743,0.14038159979254447,0.14706098272250895,0.11172334487386
12384.0,0.13599505722383007,0.14025058414323724,0.1469172429449282,0.11245887823962915
12396.0,0.13587839115197492,0.14011770627664932,0.14677063544582394,0.11319597722170865
12408.0,0.13576136116187926,0.13998297103436863,0.1466211960586634,0.11393460527747418
12420.0,0.13564399487339793,0.13984638325816676,0.1464689593290867,0.11467472553742258
12432.0,0.13552633085354443,0.1397079488616995,0.1463139576131154,0.11541630109537683
12444.0,0.1354084156819952,0.13956767567048248,0.14615622038157428,0.11615929532079304
12456.0,0.13529029966729525,0.13942557394505306,0.1459957739282328,0.11690367217755412
12468.0,0.13517203195544736,0.13928165655043773,0.14583264159929546,0.11764939653340148
12480.0,0.13505365584047732,0.1391359387859388,0.14566684454234877,0.11839643444514274
12492.0,0.13493520502768142,0.1389884379344084,0.14549840284254117,0.11914475340667005
12504.0,0.13481670143122382,0.13883917262243356,0.14532733680586218,0.11989432254927418
12516.0,0.1346981548369214,0.1386881620977094,0.14515366809328833,0.12064511278641755
12528.0,0.13457956446389688,0.13853542552630566,0.14497742042325537,0.12139709689779844
12540.0,0.13446092215423724,0.13838098139310054,0.14479861964489474,0.1221502495500844
12552.0,0.13434221664755178,0.13822484705882807,0.14461729312454907,0.12290454725411804
12564.0,0.1342234381953293,0.138067038494039,0.14443346855245134,0.12365996826078354
12576.0,0.13410458267136371,0.13790757018086766,0.14424717242647733,0.12441649240016682
12588.0,0.13398565436328608,0.13774645515329695,0.14405842856807394,0.1251741008711971
12600.0,0.13386666679619186,0.13758370513832904,0.14386725704461542,0.1259327759915696
12612.0,0.13374764123288801,0.13741933076357224,0.1436736738027003,0.12669250092023485
12624.0,0.1336286028841246,0.13725334180779547,0.1434776911690703,0.12745325936679527
12636.0,0.13350957529166205,0.13708574748464514,0.14327931917989337,0.1282150353033986
12648.0,0.1333905737454688,0.13691655676024128,0.14307856749822548,0.1289778126947883
12660.0,0.13327159888564513,0.13674577870825996,0.14287544752040482,0.12974157526079677
12672.0,0.13315263175001593,0.1365734228993545,0.14266997419479951,0.13050630628265747
12684.0,0.1330336314142727,0.13639949980651836,0.14246216710401702,0.1312719884602317
12696.0,0.13291453602578113,0.13622402118838894,0.14225205049489095,0.13203860382200278
12708.0,0.1327952674932601,0.13604700039470438,0.14203965215573305,0.1328061336841225
12720.0,0.13267573944551117,0.1358684525287817,0.14182500129401268,0.133574558649657
12732.0,0.13255586742915462,0.13568839440629635,0.14160812580527093,0.13434385863523465
12744.0,0.1324355798061187,0.13550684427020998,0.14138904949179715,0.13511401291016925
12756.0,0.13231482755090906,0.13532382125696596,0.1411677898461706,0.13588500013318056
12768.0,0.1321935912101438,0.1351393446536545,0.1409443569413622,0.136656798374074
12780.0,0.13207188368728195,0.1349534330313071,0.14071875377435855,0.13742938511181785
12792.0,0.1319497482000004,0.13476610337600875,0.1404909781296224,0.13820273720568865
12804.0,0.1318272516092114,0.13457737035809408,0.14026102571767268,0.13897683084164691
12816.0,0.13170447417702746,0.13438724587420064,0.14002889406705504,0.1397516414609038
12828.0,0.13158149750378215,0.13419573896576617,0.1397945864647381,0.1405271436809046
12840.0,0.13145839277326943,0.13400285616427154,0.13955811519267805,0.14130331122012663
12852.0,0.13133521140973461,0.13380860224654678,0.139319503412017,0.14208011683699276
12864.0,0.13121197980898394,0.13361298131450527,0.1390787852851073,0.1428575322900946
12876.0,0.13108869902499143,0.13341599805557092,0.13883600425474882,0.14363552832244586
12888.0,0.13096534932270235,0.13321765900412053,0.13859120975527026,0.14441407466756834
12900.0,0.13084189854283232,0.13301797361793408,0.13834445294010583,0.14519314007086623
12912.0,0.130718312465819,0.13281695500889565,0.13809578221185884,0.14597269231689275
12924.0,0.13059456497212973,0.13261462021998408,0.13784523939115076,0.14675269825239468
12936.0,0.13047064586292462,0.13241099001160675,0.13759285724757842,0.14753312379666197
12948.0,0.13034656472108783,0.1322060881967468,0.13733865886054886,0.14831393393446649
12960.0,0.1302223500538807,0.13199994063244547,0.13708265892929494,0.1490950926920665
12972.0,0.13009804398476796,0.13179257402284095,0.13682486677860528,0.14987656310239042
12984.0,0.12997369373455073,0.13158401470848144,0.1365652904833241,0.15065830717046905
12996.0,0.1298493418403214,0.13137428760569633,0.13630394132407941,0.15144028585342822
13008.0,0.1297250173488133,0.13116341542215448,0.13604083772967995,0.15222245907013224
13020.0,0.12960073002162992,0.1309514182190825,0.13577600796787442,0.1530047857535767
13032.0,0.12947646894197595,0.13073831332875582,0.13550949109270985,0.15378722395457223
13044.0,0.1293522059524107,0.13052411558014618,0.13524133599295574,0.1545697309988215
13056.0,0.12922790328680223,0.1303088377463072,0.13497159874442416,0.15535226369222851
13068.0,0.1291035238182457,0.13009249111039803,0.1347003387789738,0.15613477856241567
13080.0,0.12897904173431327,0.12987508605412712,0.13442761458535687,0.15691723211914504
13092.0,0.12885445130749745,0.12965663259859805,0.13415347971573083,0.157699581113562
13104.0,0.12872977178771253,0.12943714086476477,0.13387797978024144,0.1584817827763853
13116.0,0.12860504723233532,0.12921662145865723,0.13360115089437993,0.15926379501832819
13128.0,0.1284803411415323,0.12899508581532232,0.13332301974795893,0.1600455765816064
13140.0,0.12835572685922403,0.12877254654781373,0.13304360515236643,0.16082708713842603
13152.0,0.12823127560051226,0.1285490178406326,0.13276292065664197,0.16160828733967222
13164.0,0.1281070444831773,0.12832451590276164,0.13248097765307684,0.16238913882344866
13176.0,0.12798306696426284,0.12809905946027494,0.13219778834772566,0.16316960419765777
13188.0,0.12785934760805923,0.12787267023179053,0.13191336805194578,0.1639496470128303
13200.0,0.12773586223942293,0.1276453733018701,0.1316277364336212,0.16472923174074347
13212.0,0.12761256344963903,0.1274171972963765,0.13134091760742242,0.16550832377129734
13224.0,0.1274893903473446,0.12718817427468693,0.1310529391893304,0.16628688943532063
13236.0,0.1273662806054924,0.12695833928660452,0.13076383064098304,0.1670648960553522
13248.0,0.1272431824163809,0.12672772959186424,0.13047362134621396,0.1678423120209453
13260.0,0.12712006401366677,0.1264963835982379,0.13018233887744313,0.16861910688049064
13272.0,0.12699691893460555,0.12626433962905004,0.12989000782791996,0.16939525143851217
13284.0,0.12687376606379136,0.12603163467110573,0.12959664943193844,0.17017071784607218
13296.0,0.12675064453847584,0.12579830327068484,0.1293022820073577,0.1709454796722195
13308.0,0.12662760459289663,0.12556437673375112,0.1290069220758288,0.1717195119459443
13320.0,0.12650469617794066,0.12532988274756682,0.12871058588373913,0.17249279116035454
13332.0,0.12638195757090634,0.1250948454804935,0.1284132909858135,0.17326529523325016
13344.0,0.12625940612783965,0.12485928614508846,0.12811505757093058,0.1740370034205527
13356.0,0.12613703285803318,0.12462322393911421,0.12781590929559558,0.1748078961809828
13368.0,0.12601480172698845,0.12438667722208609,0.12751587352001847,0.175577954992009
13380.0,0.12589265368447525,0.1241496647513474,0.1272149809824951,0.17634716211865506
13392.0,0.12577051455033414,0.12391220679694177,0.1269132650674161,0.17711550033855958
13404.0,0.12564830523506387,0.12367432597903674,0.12661076089561404,0.17788295262900058
13416.0,0.12552595243725032,0.12343604772040194,0.12630750448009515,0.17864950182453207
13428.0,0.12540339798842542,0.12319740027035253,0.12600353214695117,0.1794151302572944
13440.0,0.12528060537797486,0.12295841432416635,0.1256988803347264,0.18017981939555128
13452.0,0.12515756259459299,0.12271912232165653,0.12539358577868837,0.1809435494989618
13464.0,0.12503428113591275,0.12247955755071749,0.12508768598509612,0.18170629931080448
13476.0,0.12491079172324983,0.12223975320033492,0.12478121982725013,0.18246804580718287
13488.0,0.12478713779038698,0.12199974150142968,0.12447422806442687,0.18322876402072785
13500.0,0.12466336810996927,0.12175955306622682,0.12416675360076854,0.18398842695139853
13512.0,0.12453952994593764,0.12151921649451365,0.12385884135731891,0.18474700557002546
13524.0,0.12441566389547919,0.1212787582671792,0.1235505377120854,0.18550446891199812
13536.0,0.12429180117237014,0.12103820290302485,0.12324188955159021,0.18626078425005185
13548.0,0.12416796357534146,0.12079757332159513,0.12293294305458055,0.18701591732766648
13560.0,0.12404416587776446,0.12055689133727805,0.1226237423804035,0.18776983262928493
13572.0,0.12392041995550461,0.1203161782090331,0.12231432845369418,0.18852249366123952
13584.0,0.12379673970088736,0.12007545518308518,0.12200473802339147,0.18927386321831868
13596.0,0.12367314568330671,0.11983474398729302,0.12169500313363539,0.19002390361515584
13608.0,0.1235496686094837,0.11959406725884403,0.12138515108645552,0.19077257686838028
13620.0,0.12342635087927818,0.11935344890492275,0.12107520491189269,0.19151984482362208
13632.0,0.12330324587721317,0.11911291440434102,0.12076518429946548,0.19226566922968116
13644.0,0.12318041502653362,0.11887249105497805,0.12045510689208605,0.1930100117691439
13656.0,0.1230579230021162,0.11863220815871837,0.12014498980311171,0.19375283405941707
13668.0,0.12293583179828563,0.11839209711679533,0.1198348511905452,0.19449409763995582
13680.0,0.12281419453743957,0.11815219139036981,0.11952471171003526,0.1952337639603498
13692.0,0.12269304996104932,0.11791252627057071,0.11921459567119454,0.19597179438040763
13704.0,0.12257241845935563,0.1176731384046926,0.11890453174155399,0.19670815018837354
13716.0,0.12245230028109197,0.11743406504379625,0.11859455308116447,0.19744279263808753
13728.0,0.12233267624803028,0.11719534301108975,0.11828469684922047,0.1981756830014025
13740.0,0.12221351092391512,0.11695700743597987,0.11797500309992762,0.19890678262939693
13752.0,0.12209475780685362,0.11671909034825055,0.11766551317150883,0.19963605301533036
13764.0,0.12197636578634105,0.11648161927126854,0.11735626775818732,0.20036345585382775
13776.0,0.12185828588527328,0.11624461598312905,0.11704730492482758,0.20108895309389588
13788.0,0.12174047723565443,0.11600809562264917,0.11673865836117046,0.20181250698715938
13800.0,0.12162291133558342,0.11577206629883453,0.11643035616352548,0.20253408013608415
13812.0,0.1215055738987906,0.11553652931799904,0.11612242036952462,0.20325363554894968
13824.0,0.1213884640015092,0.11530148007685158,0.11581486735941222,0.20397113670826988
13836.0,0.1212715906935932,0.11506690959133425,0.11550770909017928,0.20468654765704103
13848.0,0.12115496769271938,0.1148328065512051,0.11520095497168907,0.20539983310294654
13860.0,0.12103860713908005,0.11459915972142362,0.11489461405794452,0.20611095853527384
13872.0,0.12092251358139888,0.11436596046407312,0.11458869714284335,0.20681989034391077
13884.0,0.12080667934808136,0.11413320513633003,0.11428321834188546,0.2075265959255924
13896.0,0.12069108222221314,0.11390089713377012,0.11397819581935936,0.20823104376058518
13908.0,0.12057568592043984,0.11366904839188403,0.11367365147684605,0.20893320344386324
13920.0,0.12046044334621037,0.11343768022515517,0.11336960962769949,0.209633045658638
13932.0,0.1203453020462153,0.11320682346205418,0.11306609490354912,0.21033054208636745
13944.0,0.12023021085145438,0.11297651791382705,0.11276312982620136,0.21102566525510782
13956.0,0.12011512642388082,0.11274681128346545,0.11246073258812492,0.21171838833598886
13968.0,0.12000001841521543,0.11251775766965205,0.11215891558668764,0.21240868490433437
13980.0,0.11988487218824301,0.11228941584355868,0.11185768514224691,0.2130965286863567
13992.0,0.11976968851267485,0.1120618474735067,0.11155704261370925,0.2137818933136932
14004.0,0.11965448024148732,0.11183511544742859,0.11125698684621227,0.21446475210615507
14016.0,0.11953926658342243,0.11160928240292742,0.11095751759948741,0.21514507789833623
14028.0,0.11942406608969497,0.11138440952843211,0.11065863937291072,0.2158228429190941
14040.0,0.11930888976248914,0.11116055565534078,0.11036036491723986,0.21649801872557117
14052.0,0.11919373570448112,0.11093777662718597,0.11006271773679466,0.21717057618664928
14064.0,0.11907858645235672,0.11071612491175604,0.10976573304440343,0.21784048550558657
14076.0,0.1189634096217619,0.1104956494161878,0.10946945690902748,0.21850771626876575
14088.0,0.11884816183523919,0.1102763954703977,0.10917394368004718,0.2191722375071505
14100.0,0.11873279523853739,0.11005840495557787,0.10887925211358439,0.21983401775887662
14112.0,0.11861726536946693,0.10984171656567832,0.10858544089343775,0.22049302512466418
14124.0,0.11850153883996375,0.1096263661953636,0.10829256437373735,0.22114922731149247
14136.0,0.11838559929293821,0.10941238744449146,0.10800066933994737,0.22180259166331556
14148.0,0.11826945040698351,0.10919981221629964,0.10770979339103416,0.22245308517983534
14160.0,0.11815311528735362,0.1089886713668943,0.10741996522485216,0.22310067452519508
14172.0,0.11803663229162312,0.10877899534250807,0.107131206725303,0.22374532602805483
14184.0,0.11792004805283864,0.1085708147248161,0.10684353638255281,0.22438700567337985
14196.0,0.11780340903830155,0.10836416059954859,0.10655697330359602,0.2250256790851671
14208.0,0.1176867533006318,0.10815906467403041,0.10627154094829168,0.22566131149901122
14220.0,0.11757010407140986,0.10795555909633199,0.10598726978285004,0.22629386772442286
14232.0,0.11745346651238682,0.10775367596997125,0.1057041982681333,0.22692331209932126
14244.0,0.1173368283363833,0.10755344660763075,0.10542237194771724,0.2275496084428134
14256.0,0.11722016425490164,0.1073549006167186,0.10514184079784518,0.22817272001647948
14268.0,0.11710344344906311,0.10715806494944442,0.10486265536473735,0.22879260950783575
14280.0,0.11698663864445116,0.10696296307195845,0.10458486246773445,0.22940923905129806
14292.0,0.11686973502177457,0.10676961440523461,0.104308501336422,0.23002257030087878
14304.0,0.11675273718581512,0.10657803416295589,0.10403360095799205,0.23063256456453515
14316.0,0.11663567275114196,0.10638823366140104,0.10376017915812073,0.23123918300269947
14328.0,0.11651859172349863,0.10620022111020215,0.10348824357918446,0.2318423868839067
14340.0,0.11640156164367264,0.10601400282094689,0.10321779433051945,0.23244213788003337
14352.0,0.11628465926562159,0.10582958470446474,0.10294882774898659,0.23303839837428675
14364.0,0.11616796020772081,0.10564697387820308,0.10268134049443568,0.23363113174859407
14376.0,0.11605152841574892,0.10546618018079805,0.10241533315668734,0.23422030261497562
14388.0,0.11593540732982423,0.10528721739621606,0.10215081267524175,0.23480587695874292
14400.0,0.11581961434230005,0.1051101040243627,0.10188779313999413,0.2353878221699664
14412.0,0.11570413952597021,0.10493486349380507,0.10162629489087611,0.2359661069526938
14424.0,0.11558894881671446,0.10476152378638988,0.1013663421903292,0.2365407011171177
14436.0,0.1154739910035636,0.10459011652189847,0.10110796002913172,0.23711157527596305
14448.0,0.11535920717146922,0.10442067562183195,0.10085117078449218,0.23767870048027656
14460.0,0.11524454079426567,0.10425323572473234,0.10059599144983637,0.23824204783927164
14472.0,0.11512994657442253,0.10408783055384263,0.10034243200355429,0.2388015881722807
14484.0,0.11501539639260454,0.10392449143808583,0.10009049521709176,0.23935729173748468
14496.0,0.11490088131311059,0.10376324616028848,0.0998401778826674,0.23990912807229503
14508.0,0.1147864093784299,0.1036041182572089,0.09959147313848854,0.24045706596543417
14520.0,0.11467199976436174,0.10344712683215791,0.09934437334921642,0.24100107356306374
14532.0,0.11455767459217502,0.10329228687237361,0.09909887290595647,0.24154111859333308
14544.0,0.11444345016269265,0.10313960999954846,0.09885497035838145,0.2420771686780535
14556.0,0.114329329494587,0.10298910553149515,0.09861266946541901,0.24260919168900963
14568.0,0.11421529778933641,0.10284078170202429,0.09837197900720693,0.24313715610111805
14580.0,0.11410132185616406,0.1026946468777973,0.09813291148042469,0.24366103129571637
14592.0,0.11398735372555252,0.10255071062505125,0.0978954810397062,0.24418078777423455
14604.0,0.11387333781753987,0.10240898451245592,0.09765970119874717,0.24469639725407866
14616.0,0.11375922028257875,0.10226948258329267,0.09742558283681692,0.2452078326329054
14628.0,0.11364495864979529,0.10213222148339118,0.09719313296774404,0.24571506782253824
14640.0,0.11353052980105972,0.10199722028300053,0.09696235454355419,0.24621807746765265
14652.0,0.113415934569042,0.10186450007364896,0.0967332473281147,0.24671683657552151
14664.0,0.11330119788461666,0.10173408344911915,0.09650580964090602,0.24721132009061703
14676.0,0.11318636425484728,0.10160599398916607,0.09628004058797536,0.24770150245138803
14688.0,0.11307148927113028,0.10148025585444177,0.09605594230300726,0.24818735716629334
14700.0,0.11295662864667638,0.10135689357301828,0.09583352173198233,0.2486688564427819
14712.0,0.11284182680302816,0.10123593205732508,0.09561279160251256,0.24914597089717472
14724.0,0.11272710715964271,0.10111739684174943,0.09539377039579625,0.2496186693661332
14736.0,0.11261246599691876,0.10100131448332372,0.09517648134437788,0.250086918832279
14748.0,0.11249787111222836,0.10088771302870252,0.09496095066832906,0.2505506844680717
14760.0,0.11238326559467562,0.10077662242679597,0.09474720539824953,0.2510099297935962
14772.0,0.11226857608081146,0.10066807476256395,0.09453527119178323,0.25146461693574085
14784.0,0.11215372400863813,0.10056210420512898,0.0943251705253012,0.25191470696865337
14796.0,0.11203863782648009,0.10045874660061563,0.0941169215458973,0.2523601603087718
14808.0,0.11192326394619936,0.10035803869171317,0.09391053772636834,0.2528009371327037
14820.0,0.11180757448817501,0.10026001700400669,0.09370602830981233,0.2532369977834561
14832.0,0.11169157049531969,0.10016471649432562,0.0935033993926141,0.2536683031306758
14844.0,0.11157528016833194,0.10007216909952783,0.09330265539932574,0.2540948148541589
14856.0,0.11145875261963584,0.09998240234779027,0.09310380066310185,0.2545164956270927
14868.0,0.11134204847192818,0.09989543819421881,0.09290684084088667,0.25493330918597074
14880.0,0.11122522917741526,0.09981129221798958,0.09271178395238155,0.2553452202869908
14892.0,0.11110834710227167,0.09972997327301021,0.09251864091782801,0.2557521945625953
14904.0,0.1109914381826934,0.09965148362553548,0.09232742556171636,0.2561541983048791
14916.0,0.1108745183718226,0.09957581954989106,0.09213815413030044,0.2565511982130013
14928.0,0.11075758428805327,0.09950297229763432,0.09195084442891498,0.2569431611478173
14940.0,0.11064061761441597,0.09943292931500347,0.09176551471648492,0.25733005393753716
14952.0,0.11052359206225983,0.09936567556432248,0.09158218250168781,0.25771184327289187
14964.0,0.11040648124691768,0.09930119480905765,0.0914008633745446,0.25808849571950393
14976.0,0.11028926571560951,0.09923947074705365,0.09122156998652711,0.25845997786021513
14988.0,0.11017193762941381,0.09918048791594455,0.09104431126789758,0.25882625656298597
15000.0,0.11005450216585608,0.09912423234024167,0.09086909194624053,0.2591872993529973
15012.0,0.10993697544946412,0.09907069193192918,0.09069591240515917,0.2595430748530993
15024.0,0.10981937957433514,0.09901985668764438,0.09052476889504867,0.25989355324675095
15036.0,0.10970173589642837,0.09897171874070626,0.09035565407683165,0.26023870671336763
15048.0,0.10958405811957772,0.09892627232430551,0.09018855784454416,0.2605785097879924
15060.0,0.10946634671345513,0.09888351368600813,0.09002346833679095,0.26091293960494905
15072.0,0.10934858589082594,0.0988434409694835,0.08986037301652466,0.26124197599737786
15084.0,0.10923074381031626,0.09880605405487189,0.08969925968124516,0.26156560143950086
15096.0,0.10911277598455547,0.09877135433206925,0.0895401172688514,0.261883800834096
15108.0,0.10899463120914404,0.098739344376974,0.0893829363520538,0.2621965611620752
15120.0,0.10887625882307803,0.0987100275114982,0.08922770926518532,0.2625038710227332
15132.0,0.10875761586555664,0.09868340725193622,0.0890744298740191,0.26280572010121234
15144.0,0.1086386727494016,0.09865948668146726,0.08892309306915196,0.2631020986036695
15156.0,0.10851941640534075,0.09863826781308045,0.08877369412128241,0.2633929967007618
15168.0,0.10839985038499043,0.09861975103044478,0.08862622806785146,0.26367840401699166
15180.0,0.10827999202649519,0.09860393469913484,0.08848068929533405,0.26395830919798424
15192.0,0.10815986735676818,0.09859081502545701,0.08833707143804134,0.2642326995807058
15204.0,0.10803950481517745,0.09858038620565505,0.08819536763974939,0.26450156098363853
15216.0,0.10791892906084158,0.09857264085985543,0.08805557113409195,0.264764877625446
15228.0,0.10779815604673738,0.09856757069175401,0.08791767601381748,0.2650226321719762
15240.0,0.1076771902393491,0.09856516726761579,0.08778167799858934,0.2652748059027387
15252.0,0.10755602440708917,0.09856542277707304,0.08764757499232163,0.2655213789794906
15264.0,0.10743464189403922,0.09856833063110682,0.0875153672515615,0.265762330791658
15276.0,0.10731302084042019,0.09857388577254966,0.08738505706237432,0.265997640346603
15288.0,0.10719113949175646,0.09858208461907995,0.0872566479297327,0.2662272866679911
15300.0,0.10706898160468525,0.09859292462045284,0.08713014339755978,0.26645124916358215
15312.0,0.1069465410168772,0.09860640347934624,0.08700554571318107,0.26666950792537736
15324.0,0.10682382467035478,0.09862251814590856,0.08688285460370916,0.2668820439306292
15336.0,0.10670085370160738,0.09864126373822549,0.08676206642901546,0.2670888391216646
15348.0,0.10657766256519492,0.09866263255638484,0.08664317391396632,0.2672898763550859
15360.0,0.10645429647066593,0.09868661334378676,0.08652616655249581,0.26748513922540507
15372.0,0.10633080763414497,0.09871319090886777,0.08641103164026927,0.2676746117827803
15384.0,0.10620725095075081,0.09874234616173962,0.08629775576026272,0.2678582781772994
15396.0,0.10608367968470564,0.0987740565550944,0.08618632644587969,0.26803612227134915
15408.0,0.105960141675769,0.0988082968597384,0.08607673370212235,0.2682081272656173
15420.0,0.10583667641149075,0.09884504016316895,0.085968971087871,0.26837427538251185
15432.0,0.10571331315420796,0.09888425896152532,0.08586303614793495,0.2685345476434217
15444.0,0.10559007017074983,0.09892592622241696,0.0857589301145689,0.2686889237643322
15456.0,0.10546695500799141,0.09897001632436406,0.08565665694661476,0.2688373821795845
15468.0,0.10534396568970987,0.0990165058192046,0.08555622190818518,0.26897990018819035
15480.0,0.10522109266884283,0.09906537400580445,0.0854576299787318,0.26911645420326474
15492.0,0.10509832133853284,0.09911660333604014,0.08536088441292433,0.2692470200746938
15504.0,0.10497563487240626,0.09917017968948891,0.08526598572653342,0.26937157344932255
15516.0,0.1048530171254069,0.09922609254855284,0.08517293128330704,0.2694900901321577
15528.0,0.10473045528859015,0.09928433508345554,0.08508171552062585,0.2696025464159168
15540.0,0.1046079419715031,0.09934490412432456,0.08499233070942648,0.26970891935362956
15552.0,0.10448547640486963,0.09940779996631827,0.08490476802836229,0.2698091869584027
15564.0,0.10436306453098748,0.09947302593500024,0.08481901866905713,0.2699033283242884
15576.0,0.10424071788462269,0.09954058764214636,0.0847350746922213,0.269991323671057
15588.0,0.10411845135178505,0.09961049189132239,0.08465292942192752,0.2700731543226307
15600.0,0.10399628009903147,0.09968274524601058,0.08457257728142792,0.2701488026335922
15612.0,0.10387421615077891,0.09975735234246705,0.08449401311154307,0.2702182518806858
15624.0,0.10375226521171367,0.09983431410144751,0.08441723114011569,0.27028148613708314
15636.0,0.10363042434838185,0.099913626051572,0.08434222385900199,0.2703384901470391
15648.0,0.10350868103912628,0.09999527700740027,0.0842689810933615,0.2703892492179637
15660.0,0.10338701388078732,0.1000792483364969,0.08419748951001069,0.27043374914613505
15672.0,0.1032653949372732,0.1001655139980264,0.0841277327157897,0.27047197619116425
15684.0,0.1031437933849915,0.10025404144515525,0.08405969196481428,0.2705039171124484
15696.0,0.10302217982089976,0.10034479336714577,0.08399334735489657,0.2705295592776054
15708.0,0.10290053041583898,0.10043773012291646,0.08392867927957266,0.27054889084773864
15720.0,0.10277883006671,0.10053281260716526,0.08386566983882135,0.270561901037127
15732.0,0.10265707384425225,0.10063000521282761,0.08380430391324181,0.27056858043588106
15744.0,0.10253526633119114,0.10072927852449914,0.0837445696733232,0.2705689213741595
15756.0,0.10241341884642426,0.1008306114032476,0.08368645841327003,0.2705629182971175
15768.0,0.10229154497755628,0.10093399220116439,0.08362996374226402,0.27055056811256817
15780.0,0.10216965520933292,0.10103941896204123,0.08357508030411964,0.2705318704700453
15792.0,0.10204775166050566,0.10114689860356874,0.0835218022993327,0.270506827931799
15804.0,0.10192582397311897,0.1012564452136865,0.08347012212948048,0.27047544600373397
15816.0,0.101803847220985,0.1013680777069564,0.08342002946308802,0.2704377330069569
15828.0,0.10168178234592459,0.10148181715845854,0.0833715109389658,0.2703936997870149
15840.0,0.1015595791575763,0.101597684152807,0.0833245505952809,0.270343359275877
15852.0,0.10143718143757083,0.10171569645384873,0.08327913096701209,0.27028672593860514
15864.0,0.10131453327144972,0.10183586722496064,0.08323523466101708,0.2702238151498941
15876.0,0.10119158547848717,0.1019582039262991,0.08319284612365462,0.2701546425531778
15888.0,0.10106830097560948,0.10208270790354851,0.08315195327898958,0.27007922345566954
15900.0,0.10094465810824771,0.1022093745824149,0.08311254874199957,0.2699975723065485
15912.0,0.10082065137261174,0.10233819411045621,0.08307463039364531,0.2699097022937075
15924.0,0.10069628946450015,0.10246915225251813,0.0830382012246795,0.26981562507913687
15936.0,0.10057159111786634,0.10260223134986798,0.08300326848719652,0.2697153506767548
15948.0,0.10044657963548227,0.10273741119024336,0.08296984231035937,0.26960888746192607
15960.0,0.10032127727445897,0.10287466969468208,0.08293793401700522,0.2694962422911468
15972.0,0.10019570067663089,0.10301398339229768,0.08290755440734209,0.26937742070462567
15984.0,0.10006985832007097,0.10315532771141082,0.08287871225248157,0.2692524271838893
15996.0,0.09994375055405307,0.10329867715317154,0.08285141317316869,0.26912126544015724
16008.0,0.09981737224703201,0.1034440054259509,0.08282565898559338,0.26898393871537374
16020.0,0.09969071753149239,0.10359128560560067,0.08280144749886291,0.26884045008441365
16032.0,0.09956378567986288,0.10374049035425574,0.08277877266914321,0.26869080275220436
16044.0,0.09943658688251905,0.10389159218886425,0.08275762496973013,0.26853500034204114
16056.0,0.09930914667594419,0.10404456375182351,0.0827379918316218,0.2683730471708108
16068.0,0.099181507992798,0.10419937801056026,0.08271985804264642,0.26820494850374366
16080.0,0.09905373023389419,0.10435600830768134,0.08270320605292572,0.26803071077704005
16092.0,0.09892588531286163,0.10451442820049581,0.08268801620257125,0.2678503417730623
16104.0,0.0987980511918671,0.10467461106501337,0.0826742669446657,0.2676638507315007
16116.0,0.09867030390271589,0.1048365294872468,0.08266193516661684,0.2674712483822533
16128.0,0.09854270934176204,0.10500015451342865,0.0826509967068217,0.26727254689206714
16140.0,0.09841531618478894,0.10516545486991077,0.08264142712148069,0.2670677597266034
16152.0,0.09828815108042169,0.10533239628434413,0.0826332026879189,0.2668569014408898
16164.0,0.09816121688536207,0.10550094103732119,0.08262630155262436,0.26663998742187495
16176.0,0.09803449417795887,0.1056710478478046,0.08262070486439083,0.2664170336146257
16188.0,0.09790794572765618,0.10584267215079157,0.08261639769401218,0.2661880562666637
16200.0,0.09778152310970888,0.10601576676977892,0.08261336954455277,0.265953071721958
16212.0,0.09765517432426547,0.10619028292954369,0.08261161430383092,0.2657120962873231
16224.0,0.09752885116154525,0.10636617150622557,0.08261112957660478,0.26546514618078487
16236.0,0.0974025151640231,0.10654338437936173,0.08261191544208403,0.26521223755625006
16248.0,0.09727614134333921,0.10672187573874081,0.08261397279095786,0.2649533865844621
16260.0,0.09714971924954265,0.10690160320820995,0.08261730148209524,0.26468860955958556
16272.0,0.0970232514766883,0.10708252867580706,0.08262189860332245,0.26441792299601596
16284.0,0.09689675013035534,0.1072646187590986,0.08262775711239133,0.2641413436821815
16296.0,0.09677023210060698,0.10744784487941728,0.08263486507350706,0.2638588886668329
16308.0,0.09664371412649898,0.10763218296202862,0.08264320560284054,0.2635705751669134
16320.0,0.0965172085892164,0.10781761281568367,0.08265275751348901,0.26327642040188515
16332.0,0.09639072075093982,0.1080041172711816,0.08266349653120392,0.2629764413742407
16344.0,0.09626424781747965,0.10819168117333434,0.08267539686096831,0.2626706546269579
16356.0,0.0961377798162267,0.10838029032481653,0.08268843283920815,0.2623590760137802
16368.0,0.09601130192385329,0.10856993047568632,0.08270258041500073,0.2620417205165974
16380.0,0.09588479761747883,0.10876058644114629,0.08271781826214489,0.26171860213642384
16392.0,0.09575825190358228,0.10895224141438375,0.08273412841742901,0.26138973387234443
16404.0,0.09563165391606247,0.10914487652248486,0.08275149644635071,0.26105512778894713
16416.0,0.09550499835266335,0.10933847065226295,0.08276991123105087,0.2607147951600552
16428.0,0.095378285495068,0.10953300054990914,0.08278936453497857,0.26036874666746473
16440.0,0.09525151987272275,0.10972844117438138,0.0828098505120763,0.2600169926294096
16452.0,0.09512470791935387,0.10992476626071114,0.08283136529409564,0.2596595432348977
16464.0,0.09499785517736035,0.11012194902802541,0.08285390671915933,0.2592964087659266
16476.0,0.09487096369030239,0.11031996295077946,0.08287747417854754,0.25892759979794727
16488.0,0.09474403017406235,0.11051878250334123,0.08290206848208469,0.25855312737738995
16500.0,0.09461704538615569,0.11071838378995554,0.0829276915988407,0.25817300318130776
16512.0,0.09448999485665985,0.11091874498522916,0.08295434613462584,0.25778723966664574
16524.0,0.09436286085555218,0.1111198465337444,0.08298203446410898,0.2573958502148001
16536.0,0.09423562520754124,0.1113216710883472,0.08301075753257711,0.2569988492717023
16548.0,0.09410827237880218,0.11152420320050234,0.08304051345754832,0.256596252476382
16560.0,0.09398079218722581,0.11172742880741261,0.08307129616369857,0.2561880767641664
16572.0,0.09385318154385662,0.1119313345841173,0.08310309434585246,0.25577434042669106
16584.0,0.09372544480875226,0.11213590724063129,0.08313589105162891,0.2553550631114602
16596.0,0.0935975926077013,0.11234113284274634,0.0831696640990338,0.25493026574943284
16608.0,0.0934696392586535,0.11254699622148394,0.08320438740334148,0.2544999704093578
16620.0,0.09334159924208062,0.11275348051397786,0.08324003310715113,0.2540642000904253
16632.0,0.093213483363766,0.11296056685310676,0.08327657422477318,0.25362297847751075
16644.0,0.09308529535959138,0.11316823420029341,0.08331398736863334,0.2531763296928851
16656.0,0.09295702965714324,0.11337645930040682,0.08335225505763938,0.2527242780822573
16668.0,0.09282867083962454,0.11358521673236487,0.08339136713796827,0.2522668480699721
16680.0,0.09270019507895151,0.11379447903370347,0.08343132097784457,0.25180406410816975
16692.0,0.09257157346260386,0.11400421688907107,0.08347212030974947,0.25133595072931453
16704.0,0.09244277679119746,0.11421439938624647,0.08351377284702662,0.25086253269358505
16716.0,0.09231378113235625,0.11442499435304235,0.08355628704619282,0.25038383520572727
16728.0,0.09218457323526558,0.11463596878939646,0.08359966856944048,0.24989988416358638
16740.0,0.09205515487611624,0.1148472893984921,0.0836439170821643,0.24941070639529345
16752.0,0.09192554533008457,0.11505892319964763,0.08368902397623514,0.2489163298451971
16764.0,0.09179578143571439,0.11527083817821812,0.0837349714453203,0.24841678367957312
16776.0,0.09166591509175918,0.11548300390082872,0.08378173308395463,0.24791209829972416
16788.0,0.09153600844395038,0.11569539200603347,0.08382927588789058,0.2474023052688881
16800.0,0.09140612740888537,0.11590797647823126,0.08387756326020983,0.2468874371764887
16812.0,0.09127633447535385,0.11612073363075712,0.08392655843363983,0.24636752747509907
16824.0,0.09114668186534167,0.11633364176251706,0.083976227646743,0.24584261032956262
16836.0,0.09101720609781655,0.11654668050640359,0.08402654247705642,0.24531272051319017
16848.0,0.0908879247795803,0.1167598299476945,0.08407748092506852,0.24477789337381173
16860.0,0.09075883608268585,0.11697306964465823,0.08412902711875436,0.24423816487531633
16872.0,0.09062992091844956,0.1171863777193737,0.08418116980962746,0.24369357170181943
16884.0,0.09050114736267337,0.11739973019452785,0.08423390009186554,0.24314415139567097
16896.0,0.09037247650762055,0.11761310072678899,0.08428720893815214,0.24258994249049093
16908.0,0.0902438686841819,0.11782646083079597,0.08434108517279704,0.24203098459832517
16920.0,0.09011528895773652,0.11803978060799104,0.08439551438761424,0.24146731841617006
16932.0,0.08998671096372729,0.11825302990498711,0.08445047907395384,0.24089898563008572
16944.0,0.0898581184860603,0.11846617974334905,0.08450595994697872,0.2403260287120653
16956.0,0.08972950463110684,0.11867920380273446,0.08456193814305084,0.2397484906221675
16968.0,0.08960086892709673,0.11889207971481025,0.08461839774583786,0.23916641444262665
16980.0,0.08947221309044398,0.11910478994244669,0.08467532799458351,0.23857984297904722
16992.0,0.08934353646505787,0.11931732207579049,0.08473272457494734,0.2379888183650889
17004.0,0.08921483220317582,0.11952966846462006,0.08479058958149706,0.23739338170162746
17016.0,0.08908608510086187,0.11974182520953518,0.08484893003152452,0.2367935727510954
17028.0,0.0889572716555178,0.11995379063458683,0.08490775513859493,0.23618942969543233
17040.0,0.08882836244310963,0.1201655634429923,0.0849670728473986,0.23558098895495608
17052.0,0.0886993264126685,0.12037714080173906,0.08502688632184635,0.23496828505815753
17064.0,0.08857013626694626,0.12058851660304871,0.08508719112051995,0.23435135055046302
17076.0,0.08844077383093915,0.12079968011180778,0.08514797367454029,0.23373021593343551
17088.0,0.08831123426371322,0.12101061513685642,0.08520921142548275,0.23310490963327377
17100.0,0.08818152815922584,0.12122129977494163,0.08527087463926504,0.2324754580062844
17112.0,0.08805168097613235,0.12143170668641023,0.08533292955968966,0.231841885396267
17124.0,0.0879217297595794,0.12164180378774976,0.08539534227967088,0.2312042142618114
17136.0,0.08779171766593666,0.12185155520021211,0.08545808255247855,0.2305624653887373
17148.0,0.087661687262685,0.12206092228191659,0.08552112677493286,0.2299166581941744
17160.0,0.08753167385358551,0.12226986459169606,0.08558445954858758,0.22926681111556257
17172.0,0.08740170011233722,0.12247834067861486,0.085648073526508,0.22861294206292707
17184.0,0.08727177308341814,0.12268630864912908,0.08571196761699482,0.22795506889963724
17196.0,0.08714188416630843,0.1228937265202859,0.08577614396233788,0.22729320990884225
17208.0,0.08701201212377274,0.1231005524097589,0.08584060436481089,0.22662738420230422
17220.0,0.08688212856006826,0.12330674463371799,0.08590534693842106,0.225957612036248
17232.0,0.08675220482054842,0.12351226177921033,0.08597036370080757,0.22528391501407827
17244.0,0.08662221897139913,0.12371706279262089,0.08603563960017908,0.22460631617560595
17256.0,0.08649216148896895,0.12392110708855046,0.08610115314658001,0.22392483999281987
17268.0,0.08636203853152866,0.12412435464544434,0.08616687845761986,0.2232395123089236
17280.0,0.0862318721364212,0.12432676602679965,0.08623278821571265,0.2225503602666281
17292.0,0.08610169729025723,0.12452830225829406,0.08629885683587285,0.22185741227128913
17304.0,0.08597155643899675,0.12472892450549102,0.0863650631033306,0.2211606980241581
17316.0,0.08584149251467597,0.12492859353205396,0.08643139166646308,0.2204602486426492
17328.0,0.08571154185385388,0.12512726896760482,0.08649783303371461,0.21975609686178052
17340.0,0.08558172840943236,0.12532490846681404,0.08656438206401385,0.21904827728851897
17352.0,0.08545206040663232,0.1255214668850514,0.08663103528253646,0.21833682666340093
17364.0,0.08532253011539231,0.1257168956203334,0.08669778762147116,0.2176217840752899
17376.0,0.08519311680045455,0.12591114226938682,0.08676462931963436,0.2169031910774609
17388.0,0.08506379228808975,0.12610415071557493,0.08683154368613759,0.21618109166611446
17400.0,0.08493452807751414,0.1262958617119496,0.08689850624871148,0.21545553210347024
17412.0,0.08480530262528192,0.12648621395241139,0.08696548550784983,0.2147265605926205
17424.0,0.08467610739933973,0.12667514554967663,0.0870324451696529,0.2139942268353697
17436.0,0.08454695053957315,0.1268625957731935,0.08709934740926671,0.21325858152260999
17448.0,0.08441785742372664,0.12704850685458335,0.08716615649265648,0.21251967581587589
17460.0,0.08428886802908248,0.1272328256503954,0.08723284200494723,0.2117775608770292
17472.0,0.0841600315852222,0.12741550496495208,0.08729938101474069,0.2110322874912401
17484.0,0.08403139951530256,0.12759650437766565,0.08736575872692294,0.21028390580930953
17496.0,0.08390301796883862,0.12777579048266596,0.0874319674926052,0.20953246521309307
17508.0,0.08377492130450706,0.12795333652388144,0.08749800438601786,0.2087780142870058
17520.0,0.08364712768290834,0.12812912148440717,0.08756386785232997,0.20802060086344767
17532.0,0.0835196375211162,0.12830312875412533,0.08762955411681089,0.20726027210321382
17544.0,0.08339243502603452,0.12847534454537693,0.08769505408783347,0.20649707457431254
17556.0,0.08326549246579061,0.12864575624771757,0.08776035137844015,0.20573105430281546
17568.0,0.08313877636147382,0.12881435090812096,0.08782542183944317,0.20496225678442476
17580.0,0.08301225446966518,0.1289811139950049,0.08789023469211317,0.20419072696142251
17592.0,0.0828859023288862,0.12914602855889412,0.08795475503460115,0.20341650918260326
17604.0,0.08275970826758239,0.1293090748471768,0.08801894723693479,0.2026396471706165
17616.0,0.0826336760835911,0.12947023037368804,0.08808277858451628,0.20186018402037967
17628.0,0.08250782503889913,0.12962947039351694,0.08814622250576538,0.2010781622442786
17640.0,0.08238218728465092,0.12978676869541173,0.0882092608243047,0.20029362386692298
17652.0,0.08225680325457706,0.12994209860180245,0.08827188468224295,0.19950661055765426
17664.0,0.08213171586984712,0.13009543406024413,0.08833409404218594,0.1987171637765857
17676.0,0.0820069645409961,0.13024675071779673,0.08839589593697172,0.19792532490294718
17688.0,0.08188257992162584,0.130396026887256,0.0884573018467994,0.19713113531488013
17700.0,0.08175858018424445,0.1305432443359364,0.0885183247062785,0.1963346363977882
17712.0,0.08163496929600432,0.13068838884870104,0.08857897606231473,0.1955358694722973
17724.0,0.08151173743061162,0.13083145053318868,0.08863926382329164,0.19473487564977354
17736.0,0.08138886332369448,0.1309724238448901,0.08869919088560685,0.19393169563941598
17748.0,0.08126631811458422,0.13111130731360932,0.08875875473262547,0.19312636954255763
17760.0,0.08114407005247443,0.13124810295407105,0.08881794791449346,0.1923189366743221
17772.0,0.08102208939257156,0.13138281534683433,0.0888767591707988,0.19150943544914736
17784.0,0.08090035286059476,0.13151545038648527,0.08893517487555253,0.19069790335567524
17796.0,0.08077884719781347,0.13164601371642445,0.08899318047353948,0.18988437703053876
17808.0,0.08065757148006718,0.1317745089049062,0.08905076163141282,0.18906889242315994
17820.0,0.08053653809713299,0.13190093546306342,0.08910790492652615,0.18825148502856506
17832.0,0.08041577245226836,0.1320252868561056,0.08916459801545752,0.18743219015560644
17844.0,0.08029531157394128,0.13214754870387005,0.08922082933630691,0.18661104319570299
17856.0,0.0801752019122312,0.13226769739472063,0.08927658748325626,0.1857880798624076
17868.0,0.08005549662156354,0.132385699336206,0.08933186043655189,0.18496333638318532
17880.0,0.0799362526181113,0.13250151102894098,0.08938663483396392,0.18413684963882415
17892.0,0.07981752765790705,0.1326150800746531,0.08944089543755857,0.18330865725937565
17904.0,0.0796993776250631,0.13272634712047482,0.08949462489465689,0.18247879769513486
17916.0,0.07958185416113754,0.13283524861234286,0.08954780382846474,0.18164731028465067
17928.0,0.07946500271545491,0.1329417201001769,0.0896004112348449,0.18081423533839056
17940.0,0.07934886105659258,0.13304569972918912,0.0896524251159578,0.17997961424748074
17952.0,0.07923345825798069,0.1331471314874026,0.08970382325311854,0.17914348961439058
17964.0,0.07911881415372443,0.13324596777616837,0.08975458401003909,0.17830590538988883
17976.0,0.07900493925118403,0.13334217093582318,0.08980468706074883,0.17746690699148152
17988.0,0.07889183508124431,0.13343571348836614,0.08985411395012459,0.17662654137547754
18000.0,0.07877949496281093,0.133526577036528,0.0899028484159489,0.1757848570390007
18012.0,0.07866790515282894,0.13361474995690617,0.08995087642790422,0.17494190393909032
18024.0,0.0785570463455646,0.13370022421098823,0.08999818593013957,0.1740977333312419
18036.0,0.0784468954739263,0.133782991738872,0.0900447663093701,0.17325239754588848
18048.0,0.07833742775045273,0.1338630409696477,0.09009060764814887,0.17240594973456314
18060.0,0.07822861886602932,0.13394035396501192,0.09013569985924323,0.17155844362447292
18072.0,0.0781204472411598,0.13401490460946036,0.09018003182611141,0.17070993331890522
18084.0,0.07801289619997089,0.1340866580881217,0.09022359068924854,0.16986047317106565
18096.0,0.0779059559151197,0.13415557168208914,0.09026636141214603,0.16901011774232963
18108.0,0.0777996249581001,0.134221596699005,0.09030832673000055,0.16815892183580933
18120.0,0.07769391129066432,0.13428468118221915,0.09034946752999107,0.1673069405768386
18132.0,0.07758883255523912,0.13434477293651081,0.09038976364045181,0.1664542294976955
18144.0,0.07748441556912875,0.1344018223900066,0.09042919492941864,0.165600844577907
18156.0,0.07738069499883102,0.13445578488112975,0.09046774254598806,0.1647468421954164
18168.0,0.0772777112816944,0.13450662209927922,0.09050539009609503,0.16389227895728029
18180.0,0.07717550796181001,0.13455430258761678,0.09054212453960991,0.16303721139893243
18192.0,0.07707412870049662,0.13459880139757952,0.09057793663321642,0.1621816955644591
18204.0,0.07697361429189509,0.1346400991300651,0.09061282081965598,0.16132578650215973
18216.0,0.07687400004494184,0.1346781806790737,0.09064677456594977,0.16046953772564132
18228.0,0.07677531387275634,0.13471303399640105,0.09067979726154798,0.15961300069776438
18240.0,0.07667757535530327,0.13474464912514278,0.09071188887937605,0.15875622439175285
18252.0,0.07658079591674714,0.13477301762641536,0.09074304865770959,0.1578992549716373
18264.0,0.07648498010073965,0.13479813238071756,0.09077327406473401,0.15704213561572739
18276.0,0.07639012775861566,0.1348199876196683,0.09080256025694806,0.15618490648605304
18288.0,0.07629623681523759,0.1348385789676916,0.09083090014551053,0.15532760482804708
18300.0,0.07620330617265464,0.13485390326634947,0.09085828506009458,0.1544702651719096
18312.0,0.07611133827461104,0.13486595801885992,0.09088470587359777,0.15361291960237106
18324.0,0.07602034089644913,0.13487474041303182,0.09091015435036158,0.15275559806729913
18336.0,0.07593032784271819,0.1348802460267504,0.09093462442794073,0.15189832870610745
18348.0,0.07584131841225314,0.13488246745291607,0.09095811315061361,0.1510411381929647
18360.0,0.07575333569908549,0.13488139316349534,0.09098062104138423,0.15018405210326122
18372.0,0.07566640400147724,0.13487700693881438,0.09100215181450762,0.14932709532067404
18384.0,0.07558054577397068,0.1348692881096717,0.09102271146828769,0.14847029250352745
18396.0,0.07549577864809727,0.13485821270805765,0.09104230692837441,0.14761366862178388
18408.0,0.07541211304799547,0.13484375542781182,0.09106094450650504,0.14675724956082628
18420.0,0.07532955083556686,0.13482589210245308,0.09107862847763978,0.14590106276808998
18432.0,0.07524808525100188,0.13480460225963245,0.09109536005114804,0.1450451378978777
18444.0,0.07516770219826689,0.13477987124839808,0.09111113692494877,0.14418950739319458
18456.0,0.07508838270044732,0.13475169147784727,0.09112595348438329,0.1433342069355515
18468.0,0.07501010615748765,0.13472006245200652,0.09113980156823036,0.1424792756973602
18480.0,0.07493285391352149,0.13468498951049038,0.09115267160355596,0.14162475634763552
18492.0,0.07485661260432418,0.13464648144316319,0.091164553835738,0.14077069478869553
18504.0,0.07478137681185264,0.13460454738529015,0.09117543936653187,0.13991713963569075
18516.0,0.0747071506886951,0.13455919356503224,0.09118532076404404,0.13906414148679316
18528.0,0.07463394840173458,0.13451042052880524,0.09119419211207451,0.13821175206379607
18540.0,0.07456179344357178,0.13445822139600577,0.09120204849884835,0.13736002332518482
18552.0,0.0744907170333065,0.1344025815040965,0.09120888507669515,0.13650900666231747
18564.0,0.07442075594325569,0.13434347953482156,0.09121469592522476,0.1356587522822357
18576.0,0.07435195012683407,0.13428088991744744,0.09121947299858389,0.13480930885834633
18588.0,0.0742843404840341,0.1342147860471653,0.09122320542218428,0.13396072349573868
18600.0,0.07421796700046883,0.13414514369129105,0.09122587932991265,0.1331130420161258
18612.0,0.07415286736231498,0.13407194391900923,0.09122747831654841,0.13226630952433255
18624.0,0.07408907601711859,0.133995174991406,0.09122798444834739,0.13142057118006426
18636.0,0.07402662355138746,0.13391483286717096,0.09122737965694341,0.13057587307072704
18648.0,0.07396553621241243,0.13383092026982957,0.09122564726360809,0.12973226306707908
18660.0,0.07390583542104186,0.1337434445630373,0.09122277335875019,0.12888979154511196
18672.0,0.07384753719486829,0.13365241492706878,0.09121874779861543,0.12804851187417857
18684.0,0.07379065150416511,0.13355783946930894,0.09121356466731718,0.12720848060033418
18696.0,0.07373518168460329,0.13345972290443184,0.09120722216666904,0.12636975729092814
18708.0,0.0736811240999593,0.13335806530580324,0.09119972201217898,0.12553240404659738
18720.0,0.07362846826149708,0.133252862188018,0.09119106850498147,0.12469648472479512
18732.0,0.07357719755963518,0.1331441058843217,0.09118126749701543,0.12386206395026673
18744.0,0.07352729065615941,0.13303178789671355,0.09117032546193059,0.12302920600906155
18756.0,0.07347872344545489,0.13291590168313958,0.09115824883116043,0.12219797373185114
18768.0,0.07343147135491646,0.13279644525162637,0.09114504366873062,0.1213684274692422
18780.0,0.07338551165355864,0.13267342297550935,0.09113071566235184,0.12054062424765018
18792.0,0.07334082540237742,0.13254684621653615,0.0911152703264853,0.11971461717156326
18804.0,0.07329739872394431,0.13241673260488468,0.09109871326540267,0.11889045510987459
18816.0,0.0732552231868766,0.1322831041188287,0.09108105034175552,0.11806818267390463
18828.0,0.07321429526961704,0.13214598436715042,0.0910622876381974,0.1172478404661482
18840.0,0.07317461505038184,0.13200539564744154,0.09104243117425755,0.11642946555451832
18852.0,0.07313618442443318,0.1318613563964854,0.09102148642780719,0.11561309210900406
18864.0,0.0730990052395584,0.13171387955659855,0.09099945778673448,0.11479875212737323
18876.0,0.07306307774381894,0.131562972175717,0.09097634810107082,0.11398647617407946
18888.0,0.07302839965460847,0.13140863628566596,0.09095215850572404,0.11317629406129653
18900.0,0.07299496600447043,0.13125087082340914,0.09092688863710253,0.11236823541179235
18912.0,0.07296276973360176,0.1310896741358903,0.09090053728281484,0.11156233005856067
18924.0,0.07293180282643533,0.13092504648919834,0.09087310340131481,0.11075860825398212
18936.0,0.07290205767232254,0.13075699201243987,0.09084458735186458,0.1099571006800744
18948.0,0.07287352829685502,0.13058551964214285,0.09081499210788627,0.10915783826961559
18960.0,0.07284621116844321,0.13041064286267046,0.09078432420585061,0.10836085186438368
18972.0,0.07282010541854507,0.1302323783099122,0.09075259421417473,0.10756617175056446
18984.0,0.07279521248748598,0.13005074355866297,0.09071981658698965,0.10677382712191792
18996.0,0.07277153537392371,0.12986575459273608,0.09068600887994302,0.10598384552812923
19008.0,0.07274907777824374,0.12967742352238845,0.09065119042590332,0.10519625236857717
19020.0,0.07272784345518112,0.1294857570531002,0.09061538067195185,0.10441107049026241
19032.0,0.0727078360180024,0.1292907560383517,0.09057859744350354,0.10362831994264435
19044.0,0.07268905928149687,0.12909241620639353,0.09054085541347781,0.10284801793156949
19056.0,0.0726715180335214,0.12889072989198022,0.09050216501230057,0.1020701789995226
19068.0,0.07265521893928995,0.12868568838634417,0.09046253192801779,0.10129481544068843
19080.0,0.07264017116445082,0.128477284389994,0.09042195723410251,0.10052193793789575
19092.0,0.07262638629405056,0.12826551404041225,0.09038043806962526,0.09975155638612569
19104.0,0.07261387724071197,0.12805037809136247,0.09033796870567137,0.09898368084611757
19116.0,0.07260265606058844,0.1278318820172288,0.0902945417807334,0.09821832255423082
19128.0,0.07259273088312648,0.12761003505948446,0.09025014948424102,0.0974554949036485
19140.0,0.07258410244249408,0.12738484846819467,0.09020478450842813,0.09669521430934867
19152.0,0.07257676090130077,0.12715633336720097,0.09015844066160944,0.09593750087629732
19164.0,0.07257068372012626,0.12692449874925776,0.0901111131215116,0.09518237880710669
19176.0,0.07256583521746231,0.12668935007121238,0.09006279838485347,0.0944298765106399
19188.0,0.0725621681912331,0.1264508887790923,0.0900134940215793,0.0936800264040414
19200.0,0.07255962758292055,0.12620911288130254,0.08996319835909895,0.09293286443365269
19212.0,0.07255815573837653,0.1259640184528972,0.08991191020313632,0.09218842937086473
19224.0,0.07255769845073619,0.12571560174733623,0.08985962865603794,0.09144676196286601
19236.0,0.07255821074907269,0.12546386145934538,0.08980635303593512,0.0907079040319591
19248.0,0.07255966138223142,0.12520880065156573,0.08975208284868598,0.08997189761854396
19260.0,0.07256203515730184,0.124950427933885,0.0896968177344739,0.0892387842517418
19272.0,0.07256533269249493,0.12468875764942756,0.08964055731140504,0.08850860440964643
19284.0,0.07256956765536027,0.12442380903781379,0.08958330086980842,0.0877813972017463
19296.0,0.07257476207044936,0.1241556045666186,0.08952504692471307,0.08705720027373415
19308.0,0.07258094068128183,0.1238841677982117,0.08946579269496466,0.08633604990468424
19320.0,0.07258812554607219,0.12360952125407096,0.0894055336276709,0.08561798124293434
19332.0,0.07259633198475425,0.12333168473325656,0.08934426311008682,0.08490302861322088
19344.0,0.07260556668286565,0.12305067443901442,0.08928197249791138,0.08419122582514409
19356.0,0.07261582825990417,0.12276650309122283,0.08921865153865385,0.08348260642134168
19368.0,0.07262711003487297,0.12247918099152369,0.08915428919041606,0.0827772038204564
19380.0,0.07263940420023593,0.12218871780781837,0.08908887474726064,0.08207505133142101
19392.0,0.07265270626956051,0.12189512469725446,0.08902239910350135,0.08137618203755069
19404.0,0.07266701857903682,0.12159841632154614,0.08895485594095712,0.0806806285675395
19416.0,0.07268235182620437,0.12129861233699296,0.08888624261960225,0.07998842278289141
19428.0,0.07269872408174076,0.12099573805544674,0.08881656059741116,0.07929959541634016
19440.0,0.07271615731383961,0.1206898241457621,0.08874581529240845,0.07861417569391004
19452.0,0.07273467208282794,0.12038090544052792,0.08867401541153876,0.07793219096641253
19464.0,0.07275428155159827,0.12006901908945662,0.08860117188281012,0.0772536663672566
19476.0,0.07277498619591906,0.11975420242338572,0.08852729661373615,0.07657862450553592
19488.0,0.07279677052239283,0.11943649093851604,0.08845240133945784,0.07590708519890066
19500.0,0.07281960271617387,0.1191159167729678,0.0883764968067508,0.07523906525095306
19512.0,0.0728434375227156,0.11879250793780911,0.08829959246677005,0.0745745782825154
19524.0,0.0728682219511667,0.11846628840735238,0.08822169673410347,0.07391363463332486
19536.0,0.0728939027321754,0.1181372790020272,0.08814281773691482,0.07325624135769494
19548.0,0.07292043402156695,0.11780549884602402,0.08806296436208641,0.0726024023413111
19560.0,0.0729477837215586,0.11747096707986425,0.08798214731829103,0.07195211856396219
19572.0,0.0729759370310703,0.11713370447258623,0.08790037991897025,0.07130538852326478
19584.0,0.07300489639412625,0.11679373461282433,0.08781767833377592,0.07066220881765675
19596.0,0.07303467777527593,0.11645108445234066,0.08773406116387888,0.0700225748653015
19608.0,0.07306530398964706,0.11610578410827044,0.08764954834273343,0.06938648171273429
19620.0,0.07309679647602156,0.11575786597414223,0.08756415951897431,0.06875392486758859
19632.0,0.07312916727409767,0.1154073633169697,0.08747791220855738,0.06812490107792155
19644.0,0.07316241296255369,0.11505430862570193,0.08739082007957699,0.0674994089797832
19656.0,0.07319651192533133,0.11469873201129438,0.08730289173655192,0.066877449546134
19668.0,0.0732314256174743,0.11434065993765606,0.08721413029746712,0.06625902629309362
19680.0,0.07326710364586186,0.11398011449323649,0.08712453391874239,0.06564414523062212
19692.0,0.0733034916488455,0.11361711331073517,0.08703409724673236,0.06503281457916889
19704.0,0.07334054033392824,0.11325167012765341,0.08694281359415315,0.06442504430580119
19716.0,0.07337821375303671,0.11288379587401227,0.08685067749228877,0.06382084555733071
19728.0,0.07341649502540604,0.1125135000931704,0.08675768718521101,0.06322023007981344
19740.0,0.07345538823450373,0.11214079245894454,0.0866638466284436,0.06262320971149689
19752.0,0.07349491601942555,0.11176568415141419,0.08656916663329128,0.06202979602039262
19764.0,0.07353511328357809,0.11138818889175306,0.08647366494471667,0.06144000013119109
19776.0,0.07357601826090865,0.11100832350393632,0.0863773652270036,0.06085383275410094
19788.0,0.07361766273721652,0.11062610795500746,0.086280295121676,0.06027130439616499
19800.0,0.07366006340219096,0.11024156491107515,0.08618248370010201,0.05969242570920239
19812.0,0.07370321606978195,0.10985471891966463,0.08608395872971729,0.05911720791194565
19824.0,0.07374709390303834,0.10946559537979503,0.08598474419132882,0.05854566321926645
19836.0,0.07379164994509657,0.1090742194828738,0.08588485842462935,0.05797780521826537
19848.0,0.07383682336990206,0.10868061529881368,0.08578431315430855,0.057413649146836984
19860.0,0.07388254811341832,0.10828480514607915,0.08568311348631522,0.05685321205092123
19872.0,0.07392876208609274,0.10788680932901387,0.08558125879534909,0.05629651281720101
19884.0,0.07397541509278024,0.10748664626080888,0.08547874428232369,0.05574357209414879
19896.0,0.07402247390575012,0.10708433292691621,0.08537556288911875,0.055194412123108036
19908.0,0.07406992357393401,0.10667988559200525,0.08527170723062208,0.054649056501572264
19920.0,0.07411776486479679,0.10627332062182804,0.08516717124050918,0.05410752989419864
19932.0,0.07416600854721644,0.1058646552841509,0.08506195131455287,0.05356985769636044
19944.0,0.07421466786204145,0.10545390841040092,0.08495604685163209,0.05303606564423113
19956.0,0.07426375086055693,0.1050411008375754,0.08484946021237669,0.0525061793585562
19968.0,0.0743132542576805,0.1046262556001738,0.0847421962147524,0.051980223809478296
19980.0,0.07436316006446866,0.10420939789392701,0.08463426134774854,0.05145822269832481
19992.0,0.07441343562589027,0.10379055487595273,0.08452566290125141,0.05094019776825742
20004.0,0.07446403693951012,0.10336975539043321,0.08441640818507805,0.05042616807615271
20016.0,0.0745149144329079,0.102947029709526,0.08430650395456445,0.04991614927856658
20028.0,0.0745660198799865,0.10252240935568739,0.08419595609079195,0.04941015300011081
20040.0,0.07461731293858986,0.10209592702921089,0.08408476951809218,0.04890818635856795
20052.0,0.07466876592602988,0.1016676166136838,0.08397294829421667,0.04841025171470549
20064.0,0.07472036587477572,0.10123751318525963,0.08386049578755707,0.047916346695455796
20076.0,0.07477211352607638,0.10080565292226423,0.08374741486163907,0.04742646450892933
20088.0,0.07482401958596356,0.10037207280984749,0.0836337080135829,0.04694059453298079
20100.0,0.07487609914134544,0.09993681006459482,0.08351937744962902,0.04645872312168772
20112.0,0.07492836549462187,0.09949990126325563,0.08340442511518978,0.0459808345425528
20124.0,0.07498082475433869,0.09906138123750892,0.08328885271920686,0.04550691193719495
20136.0,0.07503347231062131,0.09862128187650168,0.08317266179733608,0.04503693819360534
20148.0,0.07508629188286368,0.09817963104152137,0.08305585384569703,0.04457089662996546
20160.0,0.07513925725594035,0.09773645182474582,0.08293843053181049,0.04410877141694086
20172.0,0.07519233624583994,0.09729176236439752,0.08282039396044097,0.04365054770306493
20184.0,0.07524549597730863,0.0968455763588174,0.08270174694863165,0.043196211450275905
20196.0,0.07529870830599807,0.09639790430987252,0.08258249325358934,0.04274574902710547
20208.0,0.07535195421900567,0.09594875538998428,0.08246263770259264,0.04229914663917744
20220.0,0.07540522628925744,0.09549813969259967,0.08234218619429753,0.04185638969589644
20232.0,0.07545852868025478,0.09504607052138249,0.0822211455699608,0.04141746221619761
20244.0,0.07551187470370255,0.09459256632370573,0.08209952338291385,0.04098234636536688
20256.0,0.07556528241662963,0.09413765189511777,0.08197732761669208,0.04055102219206162
20268.0,0.0756187691106784,0.09368135857607715,0.08185456641045832,0.040123467604389756
20280.0,0.07567234572806328,0.09322372331828939,0.08173124784270702,0.039699658591686435
20292.0,0.07572601221162838,0.09276478668985777,0.08160737980329495,0.039279569669659814
20304.0,0.07577975457948809,0.09230459008151848,0.08148296995610768,0.038863174504860536
20316.0,0.07583354416343678,0.09184317253331543,0.08135802576864869,0.038450446662120476
20328.0,0.07588733904246205,0.09138056769004972,0.08123255456856482,0.03804136041579258
20340.0,0.0759410873206771,0.09091680139446526,0.08110656358574077,0.037635891570542035
20352.0,0.07599473161267112,0.09045189033575257,0.08098005995272216,0.037234018247070094
20364.0,0.07604821395309115,0.08998584200193968,0.08085305066156757,0.03683572159903867
20376.0,0.07610148035382637,0.08951865596821124,0.08072554250363316,0.036440986436576034
20388.0,0.07615448437315145,0.08905032632935242,0.08059754204047931,0.036049801737181066
20400.0,0.07620718929459809,0.08858084489567912,0.08046905566050477,0.03566216102623615
20412.0,0.07625956878480694,0.08811020465383759,0.0803400897624247,0.03527806260785762
20424.0,0.07631160615498322,0.08763840296865365,0.08021065107436884,0.03489750962479012
20436.0,0.07636329254668817,0.08716544407312055,0.08008074707321172,0.034520509926315834
20448.0,0.07641462447443885,0.08669134054459103,0.07995038642437059,0.03414707572821435
20460.0,0.07646560118004903,0.08621611366415431,0.07981957933111562,0.0337772230601213
20472.0,0.07651622219957019,0.08573979276158285,0.07968833767603485,0.03341097101304614
20484.0,0.07656648543756545,0.08526241381815977,0.07955667486206582,0.03304834082141892
20496.0,0.07661638591404747,0.08478401770062514,0.07942460531523073,0.03268935483643201
20508.0,0.0766659152228879,0.08430464841349813,0.07929214368649205,0.03233403546633598
20520.0,0.07671506163555468,0.08382435168561353,0.07915930386988901,0.03198240417044917
20532.0,0.07676381070998758,0.08334317407022526,0.07902609801891791,0.03163448059361269
20544.0,0.07681214622220316,0.08286116257106699,0.07889253577481117,0.03129028191510742
20556.0,0.07686005122331009,0.08237836465026434,0.07875862390668553,0.030949822461365444
20568.0,0.07690750903075214,0.08189482836593007,0.07862436650175406,0.030613113598217695
20580.0,0.07695450398484129,0.0814106023538996,0.07848976574238124,0.03028016388090484
20592.0,0.07700102183786593,0.08092573541779498,0.07835482318438977,0.029950979404713144
20604.0,0.07704704969343103,0.08044027561286571,0.07821954133314471,0.029625564271935575
20616.0,0.07709257547859275,0.07995426887268928,0.07808392522739545,0.02930392107678338
20628.0,0.07713758700857469,0.0794677573935536,0.07794798370782065,0.028986051311608196
20640.0,0.07718207078628843,0.07898077811696166,0.07781173007974534,0.028671955615304775
20652.0,0.07722601075380589,0.07849336170180239,0.07767518197603777,0.02836163381516781
20664.0,0.07726938726349897,0.07800553233601668,0.07753836037100222,0.028055084751509436
20676.0,0.07731217654543715,0.07751730860562783,0.07740128786182182,0.027752305913299746
20688.0,0.0773543509019743,0.07702870544045068,0.07726398648717657,0.027453292946065768
20700.0,0.07739587975691521,0.07653973693080082,0.07712647546025898,0.027158039114480004
20712.0,0.07743673153485951,0.07605041960636738,0.07698876923071805,0.026866534807920485
20724.0,0.07747687616952244,0.07556077563301734,0.07685087624602081,0.026578767167148756
20736.0,0.07751628787200708,0.07507083534902889,0.07671279866300348,0.02629471988654565
20748.0,0.07755494766964081,0.07458063864215946,0.07657453308681095,0.02601437321406789
20760.0,0.0775928451876364,0.07409023485230068,0.07643607222083436,0.025737704136834683
20772.0,0.07762997921126906,0.0735996811383231,0.07629740713664207,0.025464686710888224
20784.0,0.0776663567374202,0.07310903952338584,0.07615852975321875,0.025195292474944106
20796.0,0.07770199048003415,0.07261837307600125,0.0760194350753011,0.02492949088331546
20808.0,0.07773689509164283,0.07212774184559712,0.07588012279014508,0.024667249703108074
20820.0,0.07777108264545324,0.07163719921820835,0.07574059795115999,0.024408535342581323
20832.0,0.07780455812883894,0.07114678928023792,0.07560087065933364,0.024153313106018308
20844.0,0.07783731577815133,0.07065654559116306,0.07546095485183191,0.02390154739883065
20856.0,0.07786933700694071,0.07016649150700112,0.0753208664807598,0.02365320192815558
20868.0,0.0779005904455079,0.06967664191704946,0.0751806214782215,0.023408239953496123
20880.0,0.07793103425258098,0.06918700601221757,0.07504023393367197,0.023166624636215355
20892.0,0.07796062044170847,0.06869759054155229,0.07489971485084763,0.02292831951640433
20904.0,0.07798930056516672,0.06820840296393392,0.07475907171764927,0.022693289114565526
20916.0,0.07801703179837612,0.06771945397027787,0.07461830894225893,0.02246149962004852
20928.0,0.07804378233463621,0.0672307590192054,0.07447742902094115,0.02223291959593974
20940.0,0.0780695350701445,0.06674233875713129,0.0743364341470208,0.02200752060859658
20952.0,0.0780942888300948,0.06625421843158734,0.0741953278788325,0.021785277684853718
20964.0,0.07811805681448049,0.0657664266033699,0.07405411647540568,0.0215661695136562
20976.0,0.07814086244935085,0.06527899357824903,0.07391280958302639,0.0213501783402841
20988.0,0.07816273331849083,0.06479194999104565,0.07377142009681101,0.021137289545566536
21000.0,0.07818369422444545,0.06430532588578108,0.07362996319857648,0.02092749095186541
21012.0,0.078203760609099,0.0638191504697757,0.07348845474813558,0.020720771943099008
21024.0,0.07822293351194892,0.06333345251822113,0.07334690934323776,0.02051712251902014
21036.0,0.07824119696435118,0.06284826121742419,0.07320533843587158,0.020316532417825394
21048.0,0.07825851826231539,0.06236360710456322,0.073063748885873,0.020118990432865937
21060.0,0.0782748510175978,0.06187952272066898,0.07292214224966904,0.019924484019790384
21072.0,0.07829014036470049,0.06139604265220733,0.07278051496090893,0.019732999244885908
21084.0,0.07830432930479225,0.06091320278258833,0.07263885939020605,0.01954452107173745
21096.0,0.07831736497652125,0.06043103877529454,0.0724971656074047,0.01935903393111859
21108.0,0.07832920369629429,0.05994958401915302,0.07235542354336402,0.019176522477408975
21120.0,0.07833981389465054,0.05946886743469619,0.07221362518209366,0.018996972410797272
21132.0,0.07834917653049737,0.05898891162765104,0.07207176641809827,0.018820371241580303
21144.0,0.07835728309513072,0.058509731857612254,0.07192984828370995,0.01864670889040185
21156.0,0.07836413181153035,0.05803133616582057,0.07178787737025732,0.018475978051788675
21168.0,0.0783697229879497,0.05755372679791169,0.07164586541010291,0.018308174290459587
21180.0,0.0783740546251047,0.057076902806626285,0.07150382812611975,0.018143295881941485
21192.0,0.07837711927604703,0.05660086347721762,0.07136178356627831,0.017981343442905372
21204.0,0.07837890284163765,0.05612561203560419,0.07121975020643231,0.017822319416445694
21216.0,0.07837938552344363,0.05565115901582534,0.07107774511705878,0.01766622748078217
21228.0,0.07837854465194301,0.05517752469889618,0.07093578245302486,0.017513071937903486
21240.0,0.07837635867205464,0.054704740185377805,0.07079387245140656,0.017362857116235513
21252.0,0.07837281129580582,0.0542328469010387,0.07065202102814398,0.017215586795469077
21264.0,0.07836789478284975,0.05376189461314563,0.07051022996820548,0.017071263639754544
21276.0,0.07836161149391391,0.053291938299873005,0.07036849762172524,0.016929888613874535
21288.0,0.07835397323922508,0.05282303441527503,0.07022681996090271,0.0167914603593244
21300.0,0.07834499843047288,0.052355237188520184,0.07008519182370043,0.016655974523422414
21312.0,0.0783347075340403,0.05188859557084356,0.06994360816915214,0.016523423060904985
21324.0,0.07832311770778369,0.05142315130350753,0.06980206518982053,0.0163937935572949
21336.0,0.07831023769946917,0.050958938354386044,0.06966056116205996,0.016267068648591662
21348.0,0.0782960640494121,0.05049598370562604,0.06951909695680061,0.016143225624881696
21360.0,0.0782805793808498,0.050034309223279436,0.06937767617673875,0.016022236300923146
21372.0,0.07826375313556876,0.0495739341511119,0.06923630492644965,0.015904067212904258
21384.0,0.07824554461161817,0.049114877680485065,0.06909499125828,0.015788680159978422
21396.0,0.07822590769228747,0.04865716107103565,0.06895374436815213,0.0156760330584183
21408.0,0.0782047963204032,0.04820080892424079,0.0688125736407713,0.015566081024697887
21420.0,0.0781821696391411,0.0477458494141468,0.06867148766147363,0.015458777561859354
21432.0,0.07815799581516761,0.04729231351226199,0.06853049331941949,0.015354075700319061
21444.0,0.07813225385793926,0.046840233457468,0.06838959512097736,0.015251928945805777
21456.0,0.07810493318310223,0.04638964087260637,0.0682487948106787,0.01515229191481113
21468.0,0.07807603114306065,0.04594056498728647,0.06810809135987668,0.015055120588081478
21480.0,0.07804554916223096,0.04549303138185263,0.0679674813331616,0.014960372177034217
21492.0,0.0780134883821305,0.04504706153268621,0.06782695958605568,0.014868004665182935
21504.0,0.0779798457898913,0.044602673245406635,0.06768652019367151,0.01477797614439023
21516.0,0.07794461166479419,0.04415988185345044,0.06754615746916329,0.014690244103151041
21528.0,0.07790776886728501,0.04371870188104997,0.06740586691211432,0.014604764833843834
21540.0,0.07786929408519888,0.043279148760815,0.06726564593623817,0.014521493105735408
21552.0,0.0778291607326761,0.04284124018061917,0.06712549426340787,0.014440382203812151
21564.0,0.07778734285703943,0.04240499671570599,0.06698541393153734,0.014361384368530789
21576.0,0.07774381921571553,0.04197044156231929,0.06684540893629226,0.014284451600033506
21588.0,0.07769857667288275,0.04153759939402351,0.06670548459666222,0.014209536725124974
21600.0,0.07765161222783842,0.041106494566706724,0.06656564678728659,0.014136594577952062
21612.0,0.07760293328153706,0.040677149058190094,0.06642590120417172,0.014065583123987908
21624.0,0.0775525561064636,0.04024958060770183,0.06628625281889447,0.013996464364783807
21636.0,0.07750050283078322,0.039823801500306774,0.06614670563088092,0.013929204895759197
21648.0,0.07744679751119267,0.03939981832374357,0.0660072627567987,0.01386377604393171
21660.0,0.07739146200284615,0.03897763283275803,0.06586792681539047,0.013800153576471862
21672.0,0.07733451232249088,0.03855724382785202,0.0657287004929523,0.013738317032595829
21684.0,0.0772759560575779,0.038138649738530185,0.06558958712586221,0.01367824877994713
21696.0,0.0772157911404245,0.03772185144124807,0.06545059112398989,0.013619932924694385
21708.0,0.07715400603792058,0.037306854773953235,0.06531171808668332,0.013563354208900128
21720.0,0.07709058116044762,0.03689367224863521,0.06517297452663022,0.01350849701086673
21732.0,0.07702549111413884,0.03648232360498554,0.06503436720338493,0.013455344529868619
21744.0,0.0769587073341572,0.03607283506537138,0.0648959021593471,0.01340387819439736
21756.0,0.07689020064623625,0.03566523740124975,0.06475758362647904,0.013354077292053318
21768.0,0.07681994339183804,0.035259563153973834,0.06461941301482302,0.013305918787608194
21780.0,0.07674791088794976,0.03485584352153476,0.06448138819332655,0.013259377278802975
21792.0,0.0766740821404522,0.034454105492441815,0.06434350322810022,0.013214425038615349
21804.0,0.07659843985941303,0.03405436976360233,0.06420574866112715,0.013171032105635604
21816.0,0.07652096991584421,0.033656649828541434,0.06406811230975747,0.01312916640533579
21828.0,0.07644166042623145,0.033260952394930814,0.0639305804648859,0.01308879390724856
21840.0,0.07636050065938092,0.03286727903123237,0.06379313928466852,0.013049878839344784
21852.0,0.07627747994316922,0.03247562870305794,0.06365577613797363,0.013012383985978994
21864.0,0.07619258672137919,0.03208600068857472,0.06351848065672015,0.012976271087486849
21876.0,0.07610580788367,0.031698397293369575,0.06338124530838923,0.012941501339285337
21888.0,0.07601712846830848,0.03131282583241858,0.06324406538926312,0.01290803596083875
21900.0,0.07592653181365328,0.03092929950045055,0.06310693844783702,0.01287583677700861
21912.0,0.07583400020210489,0.030547836980660385,0.0629698632549964,0.012844866733606335
21924.0,0.07573951599116009,0.030168460898728284,0.0628328385221068,0.012815090261756324
21936.0,0.07564306315744806,0.02979119546194545,0.06269586161397227,0.01278647341559752
21948.0,0.07554462909697235,0.02941606378440768,0.06255892750234972,0.012758983734879012
21960.0,0.07544420644323716,0.029043085455935286,0.06242202815832239,0.012732589824270004
21972.0,0.07534179460586851,0.028672274853379906,0.06228515249815394,0.012707260687659896
21984.0,0.07523740071786411,0.02830364053098313,0.06214828689377432,0.012682964899526602
21996.0,0.07513103972566389,0.027937185795520333,0.06201141615558127,0.012659669727768809
22008.0,0.075022733466393,0.027572910320512352,0.06187452481096025,0.01263734033626799
22020.0,0.07491250873856353,0.027210812434553963,0.06173759845180068,0.01261593918728755
22032.0,0.07480039455853099,0.02685089157785544,0.061600624916455654,0.01259542573427353
22044.0,0.07468641896689773,0.026493150388148156,0.061463595106161346,0.012575756449551051
22056.0,0.07457060586651726,0.026137595959246748,0.06132650330533203,0.012556885177007735
22068.0,0.07445297240425278,0.02578423999561421,0.06118934696587063,0.01253876374708125
22080.0,0.07433352733643364,0.025433097826287793,0.06105212601093459,0.012521342750004074
22092.0,0.07421227064968,0.025084186490621465,0.06091484179657514,0.012504572340973217
22104.0,0.07408919447396861,0.024737522313345313,0.06077749592619664,0.012488402951741594
22116.0,0.07396428507078295,0.02439311850323612,0.06064008913375369,0.012472785806670782
22128.0,0.07383752546107071,0.024050983312405797,0.06050262043421361,0.01245767318278797
22140.0,0.07370889812600255,0.02371111918001463,0.06036508668774742,0.012443018404692793
22152.0,0.07357838720180934,0.023373523077892172,0.06022748264671421,0.012428775616317847
22164.0,0.07344597970615964,0.02303818801892997,0.06008980146512567,0.012414899412798865
22176.0,0.07331166555656511,0.02270510543621661,0.059952035564122375,0.01240134443939454
22188.0,0.07317543642466329,0.022374267945615416,0.05981417767876228,0.012388065066427745
22200.0,0.07303728375164517,0.02204567190922165,0.0596762218730806,0.012375015229843606
22212.0,0.0728971964653133,0.021719319243662945,0.05953816430930495,0.012362148490642672
22224.0,0.07275515903681948,0.021395218061880144,0.05940000359484901,0.012349418320836079
22236.0,0.07261115046869776,0.021073381971260196,0.0592617406025045,0.01233677857800983
22248.0,0.07246514462099515,0.020753828127003625,0.05912337775444233,0.012324184094136686
22260.0,0.07231711199632791,0.02043657440025198,0.05898491786394944,0.012311591283908425
22272.0,0.07216702277870132,0.020121636211166246,0.05884636272249838,0.012298958677093427
22284.0,0.0720148506266596,0.019809023657222175,0.05870771168623492,0.012286247297668522
22296.0,0.07186057652506689,0.01949873951847151,0.05856896054096049,0.012273420845245912
22308.0,0.07170419194736014,0.019190778552955524,0.05843010089991499,0.012260445674232973
22320.0,0.07154570068618124,0.01888512824034898,0.05829112031402085,0.012247290604525332
22332.0,0.07138511895488121,0.018581770841890655,0.05815200315870901,0.012233926626159776
22344.0,0.07122247369491529,0.018280686378850004,0.05801273222244689,0.012220326573286935
22356.0,0.07105779937451713,0.017981855944580728,0.05787329078323004,0.012206464837564436
22368.0,0.07089113385806312,0.017685264695005594,0.05773366484659093,0.012192317169081316
22380.0,0.07072251410124172,0.017390903923595134,0.05759384515584021,0.012177860579304292
22392.0,0.07055197244825871,0.017098771807066503,0.05745382858890055,0.012163073322947304
22404.0,0.07037953417094303,0.01680887267039226,0.0573136186317527,0.01214793490271732
22416.0,0.07020521662645421,0.01652121491093684,0.057173224758407235,0.012132426020329766
22428.0,0.07002903007739737,0.01623580798279399,0.05703266073055848,0.012116528394262452
22440.0,0.06985097988614572,0.015952659021500164,0.05689194202553377,0.012100224381041687
22452.0,0.06967106953272621,0.015671769751399858,0.05675108277266123,0.012083496370018123
22464.0,0.06948930376482453,0.015393134252498176,0.05661009269129771,0.01206632596558736
22476.0,0.06930569119421136,0.015116737986255912,0.05646897455276781,0.012048693017203882
22488.0,0.06912024579957048,0.014842558228579935,0.05632772262221219,0.01203057459712082
22500.0,0.06893298704582644,0.014570565785595384,0.05618632238158432,0.012011944050418217
22512.0,0.06874393862898134,0.01430072762914195,0.05604475161636279,0.011992770246104276
22524.0,0.06855312614001673,0.014033009931350425,0.05590298270465775,0.011973017140224697
22536.0,0.06836057415451086,0.013767380930125906,0.055760985724177634,0.011952643724480174
22548.0,0.06816630335678729,0.013503813125248414,0.05561873183422878,0.011931604383010004
22560.0,0.06797032828389908,0.013242284469321587,0.05547619633007569,0.011909849624447641
22572.0,0.06777265613699084,0.012982778440664429,0.055333360821022796,0.011887327105652335
22584.0,0.06757328688904826,0.012725283117311309,0.055190214144775596,0.011863982826286285
22596.0,0.06737221466588425,0.01246978956334946,0.05504675187047374,0.011839762355709728
22608.0,0.06716943014172297,0.012216289952126468,0.05490297451581791,0.011814611957945014
22620.0,0.06696492351517076,0.011964775865128223,0.0547588848562141,0.011788479505152381
22632.0,0.06675868754409083,0.01171523712259681,0.05461448488458518,0.011761315110009274
22644.0,0.06655072012844429,0.011467661345462279,0.054469773051350714,0.011733071454928643
22656.0,0.06634102602934028,0.011222034256613698,0.05432474235843549,0.011703703842551517
22668.0,0.06612961747624739,0.010978340548129014,0.0541793797080291,0.01167317002945683
22680.0,0.06591651360965979,0.010736565011262123,0.05403366664966958,0.01164142992775327
22692.0,0.06570173889866307,0.010496693576229487,0.05388758137972419,0.011608445264498082
22704.0,0.06548532083120794,0.010258713948506932,0.05374110158497805,0.011574179277530818
22716.0,0.06526728727743673,0.01002261564588696,0.05359420754183316,0.011538596502207631
22728.0,0.06504766396175367,0.009788389406418664,0.05344688482342634,0.011501662672683566
22740.0,0.0648264724467999,0.009556026110971847,0.053299126042948355,0.011463344730608003
22752.0,0.06460372894058322,0.009325515503283024,0.05315093125852846,0.011423610909525062
22764.0,0.06437944410209097,0.009096845060742893,0.05300230694338931,0.011382430849218255
22776.0,0.06415362386059038,0.008869999352571127,0.05285326372690911,0.011339775692426668
22788.0,0.0639262711014943,0.008644960120282557,0.05270381337419845,0.011295618125755365
22800.0,0.06369738792935195,0.008421707150294245,0.05255396563779203,0.011249932343850565
22812.0,0.0634669781167083,0.008200219817150923,0.052403725648634256,0.011202693936237308
22824.0,0.06323504930293679,0.00798047900213947,0.05225309240591037,0.011153879714588342
22836.0,0.06300161453018875,0.0077624689771598,0.05210205869755481,0.01110346751045528
22848.0,0.06276669279624182,0.007546178816604703,0.05195061248237736,0.011051435977258887
22860.0,0.06253030845771258,0.007331602970780012,0.05179873945371545,0.010997764425416815
22872.0,0.06229248951212286,0.007118740791645125,0.051646426249227745,0.010942432707804093
22884.0,0.062053264994101485,0.006907595014462378,0.0514936636265845,0.01088542115774824
22896.0,0.06181266190373772,0.006698169423246976,0.05134044892211949,0.010826710567534382
22908.0,0.0615707022074812,0.00649046611577016,0.051186787250791094,0.010766282185616914
22920.0,0.06132740048438355,0.006284482893736414,0.051032691162319926,0.010704117707793382
22932.0,0.0610827627170412,0.006080211309499223,0.050878178786775106,0.010640199242037279
22944.0,0.060836786550580155,0.0058776357974523125,0.05072327081643668,0.010574509237110218
22956.0,0.060589463088784754,0.00567673412388968,0.05056798691350103,0.010507030378517612
22968.0,0.06034078000709804,0.00547747914086366,0.050412342253957784,0.010437745468069259
22980.0,0.060090725492635784,0.005279841576455278,0.05025634489129462,0.010366637311642526
22992.0,0.0598392923279134,0.005083793386827026,0.05009999445524665,0.010293688641180377
23004.0,0.05958648136350457,0.004889311076739555,0.04994328242615505,0.010218882090689068
23016.0,0.05933230369967782,0.004696378389762559,0.049786193902461306,0.01014220023322038
23028.0,0.05907678111379844,0.0045049878794623565,0.04962871047519306,0.010063625669477506
23040.0,0.05881994459423858,0.004315141077484052,0.04947081360226807,0.009983141142809081
23052.0,0.058561831212753906,0.004126847233746855,0.049312487782478126,0.009900729644129044
23064.0,0.05830247991162039,0.003940120867102901,0.04915372288222575,0.009816374467022791
23076.0,0.05804192702601808,0.003754978580318926,0.048994515154704696,0.009730059179556454
23088.0,0.05778020244975108,0.0035714357194409005,0.04883486677063686,0.00964176749449649
23100.0,0.05751732725702156,0.0033895034709207333,0.04867478399239082,0.009551483041014485
23112.0,0.0572533133257286,0.0032091868894608077,0.04851427440371435,0.009459189064113045
23124.0,0.0569881651167746,0.0030304841571589906,0.048353343797652784,0.0093648680978755
23136.0,0.056721883325682544,0.0028533871299916413,0.04819199338759095,0.009268501670544143
23148.0,0.05645446972714691,0.0026778829804398087,0.04803021793027953,0.009170070100181475
23160.0,0.05618593226397624,0.0025039565441813657,0.04786800515377004,0.00906955242833609
23172.0,0.05591628934929068,0.002331592862900286,0.047705336610445334,0.008966926517344714
23184.0,0.055645572477216375,0.002160779405019795,0.04754218978369667,0.008862169308581625
23196.0,0.05537382655154932,0.0019915075402584547,0.047378541026493526,0.008755257209583188
23208.0,0.055101107782756266,0.0018237730198302124,0.04721436875104224,0.008646166553419434
23220.0,0.054827479482249475,0.001657575433175443,0.047049656250485995,0.008534874059041103
23232.0,0.05455300650088333,0.0014929168277453293,0.04688439361991914,0.008421357219795155
23244.0,0.05427774932945242,0.001329799845885462,0.04671857843303854,0.008305594559484345
23256.0,0.05400175894621555,0.0011682258187206702,0.04655221508068417,0.00818756571911178
23268.0,0.05372507334614773,0.0010081932454742745,0.046385312936007006,0.008067251368335348
23280.0,0.05344771635027638,0.0008496969830413034,0.04621788372653925,0.007944632967772949
23292.0,0.053169698841411865,0.0006927282994374279,0.04604993862589773,0.007819692435540183
23304.0,0.05289102209881753,0.000537275744409418,0.04588148560605999,0.00769241178868163
23316.0,0.052611682506363076,0.00038332660501275704,0.04571252751608645,0.007562772834427345
23328.0,0.05233167666669213,0.00023086858347750756,0.045543061196259386,0.007430756977036713
23340.0,0.052051005914078755,7.989128699752154e-5,0.04537307773390931,0.007296345185589275
23352.0,0.05176967938384326,-6.961283613332275e-5,0.04520256376084147,0.007159518140760433
23364.0,0.05148771512634838,-0.0002176483527036229,0.04503150352137027,0.007020256549839986
23376.0,0.051205139175149045,-0.00036421755074293266,0.044859881332887826,0.006878541594447892
23388.0,0.05092198290134274,-0.0005093218578135338,0.04468768403053089,0.006734355458854716
23400.0,0.050638279321879774,-0.0006529636662778656,0.04451490303032687,0.006587681880810451
23412.0,0.05035405921220077,-0.0007951481578763261,0.044341535743886384,0.006438506671243271
23424.0,0.05006934787140123,-0.0009358847050142557,0.04416758620655211,0.0062868181618198835
23436.0,0.04978416320957612,-0.0010751875028616248,0.04399306491234143,0.006132607556308111
23448.0,0.04949851551710299,-0.0012130752392293222,0.04381798795971776,0.005975869178503081
23460.0,0.04921240890488895,-0.0013495698064539803,0.04364237568740795,0.0058166006221985166
23472.0,0.04892584405290836,-0.0014846942599196524,0.043466251014550754,0.005654802814727245
23484.0,0.0486388216436004,-0.001618470389297901,0.043289637698929635,0.005490480004344058
23496.0,0.048351345736106346,-0.0017509163571242012,0.0431125587013927,0.005323639674609082
23508.0,0.04806342637441985,-0.001882044856229328,0.04293503480608879,0.005154292379020155
23520.0,0.04777508090136162,-0.002011862143257745,0.04275708360508701,0.004982451480347951
23532.0,0.047486333726969684,-0.0021403681394906626,0.04257871891794795,0.00480813277519764
23544.0,0.04719721461356317,-0.002267557586743972,0.042399950682366794,0.004631353987876265
23556.0,0.046907755826348936,-0.0023934220470618593,0.042220785317820454,0.004452134129466566
23568.0,0.046617988704073535,-0.0025179523807872944,0.042041226525880264,0.0042704927367494434
23580.0,0.04632794029510305,-0.0026411412590324136,0.04186127644621025,0.004086449028011469
23592.0,0.04603763067169149,-0.0027629852780571076,0.04168093703839882,0.0039000210342891263
23604.0,0.04574707139455319,-0.002883486339978995,0.04150021151401998,0.003711224780403928
23616.0,0.04545626538521047,-0.0030026521241243334,0.04131910561204421,0.003520073596152308
23628.0,0.04516520821875109,-0.003120495660927644,0.04113762850629733,0.003326577631822811
23640.0,0.044873890618645586,-0.003237034195280399,0.040955793165531544,0.003130743633661549
23652.0,0.04458230175427228,-0.0033522876519962177,0.0407736160574938,0.002932575006199656
23664.0,0.044290432833785136,-0.0034662770675404045,0.040591116191595715,0.002732072153689206
23676.0,0.0439982804581727,-0.00357902332112512,0.040408313614417796,0.0025292330576772567
23688.0,0.043705849251833184,-0.0036905463948069097,0.04022522758532327,0.0023240540175945073
23700.0,0.04341315339627913,-0.003800865242278734,0.04004187474058868,0.0021165304609256797
23712.0,0.043120216847171315,-0.003909998185397981,0.03985826758198533,0.0019066577221630476
23724.0,0.042827072190030006,-0.004017963623617173,0.03967441358738996,0.0016944316962459972
23736.0,0.0425337582671554,-0.004124780765123583,0.03949031513801383,0.0014798492912417981
23748.0,0.04224031687004651,-0.004230470086748093,0.039305970305211754,0.0012629086334254626
23760.0,0.04194678892231527,-0.00433505330223511,0.03912137436806251,0.0010436090112588695
23772.0,0.041653210663505344,-0.004438552747644222,0.038936521776545434,0.0008219505782611882
23784.0,0.041359610371691134,-0.004540990247617488,0.03875140816918415,0.0005979338640428691
23796.0,0.04106600612263755,-0.0046423856699671535,0.038566032024900665,0.0003715591645386051
23808.0,0.04077240497170553,-0.004742755473819298,0.03838039558770776,0.00014282589481472868
23820.0,0.040478803766498005,-0.0048421115840256565,0.03819450484217539,-8.826800972891501e-5
23832.0,0.040185191569742935,-0.0049404608734001385,0.03800836851153076,-0.00032172656465979536
23844.0,0.03989155342141483,-0.005037805414348396,0.03782199625953278,-0.0005575560155389619
23856.0,0.03959787493469908,-0.005134143498547526,0.03763539645727021,-0.0007957648798737448
23868.0,0.039304147044594166,-0.005229471253809221,0.03744857398646748,-0.0010363637308067825
23880.0,0.039010370149692566,-0.005323784549697262,0.03726152856491796,-0.0012793647266837373
23892.0,0.03871655693349317,-0.005417080809957316,0.0370742539904522,-0.0015247809159227772
23904.0,0.0384227333276769,-0.005509360358572303,0.036886738522770336,-0.0017726253700949303
23916.0,0.03812893736742373,-0.005600627017294254,0.036698966392503245,-0.0020229102179790915
23928.0,0.037835216044811916,-0.005690887827361409,0.036510920191510886,-0.0022756456675987863
23940.0,0.03754162062878237,-0.0057801519537425145,0.036322583707629,-0.0025308391098613214
23952.0,0.037248201219576844,-0.005868429006256772,0.03613394466239549,-0.0027884943946343685
23964.0,0.03695500147875228,-0.0059557271394972185,0.03594499681566492,-0.003048611356822311
23976.0,0.036662054479953354,-0.006042051344128347,0.03575574101726703,-0.003311185646313705
23988.0,0.03636938044896607,-0.0061274023040783195,0.03556618499015656,-0.0035762088831668174
24000.0,0.03607698682882224,-0.006211776075152557,0.035376341880048484,-0.0038436691213630156
24012.0,0.03578487067522437,-0.006295164666319777,0.03518622785144154,-0.004113551565639183
24024.0,0.03549302294121181,-0.006377557413312721,0.03499585919833768,-0.00438583945195204
24036.0,0.035201433837240066,-0.006458942867074639,0.03480524953095565,-0.004660514978666249
24048.0,0.03491009823205555,-0.006539310813369683,0.034614407578687716,-0.004937560167169055
24060.0,0.0346190200409206,-0.006618654017408994,0.034423336019997114,-0.005216957539801962
24072.0,0.034328214740569955,-0.0066969693528267805,0.034232031540206716,-0.00549869052947768
24084.0,0.03403770952041802,-0.00677425811242322,0.034040486072917445,-0.005782743575794957
24096.0,0.03374754105434343,-0.006850525477377092,0.03384868895144838,-0.0060691019108598115
24108.0,0.0334577513602103,-0.006925779301801657,0.033656629530013256,-0.0063577510865816915
24120.0,0.033168382604531595,-0.007000028510471897,0.03346429976268744,-0.006648676335729991
24132.0,0.03287947192428105,-0.007073281478485156,0.03327169626288286,-0.006941861884419281
24144.0,0.0325910473296073,-0.0071455447479693065,0.03307882149546536,-0.0072372903393746
24156.0,0.03230312551967273,-0.007216822343630444,0.03288568394657552,-0.007534942258248137
24168.0,0.032015712036352395,-0.007287115799071665,0.03269229732914946,-0.007834795978172526
24180.0,0.03172880368270853,-0.0073564248353484955,0.03249867906919609,-0.008136827732776561
24192.0,0.03144239265094144,-0.007424748482502364,0.03230484844087349,-0.008441012039420891
24204.0,0.031156471441449164,-0.007492086339184174,0.03211082475482584,-0.008747322295398931
24216.0,0.030871037489350484,-0.007558439647038397,0.031916625951554346,-0.009055731492068045
24228.0,0.030586096483758367,-0.00762381191889544,0.031722267826876996,-0.009366212944344794
24240.0,0.030301663654159452,-0.007688208987273548,0.03152776395178832,-0.009678740940960377
24252.0,0.03001776274559422,-0.007751638500723067,0.03133312618338164,-0.009993291245577074
24264.0,0.029734422913460623,-0.007814109050250467,0.031138365534108512,-0.010309841414193055
24276.0,0.029451674229405166,-0.007875629217528013,0.03094349310051636,-0.010628370932078466
24288.0,0.02916954280178293,-0.007936206872206948,0.03074852076098939,-0.010948861205442967
24300.0,0.02888804660935874,-0.007995848996092719,0.030553461428710682,-0.011271295462422443
24312.0,0.028607193003892178,-0.008054562186278579,0.030358328769671247,-0.011595658621203769
24324.0,0.028326978486093616,-0.008112353815380263,0.030163136435116426,-0.011921937170509022
24336.0,0.0280473908752108,-0.008169233645267952,0.029967896980332184,-0.012250119083376768
24348.0,0.02776841347892685,-0.008225215545184265,0.029772620719671714,-0.012580193756184271
24360.0,0.027490030437248517,-0.008280318893234764,0.029577314785242437,-0.01291215193930739
24372.0,0.027212232154069864,-0.008334569263717975,0.02938198261226715,-0.01324598561109267
24384.0,0.026935019698270758,-0.008387998122234014,0.029186623980423817,-0.013581687747700133
24396.0,0.026658407258858607,-0.008440641444518135,0.028991235620527005,-0.013919251958797946
24408.0,0.026382422132281893,-0.008492537404052852,0.02879581227746923,-0.01425867198975799
24420.0,0.02610710222108503,-0.008543723488555784,0.02860034802927267,-0.014599941128006777
24432.0,0.02583249152616254,-0.008594233558172038,0.028404837616758462,-0.014943051585500963
24444.0,0.025558634515449378,-0.008644095411998537,0.028209277545925796,-0.01528799395183135
24456.0,0.025285570468311935,-0.008693329367839012,0.028013666780860664,-0.0156347568162324
24468.0,0.025013328885280066,-0.008741948190461842,0.027818006934016867,-0.015983326638694194
24480.0,0.024741926822971133,-0.008789958456968212,0.027622301962171886,-0.016333687912207538
24492.0,0.024471368615518206,-0.00883736317222546,0.02742655746847486,-0.016685823606443835
24504.0,0.024201647961640024,-0.00888416519808568,0.027230779775923107,-0.01703971582796634
24516.0,0.023932751890861047,-0.008930370888509042,0.027034974964936506,-0.01739534658497848
24528.0,0.023664665767283776,-0.008975993264985663,0.026839148056007962,-0.01775269851623361
24540.0,0.023397378313194835,-0.009021054136347807,0.026643302474512173,-0.018111755441267877
24552.0,0.023130885667271575,-0.009065584752052123,0.02644743987123116,-0.018472502614651443
24564.0,0.02286519371929835,-0.009109624842845235,0.026251560303818325,-0.01883492661673746
24576.0,0.022600318332121963,-0.009153220195880538,0.026055662724747623,-0.01919901487841921
24588.0,0.02233628349254679,-0.009196419175766532,0.025859745679653316,-0.019564754905146187
24600.0,0.022073117837369066,-0.009239268787722249,0.025663808100265664,-0.01993213332238696
24612.0,0.02181085029959309,-0.009281810949371217,0.025467850077021063,-0.02030113489921504
24624.0,0.02154950575898774,-0.009324079582233883,0.025271873512711995,-0.020671741711479234
24636.0,0.021289101541248256,-0.009366098966260636,0.02507588258347891,-0.021043932579872887
24648.0,0.021029645408614735,-0.009407883556202595,0.0248798839608515,-0.02141768286631118
24660.0,0.020771135370436324,-0.009449439186874378,0.024683886774367367,-0.021792964644936134
24672.0,0.020513561282798055,-0.009490765348910657,0.024487902317134193,-0.022169747195590634
24684.0,0.020256907874336733,-0.009531858043937103,0.024291943517286422,-0.022547997711833325
24696.0,0.02000115859279967,-0.009572712658509704,0.024096024218184187,-0.022927682083887825
24708.0,0.019746299553795286,-0.009613326338377436,0.023900158330289956,-0.023308765615525133
24720.0,0.019492322901330256,-0.009653699484607101,0.023704358936949572,-0.02369121356240282
24732.0,0.01923922904258861,-0.009693836197961977,0.023508637451574717,-0.024074991430953263
24744.0,0.018987027457813683,-0.009733743723238965,0.02331300293013188,-0.02446006503961678
24756.0,0.018735736058038945,-0.009773431144635577,0.023117461635407757,-0.02484640040371072
24768.0,0.018485379315250922,-0.009812907717756007,0.022922016925021386,-0.025233963547900574
24780.0,0.01823598557696364,-0.009852181269803277,0.022726669493841195,-0.025622720366256402
24792.0,0.017987584072560597,-0.009891257052346877,0.0225314179480027,-0.02601263663541302
24804.0,0.017740202114842764,-0.00993013730561509,0.022336259630926055,-0.02640367824453211
24816.0,0.017493862909097786,-0.009968821619725144,0.022141191573042573,-0.026795811646059937
24828.0,0.017248584230470855,-0.010007307995281331,0.021946211407892418,-0.027189004467476793
24840.0,0.01700437805301254,-0.010045594352113937,0.0217513180965586,-0.027583226171422736
24852.0,0.016761251045252404,-0.010083680141515129,0.021556512333359926,-0.027978448622751576
24864.0,0.016519205715941034,-0.010121567701205317,0.021361796564762486,-0.02837464642413769
24876.0,0.016278241917527334,-0.010159263053742672,0.021167174630228117,-0.028771796917781416
24888.0,0.016038358399548622,-0.010196775972413178,0.020972651112860643,-0.029169879813079003
24900.0,0.015799554143656552,-0.010234119295927142,0.020778230552094944,-0.02956887647621694
24912.0,0.015561829292273949,-0.010271307630732243,0.020583916705223103,-0.02996876899132474
24924.0,0.0153251855850355,-0.01030835570493671,0.020389712039899588,-0.030369539157768036
24936.0,0.015089626321589594,-0.010345276706071249,0.020195617594784256,-0.03077116761152408
24948.0,0.014855155958784812,-0.010382080934096623,0.020001633268003364,-0.031173633243834115
24960.0,0.01462177951193999,-0.010418775033556857,0.019807758498611328,-0.03157691303887407
24972.0,0.014389501956419214,-0.010455361950367857,0.01961399321467999,-0.03198098237326558
24984.0,0.01415832781520951,-0.010491841614881769,0.01942033885315795,-0.032385815729164824
24996.0,0.01392826107375346,-0.010528212213209282,0.019226799227032035,-0.03279138768768548
25008.0,0.013699305492338602,-0.010564471800993076,0.0190333810324105,-0.03319767400799138
25020.0,0.013471465299768108,-0.01060061995815415,0.0188400938498495,-0.03360465257251862
25032.0,0.01324474616320306,-0.010636659188627669,0.0186469495888205,-0.03401230399620909
25044.0,0.013019156252592519,-0.010672595832226453,0.018453961432684927,-0.03442061175460555
25056.0,0.012794707168192206,-0.010708440361562809,0.018261142441718805,-0.03482956177141786
25068.0,0.012571414488001188,-0.010744207062455144,0.018068504042990666,-0.03523914150412941
25080.0,0.01234929772536722,-0.010779913215346116,0.017876054663592253,-0.03564933865733248
25092.0,0.012128379565427474,-0.010815577984081934,0.017683798742262297,-0.03606013972015796
25104.0,0.011908684364099986,-0.010851221260029726,0.017491736288376334,-0.03647152855380376
25116.0,0.011690236028453106,-0.010886862697216417,0.017299863060158568,-0.03688348524268785
25128.0,0.01147305552948134,-0.010922521112540764,0.017108171325337894,-0.03729598537151416
25140.0,0.011257158401781653,-0.010958214328857307,0.01691665106860025,-0.03770899981150492
25152.0,0.011042552635522975,-0.010993959429518684,0.016725291439660214,-0.03812249500838792
25164.0,0.010829237347844736,-0.011029773294848739,0.016534082205762368,-0.0385364336803784
25176.0,0.010617202528554604,-0.011065673225459437,0.01634301498653099,-0.038950775772363076
25188.0,0.010406429998176625,-0.011101677438723,0.016152084102091985,-0.039365479483619716
25200.0,0.010196895518566965,-0.011137805257394079,0.015961286944850273,-0.0397805021943193
25212.0,0.009988571791744632,-0.011174076886611239,0.01577062387455779,-0.04019580115671585
25224.0,0.009781431910224438,-0.011210512780766112,0.015580097718120453,-0.04061133387978384
25236.0,0.009575452717876772,-0.011247132711991672,0.015389713015625967,-0.04102705820657998
25248.0,0.009370617529210487,-0.011283954742474822,0.015199475183424058,-0.04144293214654135
25260.0,0.009166917745061986,-0.011320994352023377,0.015009389761463947,-0.04185891356763829
25272.0,0.008964353082194546,-0.01135826396692114,0.014819461879508415,-0.042274959868341455
25284.0,0.008762930372819396,-0.011395773073845603,0.014629696024089494,-0.04269102773587921
25296.0,0.008562661143737082,-0.011433528993335695,0.014440096126422554,-0.043107073060829205
25308.0,0.008363558404995268,-0.011471538251355837,0.014250665932276087,-0.04352305102914137
25320.0,0.00816563322110267,-0.011509808352037921,0.014061409567333169,-0.04393891636390832
25332.0,0.007968891674764675,-0.011548349648244905,0.013872332181938252,-0.04435462365247869
25344.0,0.007773332755576748,-0.011587176953295933,0.013683440549704766,-0.0447701276782079
25356.0,0.0075789475290183985,-0.011626310551490384,0.01349474350440212,-0.04518538368323589
25368.0,0.007385719699700196,-0.011665776348357148,0.0133062521255855,-0.04560034751622612
25380.0,0.007193627425542051,-0.011705605041263728,0.013117979620931816,-0.046014975658991555
25392.0,0.0070026460177673115,-0.011745830362565999,0.01292994089701746,-0.046429225167359714
25404.0,0.0068127510186664145,-0.011786486618781374,0.012742151855130368,-0.04684305359320236
25416.0,0.006623921111182343,-0.011827605886971066,0.012554628489680105,-0.047256418967488965
25428.0,0.0064361403850067365,-0.011869215305718718,0.012367385899158914,-0.047669279914390995
25440.0,0.006249399643499012,-0.011911334896179291,0.01218043733909935,-0.048081595935454045
25452.0,0.006063696646475775,-0.011953976267021778,0.011993793449467959,-0.04849332785765263
25464.0,0.00587903539835344,-0.011997142409793445,0.011807461773160093,-0.04890443839053212
25476.0,0.0056954247631282075,-0.012040828605596403,0.01162144664758943,-0.04931489269768349
25488.0,0.005512876782714496,-0.012085024275213723,0.011435749500557568,-0.04972465886696392
25500.0,0.005331405077771838,-0.012129715449053998,0.011250369520662684,-0.0501337081685244
25512.0,0.005151023626820228,-0.012174887440129796,0.011065304610432635,-0.05054201502044968
25524.0,0.004971746076308995,-0.012220527289798697,0.010880552477944018,-0.05094955663321184
25536.0,0.004793585570263739,-0.01226662562310602,0.010696111690662435,-0.051356312365755774
25548.0,0.004616554945106608,-0.012313177682902979,0.010511982512006222,-0.051762262884687556
25560.0,0.004440667047925611,-0.012360183481056258,0.010328167370520796,-0.05216738926069418
25572.0,0.00426593492409561,-0.012407647175597078,0.010144670871255942,-0.052571672153033155
25584.0,0.004092371682220287,-0.012455575919701102,0.009961499340173688,-0.052975091219111696
25596.0,0.003919989961292076,-0.012503978505016642,0.009778659980975976,-0.05337762484375088
25608.0,0.0037488010634944514,-0.012552864124752471,0.009596159802484756,-0.05377925021983445
25620.0,0.0035788139379705646,-0.012602241514059807,0.009414004526987233,-0.05417994374136202
25632.0,0.003410034272795022,-0.012652118604907288,0.009232197703323898,-0.05457968160601804
25644.0,0.0032424639543089124,-0.012702502689201426,0.009050740217780138,-0.05497844048054788
25656.0,0.003076101083287434,-0.012753400951001788,0.008869630324865627,-0.055376198067711574
25668.0,0.0029109406131752856,-0.012804821136646894,0.008688864221432644,-0.055772933431482624
25680.0,0.0027469755281738385,-0.012856772100638385,0.008508437080464552,-0.05616862698382522
25692.0,0.002584198345826448,-0.012909264000856523,0.00832834436714962,-0.056563260102184106
25704.0,0.0024226026440489793,-0.012962308009103333,0.008148583199470963,-0.056956814418209954
25716.0,0.0022621842982881255,-0.013015915529014084,0.007969153501979994,-0.057349270880658956
25728.0,0.002102942174910445,-0.013070097042428248,0.007790058738506539,-0.05774060873637327
25740.0,0.0019448781474496381,-0.013124860806455953,0.007611306090302194,-0.05813080458499853
25752.0,0.0017879964532828043,-0.013180211672746796,0.007432906053957334,-0.05851983164413653
25764.0,0.0016323025524626737,-0.01323615028638691,0.00725487154571974,-0.058907659316955394
25776.0,0.0014778017525813043,-0.013292672847983576,0.00707721669175923,-0.05929425309415268
25788.0,0.0013244978994341229,-0.013349771506432203,0.006899955537806656,-0.059679574759799944
25800.0,0.001172392395775951,-0.013407435318867268,0.006723100915394104,-0.06006358281922018
25812.0,0.001021483711361732,-0.013465651598726763,0.006546663655734282,-0.06044623303702979
25824.0,0.0008717674141972456,-0.013524407398868418,0.006370652257356199,-0.06082747897012719
25836.0,0.0007232366213931454,-0.013583690860050204,0.006195073009803242,-0.06120727240294793
25848.0,0.0005758826730854575,-0.01364349219762596,0.0060199304768547715,-0.06158556363418564
25860.0,0.00042969579912692404,-0.01370380418865083,0.005845228171202747,-0.061962301614696846
25872.0,0.00028466558333713015,-0.013764622134519029,0.005670969223968529,-0.062337433983115136
25884.0,0.00014078112262089343,-0.01382594338262092,0.005497156872262154,-0.06271090707763344
25896.0,-1.9690993629291472e-6,-0.01388776656833749,0.00532379465008284,-0.0630826660120291
25908.0,-0.00014359748855872405,-0.013950090768696532,0.005150886256220946,-0.06345265488923221
25920.0,-0.0002841175578932072,-0.014012914736850159,0.004978435165388436,-0.06382081719029782
25932.0,-0.0004235438699634438,-0.014076236321750184,0.004806444122777542,-0.06418709632915687
25944.0,-0.0005618915561103653,-0.014140052090821295,0.0046349146995430905,-0.06455143631550249
25956.0,-0.0006991753891133664,-0.014204357091592639,0.004463847078257768,-0.06491378243136858
25968.0,-0.0008354085401810684,-0.014269144636261973,0.004293240185268628,-0.0652740818106647
25980.0,-0.0009706012893101225,-0.014334405987864743,0.004123092203718931,-0.06563228381982457
25992.0,-0.0011047600397099825,-0.014400129871811315,0.00395340140688383,-0.06598834017077139
26004.0,-0.001237886981958115,-0.014466301821115562,0.0037841671690790864,-0.06634220474803065
26016.0,-0.0013699806525663664,-0.014532903464426768,0.0036153909605424472,-0.06669383318934456
26028.0,-0.0015010374499228789,-0.014599911953106712,0.0034470771255659,-0.0670431823111027
26040.0,-0.0016310539456872986,-0.014667299768224234,0.0032792332815366866,-0.06739020950481818
26052.0,-0.001760029613597195,-0.01473503513050593,0.0031118702514369664,-0.06773487224077696
26064.0,-0.0018879694445628182,-0.014803083150869657,0.0029450015362948194,-0.06807712779718796
26076.0,-0.0020148858702009284,-0.014871407718433372,0.00277864242542316,-0.06841693329087827
26088.0,-0.0021407994976346024,-0.014939973954727532,0.002612808910408018,-0.06875424602725484
26100.0,-0.0022657383587782803,-0.015008750905012256,0.00244751659899881,-0.06908902412475117
26112.0,-0.0023897356611638,-0.015077714029191225,0.00228277981185048,-0.06942122731502709
26124.0,-0.0025128263367786194,-0.015146847026822549,0.002118610993305996,-0.06975081778567876
26136.0,-0.002635042953333533,-0.01521614259808491,0.0019550204907417125,-0.0700777609238886
26148.0,-0.0027564117176882338,-0.015285601899544117,0.0017920166743270272,-0.07040202583851818
26160.0,-0.0028769493228010374,-0.01535523267386135,0.001629606299775985,-0.07072358558013878
26172.0,-0.00299666125668287,-0.015425046274145444,0.0014677949759870457,-0.07104241703427333
26184.0,-0.0031155419271828555,-0.015495054017435205,0.0013065875948540986,-0.07135850052095431
26196.0,-0.0032335766122188344,-0.01556526344243693,0.0011459886102732277,-0.0716718191817999
26208.0,-0.00335074489201441,-0.0156356750826462,0.0009860021074406613,-0.07198235826486596
26220.0,-0.0034670249319535057,-0.01570628028709372,0.0008266316665378388,-0.0722901044226284
26232.0,-0.00358239782272973,-0.015777060440898074,0.0006678800802393394,-0.07259504511998825
26244.0,-0.00369685118295077,-0.015847987691715654,0.0005097490186994583,-0.07289716821261362
26256.0,-0.003810381388466367,-0.015919027025178792,0.0003522387417822112,-0.07319646171035336
26268.0,-0.003922994078333049,-0.015990139305030297,0.00019534793728138896,-0.07349291369651341
26280.0,-0.00403470293860765,-0.016061284746395465,3.9073724020144846e-5,-0.07378651234120787
26292.0,-0.004145527107735808,-0.016132426250334803,-0.00011658818700368558,-0.07407724593244726
26304.0,-0.0042554878096358086,-0.01620353209806823,-0.0002716432180152915,-0.07436510285429482
26316.0,-0.004364604949398883,-0.016274577664002057,-0.00042609760005318234,-0.07465007146467448
26328.0,-0.004472894378069451,-0.01634554601923354,-0.0005799580581761946,-0.07493213985955814
26340.0,-0.004580366357580664,-0.016416427513377806,-0.0007332315409935642,-0.07521129554623651
26352.0,-0.004687025476119692,-0.016487218595856206,-0.0008859249933207007,-0.07548752507697414
26364.0,-0.004792871940989925,-0.016557920233930032,-0.0010380451367255194,-0.07576081370841563
26376.0,-0.004897903880782298,-0.01662853628919768,-0.0011895982034444198,-0.07603114514826174
26388.0,-0.005002120083712091,-0.01669907213483604,-0.0013405895733587037,-0.07629850143014531
26400.0,-0.005105522525460023,-0.01676953366010506,-0.0014910232931171093,-0.07656286292574553
26412.0,-0.005208118109504418,-0.016839926656435803,-0.0016409015046927014,-0.07682420846835641
26424.0,-0.00530991923646229,-0.016910256452790647,-0.0017902238645147895,-0.07708251553364208
26436.0,-0.005410943091204107,-0.016980527600454428,-0.001938987077189984,-0.07733776040904912
26448.0,-0.005511209826896118,-0.0170507434156934,-0.0020871846841539004,-0.07758991828781042
26460.0,-0.00561074007104048,-0.017120905268580167,-0.0022348072274470236,-0.07783896324657431
26472.0,-0.005709552328637149,-0.01719101163374107,-0.002381842851265675,-0.07808486810259434
26484.0,-0.005807660881974061,-0.017261057056251965,-0.0025282783182764166,-0.0783276041885232
26496.0,-0.005905074682441844,-0.017331031291865633,-0.0026741003219029305,-0.07856714111973273
26508.0,-0.006001797520910397,-0.017400918920541124,-0.002819296892734538,-0.07880344665087229
26520.0,-0.00609782949406997,-0.017470699687349787,-0.002963858649064138,-0.07903648671819252
26532.0,-0.006193169510185393,-0.017540349698326022,-0.00310777964417438,-0.07926622573987246
26544.0,-0.006287818353939142,-0.017609843415548488,-0.003251057621283956,-0.07949262720160336
26556.0,-0.006381781700249398,-0.01767915619704322,-0.003393693592941445,-0.07971565449747085
26568.0,-0.006475072455764573,-0.017748266961383027,-0.003535690794949814,-0.07993527193862214
26580.0,-0.0065677119157119615,-0.01781716046796917,-0.0036770531973927116,-0.08015144579710853
26592.0,-0.006659729432042151,-0.017885828720344568,-0.003817783856933185,-0.08036414523055828
26604.0,-0.006751160557741109,-0.017954271126912797,-0.003957883440358841,-0.0805733429414351
26616.0,-0.006842043912958597,-0.018022493271129182,-0.004097349225797615,-0.0807790154629739
26628.0,-0.006932417261069801,-0.018090504409691836,-0.004236174796717467,-0.08098114302637811
26640.0,-0.007022313444027864,-0.01815831407740261,-0.004374350501895441,-0.08117970903896732
26652.0,-0.007111756877618057,-0.018225928374928025,-0.004511864591456674,-0.081374699275884
26664.0,-0.007200761238229063,-0.018293346605839082,-0.004648704790363988,-0.08156610094367728
26676.0,-0.007289328793075883,-0.018360558888969557,-0.004784859970052671,-0.08175390180048622
26688.0,-0.007377451563158758,-0.01842754520561559,-0.004920321550291622,-0.08193808950814238
26700.0,-0.007465114204218032,-0.018494276079716054,-0.005055084315400432,-0.0821186513469447
26712.0,-0.0075522981947840715,-0.018560714784826304,-0.005189146452353738,-0.0822955743520156
26724.0,-0.00763898668161629,-0.018626820685963302,-0.005322508787441632,-0.08246884584473231
26736.0,-0.007725169193487066,-0.01869255311523035,-0.005455173376463688,-0.08263845425059022
26748.0,-0.007810845422209391,-0.018757875089516627,-0.005587141751398479,-0.08280439003258755
26760.0,-0.007896027393327726,-0.01882275622361115,-0.005718413210493177,-0.08296664653973806
26772.0,-0.007980739594136673,-0.01888717436154138,-0.005848983538735951,-0.08312522058013395
26784.0,-0.008065016958313104,-0.018951115706019688,-0.005978844460042358,-0.08328011257576162
26796.0,-0.008148900971857612,-0.019014573516390302,-0.0061079839685938084,-0.08343132623299082
26808.0,-0.00823243450205814,-0.01907754570977086,-0.006236387497464531,-0.08357886775334061
26820.0,-0.008315656198201127,-0.01914003188585834,-0.006364039699162891,-0.08372274469585282
26832.0,-0.008398595419915467,-0.019202030369031575,-0.00649092647546296,-0.08386296466794112
26844.0,-0.008481268588509054,-0.019263535812726364,-0.006617036833645677,-0.08399953405291113
26856.0,-0.008563677629825083,-0.019324537757297214,-0.006742364177090708,-0.08413245697333481
26868.0,-0.00864581081690555,-0.019385020311704013,-0.006866906754251823,-0.08426173464214516
26880.0,-0.008727645887864755,-0.019444962891525468,-0.0069906671668680895,-0.08438736517747622
26892.0,-0.008809154887865232,-0.019504341741902267,-0.007113651037858109,-0.08450934386842068
26904.0,-0.008890309846988614,-0.01956313184459571,-0.007235865118655052,-0.08462766379505045
26916.0,-0.008971088228758783,-0.01962130877529035,-0.007357315236033291,-0.08474231664407213
26928.0,-0.009051477110071036,-0.019678850140005713,-0.0074780045138131855,-0.08485329353351977
26940.0,-0.009131475286749128,-0.01973573635641858,-0.007597932247687812,-0.08496058567090221
26952.0,-0.009211092902186888,-0.019791950720478853,-0.007717093674245839,-0.08506418471605091
26964.0,-0.009290348694709821,-0.019847478868544658,-0.007835480687660656,-0.08516408279196526
26976.0,-0.009369265453794177,-0.019902307872126875,-0.00795308335965468,-0.08526027216850036
26988.0,-0.009447864663061066,-0.019956425260615803,-0.008069891952195086,-0.08535274471728334
27000.0,-0.009526161503201794,-0.020009818249214578,-0.008185899012607616,-0.085441491286216
27012.0,-0.00960416134143044,-0.020062473365354442,-0.008301101127428797,-0.08552650115798992
27024.0,-0.009681858545607111,-0.020114376542590524,-0.008415499985655762,-0.08560776173625724
27036.0,-0.009759237982539061,-0.02016551361976298,-0.008529102546751929,-0.08568525855048816
27048.0,-0.00983627898612348,-0.020215871077922998,-0.008641920291941737,-0.08575897559796093
27060.0,-0.009912961031705816,-0.020265436792632506,-0.008753967719723843,-0.08582889596488472
27072.0,-0.009989269947939123,-0.020314200585353128,-0.008865260390117438,-0.0858950026052192
27084.0,-0.0100652033299598,-0.02036215441963457,-0.008975812898235612,-0.08595727911931732
27096.0,-0.010140773933434728,-0.020409292186927552,-0.00908563715287264,-0.08601571037316313
27108.0,-0.010216010213719515,-0.020455609135951753,-0.009194741254057807,-0.08607028283314988
27120.0,-0.010290953754536704,-0.020501101090273352,-0.009303129125305494,-0.0861209845537483
27132.0,-0.010365653987353403,-0.02054576364861141,-0.009410800893189152,-0.08616780483259835
27144.0,-0.010440161196077796,-0.020589591560213828,-0.009517753854580107,-0.0862107336228026
27156.0,-0.010514519200786252,-0.020632578415928627,-0.009623983762376385,-0.08624976084914024
27168.0,-0.01058875922592514,-0.020674716709439385,-0.00972948611527271,-0.08628487580106689
27180.0,-0.01066289624949253,-0.020715998225993217,-0.009834257162841854,-0.0863160667647985
27192.0,-0.010736928635700398,-0.020756414633438983,-0.009938294425042064,-0.08634332101143115
27204.0,-0.010810841173345694,-0.02079595810368265,-0.010041596653262819,-0.08636662518729363
27216.0,-0.010884610917723705,-0.020834621793154342,-0.010144163298345738,-0.08638596607136416
27228.0,-0.010958214620929831,-0.020872400057441426,-0.010245993668738414,-0.08640133158965432
27240.0,-0.011031636169039578,-0.020909288354693332,-0.010347086033746894,-0.08641271192362157
27252.0,-0.011104872409807053,-0.02094528288304435,-0.01044743693831348,-0.08642010052982496
27264.0,-0.011177936066058646,-0.02098038007457453,-0.010547040946006314,-0.08642349490505588
27276.0,-0.011250855028079385,-0.021014576111198953,-0.010645890928374991,-0.08642289698110597
27288.0,-0.01132366808011192,-0.021047866624286572,-0.010743978894028563,-0.0864183131053216
27300.0,-0.011396417881262574,-0.021080246689881427,-0.010841297227196954,-0.08640975364177174
27312.0,-0.011469142626012377,-0.021111711147541595,-0.010937840109542156,-0.08639723229669341
27324.0,-0.011541868122640096,-0.021142255174726128,-0.011033604850391298,-0.08638076531675279
27336.0,-0.011614601978542891,-0.021171874965948738,-0.01112859285867521,-0.08636037072086047
27348.0,-0.011687331175769478,-0.021200568319618113,-0.011222810051966502,-0.08633606770430885
27360.0,-0.011760023640157562,-0.021228334940124997,-0.011316266600460489,-0.08630787630377128
27372.0,-0.011832633594235632,-0.02125517632036945,-0.011408976025198397,-0.0862758173451193
27384.0,-0.011905109707341991,-0.021281095169159686,-0.011500953785987821,-0.08623991262823728
27396.0,-0.011977404478716718,-0.021306094466240162,-0.011592215583102253,-0.08620018524906081
27408.0,-0.012049483031136055,-0.02133017633657824,-0.011682775642137913,-0.08615665993046785
27420.0,-0.012121329606983856,-0.02135334100710515,-0.01177264524677787,-0.08610936323594842
27432.0,-0.012192950520080865,-0.02137558612297617,-0.01186183173302444,-0.08605832357156454
27444.0,-0.012264373027263561,-0.021396906648857773,-0.011950338072729981,-0.0860035709343266
27456.0,-0.012335640394717273,-0.02141729547108366,-0.012038163071717997,-0.08594513642581729
27468.0,-0.012406804177525273,-0.021436744670045787,-0.012125302108029526,-0.08588305160410836
27480.0,-0.012477915255562405,-0.02145524727983889,-0.012211748256374838,-0.0858173477819084
27492.0,-0.012549015371710045,-0.021472799227838544,-0.012297493597980713,-0.0857480553863426
27504.0,-0.012620130765297877,-0.021489401079823257,-0.012382530505838435,-0.08567520347430024
27516.0,-0.012691269025178803,-0.021505059224351825,-0.0124668527216008,-0.08559881945235615
27528.0,-0.012762419607722338,-0.021519786215552072,-0.012550456093556206,-0.08551892899304998
27540.0,-0.01283355772074292,-0.02153360014173317,-0.012633338912817147,-0.08543555608407341
27552.0,-0.012904650619486523,-0.021546523069749125,-0.012715501853599057,-0.08534872310771784
27564.0,-0.012975664926238117,-0.02155857879506474,-0.012796947581353314,-0.08525845083525777
27576.0,-0.013046573451638113,-0.02156979026777402,-0.01287768013135875,-0.08516475823914162
27588.0,-0.01311736017879049,-0.021580177135629097,-0.01295770417671774,-0.08506766207198659
27600.0,-0.013188022519858098,-0.021589753830614376,-0.013037024299800302,-0.08496717622565635
27612.0,-0.013258570565105638,-0.02159852852738008,-0.013115644359996011,-0.08486331095162222
27624.0,-0.013329023682984392,-0.02160650313889694,-0.013193567020219706,-0.08475607207931245
27636.0,-0.013399405363269869,-0.021613674319474994,-0.013270793462292981,-0.08464546039829099
27648.0,-0.013469737517463807,-0.02162003525705511,-0.013347323293089594,-0.0845314713642945
27660.0,-0.013540035504157945,-0.021625577893292707,-0.013423154622829708,-0.08441409524731093
27672.0,-0.013610304932682327,-0.021630295139981808,-0.013498284285091413,-0.08429331776892485
27684.0,-0.013680540872545681,-0.021634182677154536,-0.013572708163620533,-0.08416912118972834
27696.0,-0.013750729556669436,-0.021637240017113646,-0.01364642159107667,-0.08404148572327806
27708.0,-0.013820852130147493,-0.02163947067817987,-0.013719419786368505,-0.08391039108863718
27720.0,-0.013890889574286884,-0.02164088149822136,-0.01379169829786289,-0.08377581798308864
27732.0,-0.013960827710593293,-0.021641481292101177,-0.013863253418610187,-0.0836377492674606
27744.0,-0.01403066119970546,-0.021641279183124022,-0.013934082537574874,-0.08349617070748751
27756.0,-0.014100395684800638,-0.021640282991062642,-0.014004184389782905,-0.08335107119616311
27768.0,-0.014170047631350883,-0.021638498028892363,-0.014073559170959706,-0.08320244247807407
27780.0,-0.014239641897494321,-0.021635926555131156,-0.01414220849092003,-0.08305027848803559
27792.0,-0.014309207531630808,-0.021632567972635713,-0.014210135155686924,-0.08289457448467359
27804.0,-0.01437877264445144,-0.02162841969237894,-0.014277342790183898,-0.08273532619134465
27816.0,-0.014448359375902645,-0.021623478429813638,-0.014343835338475566,-0.08257252914599371
27828.0,-0.014517979945740478,-0.021617741604678515,-0.014409616502445384,-0.08240617841108404
27840.0,-0.01458763455276447,-0.021611208493392365,-0.014474689197296269,-0.08223626871562488
27852.0,-0.014657311522456851,-0.021603880841041544,-0.014539055108593945,-0.08206279501035685
27864.0,-0.014726989670515592,-0.02159576276463913,-0.014602714427640866,-0.08188575333325367
27876.0,-0.014796642434974755,-0.02158685994351173,-0.014665665819252965,-0.08170514182267086
27888.0,-0.014866243009512932,-0.02157717826032154,-0.01472790664102706,-0.08152096169122823
27900.0,-0.014935769541241203,-0.02156672219031259,-0.014789433391295664,-0.08133321798851612
27912.0,-0.015005209463321007,-0.021555493306772325,-0.014850242321545745,-0.08114192003016582
27924.0,-0.015074562208161847,-0.02154348926076393,-0.014910330116175695,-0.08094708144270062
27936.0,-0.015143839852275787,-0.02153070350339609,-0.014969694525186294,-0.08074871985143181
27948.0,-0.015213065618880924,-0.021517125866968155,-0.01502833483836039,-0.08054685630532339
27960.0,-0.015282270538981957,-0.021502743938629727,-0.015086252113647839,-0.08034151457414979
27972.0,-0.015351488879099793,-0.021487544985260922,-0.015143449114662642,-0.08013272046148807
27984.0,-0.015420753132308077,-0.021471518058742978,-0.015199929965432698,-0.07992050125195709
27996.0,-0.015490089410556839,-0.02145465585540523,-0.01525569958515546,-0.07970488536009496
28008.0,-0.015559513969708588,-0.021436955935895168,-0.015310763011125841,-0.07948590218456007
28020.0,-0.015629031369961948,-0.021418421027545553,-0.015365124744787713,-0.07926358211076638
28032.0,-0.01569863446976442,-0.02139905830852002,-0.01541878825770648,-0.07903795656236443
28044.0,-0.01576830612884765,-0.021378877776433488,-0.015471755769429364,-0.07880905798740946
28056.0,-0.01583802221428644,-0.021357889992522975,-0.015524028361139539,-0.07857691968204797
28068.0,-0.01590775531119692,-0.021336103626931266,-0.015575606425950126,-0.07834157539894125
28080.0,-0.01597747846711219,-0.021313523282841522,-0.015626490390240697,-0.07810305874866602
28092.0,-0.01604716835306996,-0.02129014803505893,-0.015676681583460167,-0.07786140246512334
28104.0,-0.016116807387948018,-0.021265970989225932,-0.015726183097871296,-0.07761663765503336
28116.0,-0.01618638460852165,-0.02124097997602827,-0.015775000472702867,-0.07736879317432666
28128.0,-0.016255895326672203,-0.02121515927821739,-0.015823142061620235,-0.07711789526398648
28140.0,-0.016325339845272974,-0.02118849209002514,-0.015870618994723397,-0.07686396753547481
28152.0,-0.016394721661446,-0.02116096326810433,-0.015917444717214475,-0.07660703132952969
28164.0,-0.01646404564245263,-0.02113256187850639,-0.0159636341632601,-0.07634710639575415
28176.0,-0.01653331660941842,-0.021103283086178436,-0.01600920269078331,-0.07608421177054495
28188.0,-0.016602538623768672,-0.02107312906335582,-0.016054164947782876,-0.07581836668302207
28200.0,-0.016671715075558813,-0.021042108784694313,-0.016098533854266,-0.07554959130374962
28212.0,-0.016740849467471352,-0.02101023679139014,-0.016142319863017278,-0.07527790717330189
28224.0,-0.016809946619475814,-0.020977531200844005,-0.016185530611008463,-0.07500333720339011
28236.0,-0.01687901392390256,-0.020944011373988873,-0.016228171001189902,-0.07472590522151665
28248.0,-0.01694806227831242,-0.02090969570280939,-0.01627024367578839,-0.07444563511540005
28260.0,-0.017017106411692736,-0.020874599936971387,-0.016311749772516454,-0.07416254970872602
28272.0,-0.017086164474858705,-0.02083873634122355,-0.01635268980792937,-0.07387666955031712
28284.0,-0.017155256949766426,-0.020802113791661258,-0.016393064516595314,-0.07358801181503763
28296.0,-0.0172244050997819,-0.02076473871760038,-0.016432875493330203,-0.07329658949429192
28308.0,-0.017293629293260414,-0.020726616618446315,-0.016472125534030168,-0.07300241100196352
28320.0,-0.017362947559672645,-0.020687753767905326,-0.01651081863807007,-0.07270548024940827
28332.0,-0.01743237467512131,-0.02064815868468315,-0.016548959707435196,-0.07240579716560115
28344.0,-0.017501921938648378,-0.02060784300540949,-0.016586554039530067,-0.07210335857100625
28356.0,-0.01757159762668595,-0.02056682152926159,-0.01662360674920616,-0.07179815926854025
28368.0,-0.017641407944640232,-0.020525111386149344,-0.016660122263345862,-0.07149019319907399
28380.0,-0.017711358175074115,-0.020482730473067114,-0.016696104007433762,-0.07117945452260929
28392.0,-0.01778145368239386,-0.02043969546617153,-0.016731554353899166,-0.07086593852363103
28404.0,-0.0178517004853194,-0.020396019815595925,-0.01676647483808792,-0.07054964228962533
28416.0,-0.0179221052383107,-0.02035171214552851,-0.01680086658393187,-0.07023056516287769
28428.0,-0.017992674638344995,-0.020306775410563607,-0.01683473083191222,-0.06990870900593808
28440.0,-0.01806341444800889,-0.0202612070154673,-0.016868069437591945,-0.06958407834267685
28452.0,-0.018134328452513178,-0.02021499991855935,-0.01690088521495092,-0.06925668043699633
28464.0,-0.01820541771062572,-0.02016814454665695,-0.016933182033339333,-0.06892652535289803
28476.0,-0.01827668040213105,-0.020120631190434106,-0.01696496463206674,-0.0685936260101608
28488.0,-0.01834811242746809,-0.020072452454559474,-0.01699623817995824,-0.06825799821925323
28500.0,-0.01841970871309051,-0.020023605325266914,-0.017027007664461122,-0.06791966065703729
28512.0,-0.018491464969679763,-0.019974092490592073,-0.017057277233414932,-0.06757863473842853
28524.0,-0.018563379494509844,-0.019923922690205684,-0.017087049624073418,-0.06723494435113066
28536.0,-0.018635454548966646,-0.01987311005408704,-0.01711632579619357,-0.06688861544840759
28548.0,-0.018707696900346085,-0.019821672576300922,-0.017145104843336367,-0.06653967553163143
28560.0,-0.018780117287318432,-0.019769630025806246,-0.01717338419877796,-0.06618815309029843
28572.0,-0.018852728815383413,-0.019717001691406864,-0.01720116009260417,-0.06583407709221616
28584.0,-0.018925544554965847,-0.019663804375973915,-0.01722842816783972,-0.06547747662269117
28596.0,-0.01899857483467038,-0.01961005099458276,-0.01725518413623966,-0.06511838075506551
28608.0,-0.019071824837320558,-0.019555750005997727,-0.01728142435395178,-0.06475681869742507
28620.0,-0.019145293081011896,-0.019500905742745933,-0.01730714622277411,-0.06439282020840832
28632.0,-0.019218971198490975,-0.01944551953416576,-0.017332348367480176,-0.06402641621917901
28644.0,-0.019292845147961337,-0.0193895913717437,-0.017357030592812198,-0.06365763955063931
28656.0,-0.019366897658311247,-0.019333121773126894,-0.017381193672848416,-0.0632865255855081
28668.0,-0.019441111408765588,-0.019276113475917844,-0.017404839059490324,-0.06291311275102277
28680.0,-0.01951547224165784,-0.019218572636879237,-0.01742796860862367,-0.06253744269157299
28692.0,-0.019589971661264208,-0.0191605093154951,-0.01745058441035225,-0.062159560057676866
28704.0,-0.01966460800054752,-0.019101937161452805,-0.017472688777529184,-0.06177951189959994
28716.0,-0.01973938591935516,-0.01904287237605944,-0.01749428440312904,-0.061397346718785564
28728.0,-0.01981431427269416,-0.018983332149846426,-0.017515374652735075,-0.06101311328576694
28740.0,-0.019889402771850587,-0.01892333286925327,-0.01753596392420486,-0.06062685936907914
28752.0,-0.019964658164219058,-0.01886288841962575,-0.017556057990248584,-0.06023863052975041
28764.0,-0.02004008080508466,-0.01880200888604917,-0.017575664244408883,-0.059848469119407686
28776.0,-0.020115662445318202,-0.01874069987501044,-0.01759479179471348,-0.05945641358135908
28788.0,-0.020191385816718473,-0.018678962564884962,-0.017613451385433465,-0.059062498101835226
28800.0,-0.020267226210585323,-0.018616794463780173,-0.017631655166455484,-0.058666752603644665
28812.0,-0.020343154799321566,-0.0185541907327792,-0.017649416361915027,-0.058269203027360224
28824.0,-0.02041914304631359,-0.018491145841792324,-0.017666748907177447,-0.05786987181390818
28836.0,-0.020495167280381966,-0.01842765527850654,-0.017683667122219495,-0.057468778491202396
28848.0,-0.020571212443365225,-0.018363717034436067,-0.017700185471031693,-0.05706594027580995
28860.0,-0.020647274173827324,-0.018299332642999176,-0.017716318426374337,-0.05666137262401447
28872.0,-0.020723358736758478,-0.01823450763209678,-0.017732080425576745,-0.05625508969777984
28884.0,-0.02079948077391831,-0.01816925136133242,-0.017747485875276914,-0.05584710474187681
28896.0,-0.020875659329096113,-0.018103576322581482,-0.017762549148563622,-0.05543743039177982
28908.0,-0.02095191298874708,-0.0180374970734743,-0.0177772845207603,-0.05502607894347947
28920.0,-0.02102825518254626,-0.01797102903149392,-0.017791706009291634,-0.05461306261515206
28932.0,-0.021104690662024896,-0.01790418737269185,-0.01780582711348301,-0.05419839381912295
28944.0,-0.021181213922170775,-0.017836986251542345,-0.017819660483487324,-0.053782085445664526
28956.0,-0.021257809905885935,-0.017769438492515558,-0.017833217574660346,-0.053364151143797965
28968.0,-0.021334456829153584,-0.01770155581116018,-0.01784650835700047,-0.05294460557371032
28980.0,-0.02141113049836933,-0.01763334951881529,-0.017859541144691595,-0.05252346460393852
28992.0,-0.021487809165576476,-0.01756483156829719,-0.01787232258899312,-0.05210074543459028
29004.0,-0.021564477855606164,-0.01749601572481057,-0.01788485784395636,-0.05167646664322313
29016.0,-0.021641131226051952,-0.017426918610029842,-0.01789715087724332,-0.05125064816813244
29028.0,-0.02171777435698008,-0.01735756037508751,-0.017909204867301003,-0.0508233112594084
29040.0,-0.02179442133513384,-0.017287964810270277,-0.01792102261148344,-0.050394478436531095
29052.0,-0.021871091990175697,-0.017218158788366984,-0.01793260687196003,-0.049964173489698394
29064.0,-0.021947807546048612,-0.017148171051164035,-0.017943960607020283,-0.04953242155040886
29076.0,-0.02202458617718629,-0.01707803046635805,-0.01795508706934929,-0.04909924923766214
29088.0,-0.022101439456920356,-0.017007763985241172,-0.017965989791004035,-0.04866468486417336
29100.0,-0.022178370456739174,-0.016937394601504258,-0.017976672506788145,-0.048228758667776025
29112.0,-0.02225537385477687,-0.01686693963466221,-0.017987139084468518,-0.04779150302169301
29124.0,-0.0223324379339751,-0.016796409631454148,-0.017997393526580283,-0.04735295257670709
29136.0,-0.022409547906096398,-0.016725808097398893,-0.01800744008456715,-0.04691314429889076
29148.0,-0.02248668969022067,-0.01665513214965579,-0.01801728348740606,-0.046472117386057596
29160.0,-0.02256385317459722,-0.01658437404006025,-0.018026929243679834,-0.0460299130698226
29172.0,-0.02264103412161231,-0.01651352335690058,-0.018036383940172845,-0.045586574332366056
29184.0,-0.022718234206696754,-0.01644256959971098,-0.018045655442187072,-0.04514214558229915
29196.0,-0.022795459136558734,-0.01637150475371958,-0.01805475290757221,-0.04469667233876329
29208.0,-0.022872715264937556,-0.016300325483035186,-0.018063686558565346,-0.04425020096604156
29220.0,-0.02295000550541046,-0.01622903461763644,-0.018072467207013256,-0.043802778484412275
29232.0,-0.02302732554144994,-0.016157641721136297,-0.018081105588028914,-0.043354452461052746
29244.0,-0.023104661305503354,-0.016086162676332925,-0.018089611610349148,-0.04290527096314973
29256.0,-0.023181988444659844,-0.016014618388509944,-0.01809799366486916,-0.04245528253950502
29268.0,-0.02325927406478907,-0.015943032853958875,-0.018106258136261096,-0.04200453619079918
29280.0,-0.023336480541029846,-0.015871430946816128,-0.01811440923307132,-0.041553081293659075
29292.0,-0.02341357071141359,-0.015799836321406326,-0.018122449193800096,-0.04110096745817258
29304.0,-0.023490513436909177,-0.01572826980089009,-0.018130378851780603,-0.04064824431835487
29316.0,-0.02356728839036111,-0.01565674852980813,-0.018138198466339704,-0.04019496127466876
29328.0,-0.0236438890577854,-0.015585286024123388,-0.01814590866880157,-0.03974116722143201
29340.0,-0.023720323275246247,-0.015513893083329566,-0.018153511343354488,-0.03928691029575098
29352.0,-0.023796611113035663,-0.015442579366017213,-0.018161010272114017,-0.038832237677154956
29364.0,-0.02387278045436584,-0.015371355303359369,-0.01816841141990524,-0.03837719545020394
29376.0,-0.023948861086661045,-0.01530023395845047,-0.018175722807924052,-0.037921828520663836
29388.0,-0.02402487843203105,-0.015229232446520406,-0.018182954010642384,-0.03746618055573467
29400.0,-0.02410084812606949,-0.015158372611298215,-0.018190115388333514,-0.03701029390666936
29412.0,-0.024176772494260413,-0.015087680791914315,-0.01819721722107995,-0.03655420947260734
29424.0,-0.024252639606334125,-0.015017186687022902,-0.018204268927227624,-0.036097966479113654
29436.0,-0.02432842508641058,-0.014946921495940726,-0.01821127852637078,-0.035641602171489394
29448.0,-0.024404096322216445,-0.014876915657593758,-0.018218252449630563,-0.03518515145557527
29460.0,-0.024479618256425056,-0.014807196589729526,-0.018225195721613175,-0.034728646549324234
29472.0,-0.02455495964688169,-0.01473778683703153,-0.018232112457085118,-0.03427211672823276
29484.0,-0.02463009860544952,-0.014668702965622858,-0.01823900654959666,-0.03381558824986542
29496.0,-0.02470502637827077,-0.01459995540598277,-0.018245882393598284,-0.033359084523882296
29508.0,-0.024779748678798303,-0.014531549272043264,-0.018252745483258587,-0.03290262655568241
29520.0,-0.024854284357174006,-0.014463486004388727,-0.018259602768461544,-0.032446233640410195
29532.0,-0.024928661691569716,-0.014395765534555932,-0.01826646271116573,-0.03198992422986523
29544.0,-0.025002913022170503,-0.014328388574508985,-0.01827333505744115,-0.03153371684980487
29556.0,-0.025077068735741802,-0.014261358618378624,-0.018280230404215322,-0.031077630920364845
29568.0,-0.025151151698397312,-0.014194683305695413,-0.01828715967978854,-0.030621687335487126
29580.0,-0.025225173115988396,-0.014128374924332422,-0.01829413366456896,-0.030165908690490913
29592.0,-0.02529913050515642,-0.014062450001792128,-0.01830116265274529,-0.0297103191060253
29604.0,-0.025373008045955145,-0.01399692811173521,-0.018308256304747462,-0.029254943671479166
29616.0,-0.02544677914101435,-0.013931830173613288,-0.018315423678683034,-0.028799807607299777
29628.0,-0.025520410611572803,-0.013867176617216972,-0.018322673373437938,-0.02834493530812861
29640.0,-0.02559386768929968,-0.013802985802535028,-0.0183300136819773,-0.02789034946371014
29652.0,-0.025667118860330924,-0.013739273025254982,-0.01833745265003163,-0.02743607045358794
29664.0,-0.025740139696214703,-0.013676050311989742,-0.01834499796403616,-0.02698211617302149
29676.0,-0.02581291504263494,-0.013613327042631561,-0.018352656645516913,-0.02652850237722133
29688.0,-0.025885439279054283,-0.01355111126395471,-0.01836043459290262,-0.026075243541366398
29700.0,-0.025957714741012085,-0.013489411413813542,-0.018368336068620827,-0.02562235414158716
29712.0,-0.026029748737958127,-0.013428238088260328,-0.018376363263251674,-0.02516985018471061
29724.0,-0.026101549839642177,-0.013367605472084858,-0.01838451606895286,-0.024717750766943384
29736.0,-0.026173124201639503,-0.013307532118756031,-0.018392792159259323,-0.02426607943298325
29748.0,-0.026244472643167184,-0.013248040894867473,-0.018401187408845346,-0.02381486513886993
29760.0,-0.026315588996079647,-0.013189158070366221,-0.018409696609707135,-0.023364142687872888
29772.0,-0.02638645995699397,-0.013130911705047767,-0.018418314368351313,-0.02291395259592981
29784.0,-0.02645706635566334,-0.013073329619592811,-0.018427036020211656,-0.022464340434742547
29796.0,-0.02652738546697421,-0.013016437318060627,-0.01843585838563611,-0.022015355779301197
29808.0,-0.026597393797548493,-0.012960256232906593,-0.018444780220654336,-0.021567050938099814
29820.0,-0.026667069707478824,-0.012904802593441235,-0.01845380227960103,-0.02111947966026912
29832.0,-0.02673639529329485,-0.012850087089753201,-0.01846292699095897,-0.020672695993341348
29844.0,-0.02680535714198045,-0.012796115344044378,-0.018472157832552186,-0.02022675341480286
29856.0,-0.026873945826100514,-0.012742889043759786,-0.01848149855702408,-0.019781704292167017
29868.0,-0.026942154290393473,-0.012690407468498198,-0.018490952447550807,-0.019337599655186125
29880.0,-0.027009975521120347,-0.012638669080197068,-0.018500521769801652,-0.018894489204855813
29892.0,-0.027077400040996232,-0.012587672855137151,-0.01851020753270436,-0.018452421448412103
29904.0,-0.027144413804315634,-0.012537419113113124,-0.018520009590953186,-0.018011443843189024
29916.0,-0.02721099697437503,-0.012487909725425544,-0.01852992703645061,-0.01757160285389756
29928.0,-0.027277123870417228,-0.012439147730577183,-0.018539958755756238,-0.01713294387035875
29940.0,-0.027342764117520162,-0.012391136522075874,-0.01855010399408491,-0.016695510984468455
29952.0,-0.027407884775594468,-0.012343878867037564,-0.018560362772944577,-0.016259346673187403
29964.0,-0.02747245301838373,-0.012297376047355158,-0.01857073605655349,-0.01582449146714952
29976.0,-0.027536438823509615,-0.01225162738087353,-0.018581225639234655,-0.015390983694646419
29988.0,-0.027599817142258204,-0.012206630287143697,-0.0185918338116103,-0.01495885937649069
30000.0,-0.027662569139080627,-0.012162380932694727,-0.018602562934303877,-0.01452815231265792
30012.0,-0.027724682296942194,-0.012118875354087209,-0.018613415083811646,-0.014098894355476583
30024.0,-0.027786149428724535,-0.012076110844264123,-0.018624391924535095,-0.013671115817871896
30036.0,-0.027846966862313107,-0.012034087324143222,-0.018635494903863795,-0.013244845930042
30048.0,-0.02790713222796871,-0.011992808420891132,-0.018646725776226714,-0.012820113242481349
30060.0,-0.02796664233717699,-0.011952282036354267,-0.018658087359457114,-0.012396945881331485
30072.0,-0.028025491591890443,-0.011912520298954418,-0.018669584339374407,-0.011975371592019326
30084.0,-0.028083671216914286,-0.011873538924466211,-0.018681223890766957,-0.011555417552399718
30096.0,-0.0281411694028272,-0.011835356135055862,-0.01869301589104778,-0.011137109987083194
30108.0,-0.02819797223183433,-0.01179799137344243,-0.018704972569798934,-0.010720473659142738
30120.0,-0.02825406508499338,-0.01176146408031518,-0.01871710755173438,-0.010305531344245236
30132.0,-0.028309434136145284,-0.011725792771623509,-0.018729434388299916,-0.009892303399338295
30144.0,-0.028364067545245442,-0.01169099456614564,-0.01874196480287085,-0.009480807522125835
30156.0,-0.02841795606660772,-0.011657085193754269,-0.018754706964860833,-0.009071058762512083
30168.0,-0.02847109295764841,-0.011624079389934606,-0.01876766413499905,-0.008663069800856767
30180.0,-0.02852347326675817,-0.011591991482549201,-0.018780833977054802,-0.008256851460308943
30192.0,-0.02857509274552341,-0.011560835926971342,-0.018794208716484923,-0.007852413381578232
30204.0,-0.028625946728354473,-0.011530627558339767,-0.018807776165843896,-0.007449764765827177
30216.0,-0.028676029326947412,-0.011501381402909726,-0.018821521463740436,-0.007048915088563476
30228.0,-0.028725333196976163,-0.01147311200787988,-0.018835429226176464,-0.006649874703547974
30240.0,-0.028773849973137818,-0.011445832383354539,-0.018849485719438154,-0.006252655285755295
30252.0,-0.028821571277710147,-0.011419552769235583,-0.018863680653446263,-0.005857270098510757
30264.0,-0.028868490036754766,-0.011394279514463429,-0.01887800826758962,-0.0054637341034544954
30276.0,-0.02891460173225674,-0.01137001436631522,-0.018892467523127104,-0.005072063955580243
30288.0,-0.02895990520719177,-0.011346754407933934,-0.01890706139734309,-0.004682277934823158
30300.0,-0.0290044027295594,-0.011324492763351585,-0.01892179545591867,-0.004294395859935049
30312.0,-0.029048099191195543,-0.011303220035341083,-0.01893667602226758,-0.003908439012889694
30324.0,-0.029091000527123764,-0.011282926285526386,-0.018951708335203127,-0.003524430078836299
30336.0,-0.029133111639650402,-0.01126360324274175,-0.018966895073995207,-0.00314239308489049
30348.0,-0.029174434248344382,-0.011245246362787726,-0.01898223553626627,-0.0027623533073540085
30360.0,-0.029214965126711952,-0.011227856375900467,-0.01899772560093483,-0.0023843371154566406
30372.0,-0.029254695116514365,-0.011211440046502404,-0.019013358430335404,-0.002008371731167982
30384.0,-0.029293609146025783,-0.011196010015841579,-0.01902912570272734,-0.001634484906174956
30396.0,-0.029331687257647416,-0.011181583771920278,-0.01904501905479977,-0.001262704543016996
30408.0,-0.029368906426331706,-0.011168181956369438,-0.019061031377640005,-0.0008930583104225147
30420.0,-0.02940524277791491,-0.011155826339998611,-0.01907715765576195,-0.000525573316277424
30432.0,-0.029440673738253827,-0.011144537852208723,-0.019093395155285384,-0.00016027590067734367
30444.0,-0.029475179679536553,-0.011134335023617308,-0.0191097429265227,0.0002028084051588163
30456.0,-0.029508744770495865,-0.011125233102474291,-0.019126200751069324,0.000563654738205217
30468.0,-0.02954135694713009,-0.011117243955670117,-0.019142767796238327,0.0009222386024604986
30480.0,-0.02957300714647493,-0.011110376696965893,-0.01915944131037998,0.0012785354651286994
30492.0,-0.029603688129670777,-0.011104638834592877,-0.019176215685845936,0.0016325203356130809
30504.0,-0.029633393313664103,-0.011100037629238453,-0.01919308213444748,0.0019841674248103638
30516.0,-0.029662116007548516,-0.01109658132205666,-0.01921002908253527,0.00233344997508543
30528.0,-0.029689849313748618,-0.011094279935578565,-0.019227043230907567,0.0026803403255688117
30540.0,-0.029716586739585715,-0.011093145456798416,-0.019244111075177397,0.003024810237555554
30552.0,-0.02974232332683565,-0.011093191356335899,-0.019261220578135035,0.003366831458383882
30564.0,-0.029767056909791045,-0.011094431547757943,-0.019278362649401255,0.003706376458308643
30576.0,-0.029790789012548304,-0.011096879013860111,-0.019295532126131228,0.004043419242188482
30588.0,-0.029813524927810937,-0.011100544395867492,-0.019312728051917662,0.004377936122645515
30600.0,-0.02983527268433177,-0.011105434843564393,-0.01932995319560303,0.004709906346525439
30612.0,-0.02985604087585583,-0.011111553360970115,-0.019347212905442415,0.00503931249067679
30624.0,-0.02987583563082164,-0.011118898769465996,-0.01936451352407842,0.005366140581233826
30636.0,-0.02989465727451181,-0.01112746627484023,-0.019381860669622268,0.0056903799350906765
30648.0,-0.02991249740247759,-0.011137248497388385,-0.019399257703258233,0.006012022764530298
30660.0,-0.029929337095471735,-0.011148236733047077,-0.01941670465425237,0.006331063618326635
30672.0,-0.029945146845624576,-0.011160422177603763,-0.01943419777290098,0.0066474987497859685
30684.0,-0.029959888454923707,-0.011173796871344007,-0.019451729754624694,0.006961325502204945
30696.0,-0.029973518770262872,-0.011188354200074536,-0.019469290552055873,0.007272541786707236
30708.0,-0.029985994718466996,-0.01120408890048621,-0.019486868592250628,0.007581145700935703
30720.0,-0.029997278789422252,-0.0112209966364896,-0.019504452160988613,0.00788713530593812
30732.0,-0.03000734396060648,-0.011239073310942344,-0.01952203071231092,0.008190508549375098
30744.0,-0.030016177104369976,-0.011258314332126668,-0.01953959590413592,0.008491263301309154
30756.0,-0.030023780169532655,-0.011278714054875155,-0.019557142235627538,0.008789397457475
30768.0,-0.0300301688361063,-0.011300265563613493,-0.01957466724927635,0.009084909064542743
30780.0,-0.03003536882544357,-0.011322960872211343,-0.01959217134040279,0.009377796430407403
30792.0,-0.030039410508389975,-0.011346791505680612,-0.019609657273365583,0.009668058196157446
30804.0,-0.030042322794341957,-0.01137174932730138,-0.019627129529022447,0.009955693360648747
30816.0,-0.030044127431643756,-0.011397827405208944,-0.019644593602335624,0.010240701259649
30828.0,-0.030044834771633253,-0.011425020690749847,-0.01966205534017178,0.010523081506937119
30840.0,-0.030044441759466037,-0.01145332631188751,-0.019679520369481847,0.010802833904160227
30852.0,-0.03004293247375728,-0.011482743361594012,-0.01969699362803426,0.01107995832122863
30864.0,-0.030040281035171066,-0.011513272166411206,-0.019714478983774743,0.01135445454249583
30876.0,-0.030036456244847343,-0.011544913131038764,-0.01973197891954814,0.011626322069302537
30888.0,-0.030031426990748726,-0.011577665346910005,-0.019749494266265454,0.011895559869464811
30900.0,-0.030025167337808013,-0.01161152520667684,-0.01976702398365113,0.01216216607034041
30912.0,-0.030017660317490404,-0.011646485271323436,-0.019784565004935622,0.012426137603717198
30924.0,-0.030008899728667545,-0.011682533591919236,-0.019802112172129738,0.012687469825604186
30936.0,-0.029998889688664366,-0.011719653603866252,-0.019819658286717733,0.01294615614844982
30948.0,-0.029987642139406516,-0.011757824605858868,-0.019837194286218118,0.013202187733354858
30960.0,-0.02997517292142946,-0.011797022730435954,-0.019854709534249365,0.01345555329212397
30972.0,-0.029961497295697612,-0.011837222228840216,-0.01987219218795247,0.013706239041700086
30984.0,-0.029946625869175136,-0.011878396845582815,-0.019889629590169038,0.013954228836945063
30996.0,-0.029930561755863606,-0.011920521055142944,-0.0199070086310753,0.014199504484333866
31008.0,-0.029913299513600243,-0.011963570972849407,-0.01992431603735568,0.01444204621308975
31020.0,-0.02989482600496516,-0.012007524824079881,-0.019941538573679234,0.014681833256609303
31032.0,-0.029875122923278683,-0.012052362944593683,-0.019958663173843653,0.01491884448045435
31044.0,-0.029854170386892583,-0.012098067372040156,-0.01997567704747,0.015153058987154334
31056.0,-0.029831950803972537,-0.012144621158020107,-0.019992567822814125,0.015384456633912559
31068.0,-0.029808452181844355,-0.012192007569839139,-0.02000932378060484,0.015613018415985136
31080.0,-0.029783670198640522,-0.012240209356260202,-0.020025934206832748,0.01583872669275772
31092.0,-0.029757608634056236,-0.01228920822417165,-0.02004238984943775,0.0160615652606434
31104.0,-0.029730278107993034,-0.012338984621155742,-0.020058683415625795,0.016281519301646404
31116.0,-0.029701693426181227,-0.012389517854323172,-0.020074810006708195,0.016498575254183877
31128.0,-0.029671870109749265,-0.012440786511479644,-0.020090767368863643,0.016712720660504277
31140.0,-0.029640820838295317,-0.01249276909828089,-0.02010655584974065,0.01692394404191284
31152.0,-0.029608552538064346,-0.012545444772648953,-0.020122177993952887,0.017132234840394035
31164.0,-0.029575064704204658,-0.012598794048992841,-0.020137637778717098,0.017337583446357985
31176.0,-0.02954034929278536,-0.012652799358743725,-0.020152939570383298,0.017539981311469527
31188.0,-0.029504392208097606,-0.012707445385623243,-0.020168086955334664,0.017739421127285566
31200.0,-0.02946717610562356,-0.012762719136706254,-0.02018308164648969,0.017935897038308224
31212.0,-0.02942868398847189,-0.012818609755612052,-0.020197922675594643,0.018129404854043563
31224.0,-0.02938890293755938,-0.012875108124489398,-0.020212606045888332,0.01831994222878344
31236.0,-0.029347827303876407,-0.01293220633089358,-0.020227124943781483,0.018507508788305232
31248.0,-0.029305460801049243,-0.01298989709047933,-0.020241470505737637,0.01869210619637883
31260.0,-0.0292618171425007,-0.013048173215399039,-0.020255633028257423,0.018873738167197875
31272.0,-0.029216919128579443,-0.013107027202482068,-0.020269603417826458,0.01905241043924941
31284.0,-0.02917079635669663,-0.013166450987759782,-0.020283374624133696,0.019228130729427705
31296.0,-0.02912348195522317,-0.013226435879322145,-0.02029694279648546,0.019400908682693632
31308.0,-0.02907500889277913,-0.013286972644491859,-0.020310307952146577,0.019570755823296305
31320.0,-0.02902540646685861,-0.013348051695925905,-0.02032347403697099,0.019737685500969982
31332.0,-0.028974697525379695,-0.013409663300218191,-0.020336448374297936,0.019901712812926315
31344.0,-0.028922896834679322,-0.013471797726433967,-0.020349240613473457,0.02006285447332222
31356.0,-0.028870010804479485,-0.013534445263273376,-0.020361861380306958,0.020221128598984915
31368.0,-0.028816038550017617,-0.01359759606194895,-0.020374320879507666,0.02037655438503361
31380.0,-0.028760974052253602,-0.013661239803813771,-0.020386627694491337,0.020529151656551448
31392.0,-0.02870480900405087,-0.013725365240529893,-0.02039878797531875,0.02067894030090371
31404.0,-0.028647535830301562,-0.013789959700881154,-0.020410805114255904,0.020825939606628624
31416.0,-0.028589150357752953,-0.013855008691919085,-0.020422679901616326,0.02097016755525586
31428.0,-0.028529653686243054,-0.01392049573359934,-0.020434411056099885,0.021111640128097395
31440.0,-0.028469052963492694,-0.013986402549098182,-0.020445995955098713,0.021250370697816903
31452.0,-0.02840736096482386,-0.014052709686231003,-0.02045743136531785,0.02138636957245221
31464.0,-0.028344594593357718,-0.01411939757355874,-0.020468713996094196,0.021519643747151047
31476.0,-0.028280772608724424,-0.014186447928659028,-0.020479840759634927,0.021650196897455398
31488.0,-0.02821591302952561,-0.014253845351135833,-0.020490808707798087,0.021778029620282274
31500.0,-0.028150030712008115,-0.014321578866772374,-0.020501614702912615,0.02190313989861034
31512.0,-0.028083135573342334,-0.014389643157908699,-0.020512254949582757,0.022025523737598727
31524.0,-0.02801523180722965,-0.014458039229718264,-0.020522724549591784,0.022145175897601788
31536.0,-0.027946318252801427,-0.014526774325613761,-0.020533017235645004,0.022262090636712795
31548.0,-0.02787638985822272,-0.01459586101096493,-0.02054312539450724,0.022376262374220152
31560.0,-0.027805439968564022,-0.014665315476797,-0.02055304041786343,0.022487686197242115
31572.0,-0.027733463003693313,-0.014735155251356609,-0.020562753337709613,0.022596358154646747
31584.0,-0.02766045700862117,-0.014805396621721516,-0.02057225563164096,0.022702275312375106
31596.0,-0.02758642557383455,-0.014876052136530024,-0.02058154003847166,0.022805435578401548
31608.0,-0.02751137873597863,-0.014947128568167089,-0.020590601215970356,0.022905837338974416
31620.0,-0.027435332659878697,-0.015018625653195967,-0.020599436101235685,0.023003478975593638
31632.0,-0.027358308135503686,-0.015090535811162367,-0.02060804389293509,0.023098358350154283
31644.0,-0.027280328152996032,-0.01516284488386525,-0.020616425649411664,0.02319047235089053
31656.0,-0.02720141499989177,-0.015235533768162066,-0.02062458357072597,0.023279816583105687
31668.0,-0.02712158742057605,-0.015308580666952284,-0.020632520090323188,0.023366385267193306
31680.0,-0.027040858368894857,-0.015381963583627303,-0.02064023693209173,0.023450171375221783
31692.0,-0.026959233771746464,-0.015455662654368992,-0.02064773428683336,0.02353116700111607
31704.0,-0.026876712526651386,-0.015529661956274081,-0.0206550102316218,0.023609363923931277
31716.0,-0.026793287718830727,-0.015603950538540343,-0.020662060465206262,0.02368475429462719
31728.0,-0.02670894881114575,-0.015678522576718888,-0.02066887837490101,0.023757331358933285
31740.0,-0.026623684380177412,-0.015753376715294903,-0.020675455397809878,0.02382709012533793
31752.0,-0.02653748487960123,-0.015828514808164707,-0.0206817816014511,0.023894027898525183
31764.0,-0.026450344925172734,-0.01590394036114309,-0.020687846390739718,0.023958144622697727
31776.0,-0.02636226470930716,-0.015979657007498732,-0.020693639249338192,0.024019443011832717
31788.0,-0.026273250341714828,-0.01605566730342596,-0.020699150438600638,0.02407792847911465
31800.0,-0.026183313134925786,-0.016131972027478198,-0.020704371599227923,0.02413360890917039
31812.0,-0.026092468062649535,-0.016208570031192672,-0.020709296221836676,0.024186494338599963
31824.0,-0.026000731771619663,-0.016285458549487597,-0.02071391996767587,0.024236596618774663
31836.0,-0.025908120593959243,-0.016362633770966792,-0.020718240828051536,0.02428392912868673
31848.0,-0.025814648976671677,-0.01644009141482682,-0.020722259112728878,0.024328506586395075
31860.0,-0.025720328628296915,-0.016517827074514733,-0.020725977258409807,0.024370344979524852
31872.0,-0.02562516850898295,-0.016595836164809925,-0.02072939945377755,0.024409461604314918
31884.0,-0.025529175599399153,-0.01667411342983694,-0.020732531091514902,0.02444587517538642
31896.0,-0.02543235621826669,-0.016752652105141604,-0.02073537808083899,0.024479605950450376
31908.0,-0.025334717552570156,-0.0168314429438289,-0.020737946083125486,0.024510675809299203
31920.0,-0.02523626903860688,-0.016910473385030357,-0.02074023976126974,0.024539108235546572
31932.0,-0.02513702328704539,-0.016989727143544242,-0.020742262151884596,0.024564928170577496
31944.0,-0.025036996364050025,-0.01706918442871139,-0.020744014270248672,0.024588161737336394
31956.0,-0.024936207392767796,-0.01714882287147174,-0.020745495036287448,0.024608835860606137
31968.0,-0.024834677588705185,-0.017228619078252447,-0.020746701566107337,0.02462697783376671
31980.0,-0.024732428955194268,-0.017308550574354903,-0.020747629813815647,0.024642614894312645
31992.0,-0.024629482918140835,-0.01738859778381957,-0.020748275483587604,0.024655773868688592
32004.0,-0.02452585916471954,-0.01746874564573046,-0.020748635075886434,0.02466648093138934
32016.0,-0.024421574877084764,-0.017548984502779846,-0.02074870689758276,0.024674761496992645
32028.0,-0.024316644441355534,-0.01762931001315844,-0.0207484918627898,0.024680640232533597
32040.0,-0.024211079593410526,-0.01770972201062505,-0.02074799394241916,0.024684141148321202
32052.0,-0.02410488986568551,-0.017790222435929315,-0.020747220181039742,0.02468528770462202
32064.0,-0.023998083145384007,-0.01787081264555053,-0.0207461802778898,0.024684102864549088
32076.0,-0.023890666154345642,-0.017951490533385222,-0.02074488580857756,0.024680609032109706
32088.0,-0.023782644710379924,-0.018032247950486392,-0.020743349227906164,0.024674827837434035
32100.0,-0.02367402371305477,-0.018113068866454887,-0.020741582828277868,0.02466677976432214
32112.0,-0.023564806890056442,-0.0181939285914204,-0.02073959782473322,0.024656483651737518
32124.0,-0.023454996418407082,-0.018274794194404368,-0.020737403697877885,0.02464395613319086
32136.0,-0.023344592578250497,-0.018355626048452936,-0.020735007859295055,0.024629211099261673
32148.0,-0.023233593595691632,-0.01843638024531032,-0.020732415626538214,0.024612259274123326
32160.0,-0.02312199578733152,-0.018517011488024284,-0.020729630425180844,0.0245931079853527
32172.0,-0.023009794045567425,-0.018597476012340873,-0.020726654090635937,0.02457176117949019
32184.0,-0.02289698262037671,-0.018677734114271424,-0.020723487133560734,0.02454821969882029
32196.0,-0.022783556081736087,-0.018757751961736187,-0.020720128861829105,0.024522481794747912
32208.0,-0.02266951030460163,-0.018837502518209797,-0.020716577311893324,0.024494543817592297
32220.0,-0.022554843314701103,-0.018916965572746483,-0.02071282901744067,0.024464400998247548
32232.0,-0.022439555867162553,-0.018996127019478337,-0.020708878713698545,0.0244320482282696
32244.0,-0.02232365169061154,-0.019074977632759813,-0.020704719122023773,0.024397480752693
32256.0,-0.022207137399983146,-0.019153511625576713,-0.02070034096723672,0.024360694712106338
32268.0,-0.022090022143650096,-0.01923172525724268,-0.020695733344274714,0.024321687502312648
32280.0,-0.02197231708982582,-0.01930961568423424,-0.020690884476667684,0.02428045795469616
32292.0,-0.021854034866127994,-0.019387180147777607,-0.020685782812588854,0.02423700637136817
32304.0,-0.021735189046171912,-0.01946441549015291,-0.02068041830704863,0.02419133447056149
32316.0,-0.02161579373757701,-0.01954131791291885,-0.02067478366516317,0.024143445306104898
32328.0,-0.021495863281116665,-0.019617882850750234,-0.020668875291428065,0.024093343219472083
32340.0,-0.021375412035608072,-0.01969410483941937,-0.020662693714794737,0.024041033865988777
32352.0,-0.02125445420815244,-0.01976997729903285,-0.020656243338353922,0.02398652433260431
32364.0,-0.0211330036978901,-0.019845492218100013,-0.0206495314824249,0.023929823338659215
32376.0,-0.021011073948713703,-0.01992063978986016,-0.02064256682762217,0.023870941488741148
32388.0,-0.02088867784086862,-0.01999540809993276,-0.02063535749150663,0.023809891532304967
32400.0,-0.020765827678442997,-0.020069782980134176,-0.020627909061013874,0.02374668858059086
32412.0,-0.020642535336354077,-0.020143748122857744,-0.020620222932219226,0.02368135023759674
32424.0,-0.02051881260947568,-0.02021728549945481,-0.020612295270106835,0.023613896616446844
32436.0,-0.020394671759699272,-0.020290376058542017,-0.020604116798884724,0.023544350231949323
32448.0,-0.020270126194745507,-0.02036300061436333,-0.02059567348644833,0.023472735780308673
32460.0,-0.020145191152899054,-0.020435140788864783,-0.020586948023066355,0.023399079833968373
32472.0,-0.020019884230054203,-0.020506779856257578,-0.020577921846515967,0.023323410490535712
32484.0,-0.019894225585491223,-0.02057790335927048,-0.020568577363346517,0.023245757018289525
32496.0,-0.019768237707904323,-0.020648499416322373,-0.020558899979460532,0.023166149537070364
32508.0,-0.019641944708761974,-0.020718558704997298,-0.020548879590298233,0.023084618763906946
32520.0,-0.019515371219503672,-0.020788074171927167,-0.02053851128430135,0.023001195839884307
32532.0,-0.0193885410769566,-0.020857040565659492,-0.02052779516240309,0.022915912241092504
32544.0,-0.019261476059353827,-0.020925453905809365,-0.02051673534140337,0.02282879976428777
32556.0,-0.019134194959411766,-0.02099331098575764,-0.02050533835770504,0.022739890568736387
32568.0,-0.01900671323809669,-0.021060608963711324,-0.020493611291243614,0.022649217250329243
32580.0,-0.018879043395541535,-0.02112734504210546,-0.02048155996834399,0.022556812922399857
32592.0,-0.018751196043045322,-0.021193516185931783,-0.020469187570779656,0.02246271127914227
32604.0,-0.018623181494357703,-0.02125911880325956,-0.020456493884793214,0.022366946621245883
32616.0,-0.018495011554031358,-0.021324148316538016,-0.020443475288737543,0.02226955382850347
32628.0,-0.018366701101433413,-0.021388598592368822,-0.02043012542948686,0.022170568270065895
32640.0,-0.01823826907538825,-0.02145246126108599,-0.020416436405785273,0.022070025649311195
32652.0,-0.018109738562361897,-0.021515725028000678,-0.020402400186836384,0.02196796178672573
32664.0,-0.01798113586542121,-0.021578375133785906,-0.020388009962900706,0.021864412350533397
32676.0,-0.017852488647706825,-0.021640393142102442,-0.020373261155343447,0.021759412550702947
32688.0,-0.01772382345642558,-0.021701757205554242,-0.020358151897694226,0.02165299681686568
32700.0,-0.017595163092870122,-0.021762442885406862,-0.02034268291767398,0.02154519848388784
32712.0,-0.01746652436125954,-0.021822424488306343,-0.020326856877519325,0.021436049509665267
32724.0,-0.017337916683521037,-0.02188167675785201,-0.020310677340210272,0.02132558024766128
32736.0,-0.017209341912207642,-0.021940176649999883,-0.020294147600785788,0.021213819291741428
32748.0,-0.01708079543806958,-0.021997904858015324,-0.020277269641835773,0.021100793403481363
32760.0,-0.01695226842028916,-0.022054846756242717,-0.0202600434383544,0.020986527523400536
32772.0,-0.016823750723361834,-0.022110992509633165,-0.020242466758098328,0.020871044858953216
32784.0,-0.016695233979218207,-0.022166336238212965,-0.02022453549670268,0.020754367035122723
32796.0,-0.016566714145209965,-0.022220874306928252,-0.02020624447419836,0.020636514289369835
32808.0,-0.016438193012315243,-0.022274602994778733,-0.020187588523677486,0.020517505692132204
32820.0,-0.016309678319339636,-0.02232751594260121,-0.020168563642035366,0.020397359376903887
32832.0,-0.016181182408131614,-0.022379601851634606,-0.020149167957922924,0.020276092769182796
32844.0,-0.016052719654465187,-0.022430842884363277,-0.020129402305042805,0.020153722809704237
32856.0,-0.015924303166597806,-0.022481214103840096,-0.020109270262391815,0.020030266172614924
32868.0,-0.015795941404298994,-0.022530684097319287,-0.0200887776223592,0.019905739482073755
32880.0,-0.015667635401313662,-0.0225792167016642,-0.020067931353835475,0.01978015953036225
32892.0,-0.015539377167367283,-0.02262677352873196,-0.02004673822115477,0.019653543497066984
32904.0,-0.015411149624463123,-0.02267331682580348,-0.02002520328420266,0.01952590916335073
32916.0,-0.015282928142713016,-0.02271881213561674,-0.020003328529536343,0.019397275109584496
32928.0,-0.015154683443137236,-0.022763230260152503,-0.019981111863430167,0.019267660880769026
32940.0,-0.015026385388976386,-0.02280654817598759,-0.019958546639554632,0.01913708710403157
32952.0,-0.014898007040661857,-0.022848748767879817,-0.0199356218072619,0.0190055755470003
32964.0,-0.014769528327760196,-0.022889819495307266,-0.019912322666378525,0.018873149114789323
32976.0,-0.014640938791881232,-0.02292975033065773,-0.01988863211791499,0.01873983179514795
32988.0,-0.014512239050110327,-0.02296853145866897,-0.01986453222298218,0.01860564857349127
33000.0,-0.014383440873073243,-0.02300615127081956,-0.019840005836602975,0.018470625349007296
33012.0,-0.014254566012108847,-0.02304259511492746,-0.019815038075712544,0.018334788887036525
33024.0,-0.014125644098020943,-0.02307784508426651,-0.01978961741181521,0.018198166839602965
33036.0,-0.013996710036756115,-0.02311188088994059,-0.019763736242686052,0.018060787854997585
33048.0,-0.01386780133414083,-0.0231446816077205,-0.019737390883247233,0.017922681780049615
33060.0,-0.013738955704200131,-0.023176227882005258,-0.019710581009117684,0.017783879938088745
33072.0,-0.013610209183363349,-0.023206504051901788,-0.019683308672144725,0.017644415445523823
33084.0,-0.013481594825268213,-0.023235499664935245,-0.019655577071697176,0.017504323514557506
33096.0,-0.013353141926106094,-0.02326320996407871,-0.019627389298414875,0.01736364168224296
33108.0,-0.013224875656098704,-0.023289635148675,-0.019598747263424674,0.017222409908826387
33120.0,-0.013096816959406597,-0.023314778473323586,-0.019569650986689606,0.01708067050114109
33132.0,-0.012968982624662595,-0.0233386435037038,-0.019540098349970284,0.016938467837784802
33144.0,-0.012841385498410235,-0.02336123103880706,-0.019510085334480502,0.016795847898396415
33156.0,-0.012714034883286878,-0.023382536293088032,-0.019479606675316428,0.0166528576251712
33168.0,-0.01258693720265841,-0.02340254689059757,-0.019448656789314924,0.016509544166491495
33180.0,-0.012460097004660756,-0.023421242064509455,-0.019417230783359895,0.016365954066810063
33192.0,-0.012333518318280308,-0.023438593213408104,-0.01938532533523514,0.016222132471885052
33204.0,-0.01220720627646733,-0.023454565692198306,-0.019352939261918833,0.01607812241414286
33216.0,-0.012081168814156742,-0.023469121469182782,-0.019320073647125582,0.01593396423102426
33228.0,-0.011955418166304854,-0.02348222211424006,-0.019286731481185565,0.015789695152479775
33240.0,-0.01182997186293989,-0.023493831531023905,-0.019252916857698206,0.015645349075545135
33252.0,-0.011704852962574397,-0.023503917918447668,-0.01921863385638763,0.015500956526994042
33264.0,-0.011580089381498772,-0.023512454626058946,-0.019183885304598334,0.015356544801310663
33276.0,-0.01145571234414154,-0.02351941981382454,-0.019148671638952376,0.015212138251289498
33288.0,-0.011331754162815968,-0.023524795084917772,-0.01911299007784473,0.015067758701967568
33300.0,-0.011208245710406885,-0.023528563474022705,-0.019076834265879892,0.014923425954145335
33312.0,-0.011085214036920726,-0.023530707297642568,-0.019040194471385365,0.014779158340209536
33324.0,-0.010962680574193334,-0.02353120638158941,-0.01900305832185466,0.01463497329162374
33336.0,-0.010840660267555497,-0.023530037074704017,-0.018965411966889275,0.014490887874530066
33348.0,-0.01071916178770411,-0.023527172262747184,-0.01892724148131606,0.01434691924863163
33360.0,-0.010598188749487456,-0.023522582357492716,-0.01888853427688079,0.014203085006783732
33372.0,-0.01047774164751349,-0.023516237007613353,-0.018849280287636265,0.014059403360412913
33384.0,-0.01035782006197658,-0.02350810711121438,-0.01880947273275714,0.013915893150140983
33396.0,-0.010238424629997491,-0.023498166641697935,-0.018769108334226393,0.013772573681496683
33408.0,-0.010119558334158606,-0.023486393843503144,-0.01872818696237638,0.013629464410213555
33420.0,-0.010001226820244478,-0.02347277150125879,-0.018686710782330064,0.013486584526497699
33432.0,-0.009883437685052258,-0.02345728620138348,-0.018644683060858844,0.013343952507892817
33444.0,-0.009766198920060495,-0.023439926740471444,-0.018602106850484003,0.01320158572104235
33456.0,-0.00964951690037873,-0.023420682037012523,-0.01855898378564725,0.013059500150038643
33468.0,-0.009533394422087399,-0.023399539026710367,-0.018515313201566637,0.012917710311786205
33480.0,-0.009417829286665354,-0.023376481038909637,-0.018471091724801363,0.012776229388554905
33492.0,-0.009302813808143417,-0.023351487057892778,-0.018426313397139328,0.012635069569398699
33504.0,-0.009188335404570142,-0.023324532087825322,-0.018380970297286945,0.012494242552474296
33516.0,-0.009074378180016102,-0.023295588603533788,-0.018335053535585597,0.012353760127633107
33528.0,-0.00896092516684209,-0.02326462883187364,-0.018288554431484198,0.012213634740367563
33540.0,-0.00884796073673396,-0.023231627421131947,-0.018241465653076362,0.012073879939177374
33552.0,-0.008735472642221605,-0.023196563958916835,-0.018193782107468012,0.011934510629774983
33564.0,-0.008623453230416007,-0.023159424813307225,-0.018145501417667333,0.011795543097982785
33576.0,-0.008511899559869057,-0.02312020389518567,-0.01809662389707784,0.01165699481141368
33588.0,-0.008400812406064377,-0.02307890214645042,-0.01804715202270928,0.011518884058156988
33600.0,-0.008290194401498668,-0.023035525806822395,-0.017997089496853396,0.011381229518205038
33612.0,-0.008180047761239808,-0.022990083750724154,-0.017946440058814087,0.01124404988146919
33624.0,-0.008070372145679391,-0.02294258436715784,-0.017895206251268097,0.01110736361996719
33636.0,-0.007961163184762093,-0.022893032543898222,-0.01784338835320007,0.010971188991273759
33648.0,-0.007852412038309166,-0.02284142729628718,-0.017790983662626284,0.010835544301153655
33660.0,-0.00774410613001095,-0.022787760456420576,-0.017737986253162374,0.01070044839539992
33672.0,-0.007636230923635106,-0.0227320166370823,-0.017684387249534732,0.010565921296640414
33684.0,-0.007528772371736672,-0.022674174447593034,-0.017630175582011316,0.010431984863355127
33696.0,-0.007421719514866998,-0.022614208712928713,-0.01757533910267471,0.010298663334681041
33708.0,-0.007315066677558161,-0.022552093276418196,-0.017519865889944135,0.010165983639727318
33720.0,-0.0072088148021301575,-0.02248780388111413,-0.017463745540479678,0.010033975391781972
33732.0,-0.007102971658724267,-0.02242132063847807,-0.017406970253228585,0.009902670547680998
33744.0,-0.006997550922177148,-0.02235262969820998,-0.01734953554709464,0.009772102778110785
33756.0,-0.006892570353531099,-0.022281723904918727,-0.017291440514742552,0.009642306651450753
33768.0,-0.006788049508559497,-0.02220860242879945,-0.01723268758988876,0.0095133167691696
33780.0,-0.006684007476173003,-0.022133269547331347,-0.01717328188167076,0.009385166996439933
33792.0,-0.0065804611102243905,-0.022055732896347456,-0.017113230195067563,0.009257889905672714
33804.0,-0.006477424072392367,-0.021976001576367706,-0.017052539900710355,0.00913151649832868
33816.0,-0.006374906790128555,-0.0218940844847595,-0.01699121783429994,0.009006076203001949
33828.0,-0.006272917206106878,-0.021809989154384205,-0.01692926939338065,0.008881597080498854
33840.0,-0.006171462010095266,-0.02172372123810542,-0.01686669796035513,0.008758106114988829
33852.0,-0.006070547944657286,-0.021635284618601446,-0.016803504722511676,0.008635629446732226
33864.0,-0.00597018278407786,-0.021544681979450354,-0.016739688892568293,0.008514192412823252
33876.0,-0.005870375695543316,-0.021451915576567344,-0.016675248268124433,0.008393819306581137
33888.0,-0.00577113687173568,-0.02135698791781578,-0.016610180016082676,0.008274532834789926
33900.0,-0.005672476526491379,-0.021259902097333104,-0.01654448153674885,0.008156353330149087
33912.0,-0.005574403517388482,-0.021160661628986176,-0.01647815125636845,0.008039297846528515
33924.0,-0.0054769239573553685,-0.02105926975708099,-0.016411189216306455,0.00792337931050387
33936.0,-0.005380040177853603,-0.020955728361401638,-0.01634359736759729,0.007808605912591007
33948.0,-0.005283750310814299,-0.020850036686581183,-0.016275379533384184,0.007694980891586814
33960.0,-0.0051880485921151276,-0.02074219018743182,-0.016206541059023524,0.007582502800154871
33972.0,-0.005092926300448867,-0.020632179778184496,-0.016137088220326,0.007471166251903461
33984.0,-0.00499837308236739,-0.02051999170478382,-0.016067027496103083,0.007360963057713267
33996.0,-0.004904378320241368,-0.020405608139703997,-0.015996364826506654,0.007251883581584815
34008.0,-0.0048109321994747305,-0.020289008453482003,-0.015925104972147615,0.007143918100731081
34020.0,-0.004718026224195403,-0.020170170977272847,-0.015853251063256833,0.0070370579515645435
34032.0,-0.004625653091543013,-0.020049074966315427,-0.01578080438919295,0.006931296284310602
34044.0,-0.004533806020001846,-0.019925702428082066,-0.015707764434476055,0.006826628326536544
34056.0,-0.004442477786509682,-0.019800039501714058,-0.015634129126732083,0.0067230511543500075
34068.0,-0.004351659816296273,-0.01967207716318883,-0.015559895231713918,0.006620563069165749
34080.0,-0.004261341662813872,-0.01954181116567834,-0.015485058815550503,0.006519162757145867
34092.0,-0.004171511112374903,-0.01940924127859982,-0.01540961569581385,0.00641884845107313
34104.0,-0.004082154974858098,-0.019274370029341754,-0.015333561818722707,0.0063196173114790245
34116.0,-0.003993260423464863,-0.01913720124844133,-0.015256893524936956,0.006221465195808661
34128.0,-0.0039048165765224125,-0.01899773875093643,-0.015179607694568758,0.006124386901206824
34140.0,-0.0038168159203902817,-0.01885598544625215,-0.015101701786881068,0.006028376865442752
34152.0,-0.0037292551835843585,-0.018711943064432617,-0.01502317380671092,0.005933430212517056
34164.0,-0.0036421353902599952,-0.01856561254007808,-0.014944022235415338,0.005839543954800034
34176.0,-0.003555461019724449,-0.018416994938913737,-0.014864245959380368,0.005746718127296601
34188.0,-0.003469238428697371,-0.01826609268031161,-0.014783844216678053,0.0056549566388086735
34200.0,-0.003383473895109121,-0.018112910732442856,-0.014702816566775771,0.005564267676825055
34212.0,-0.003298171761460317,-0.01795745745373506,-0.014621162874192723,0.005474663586519334
34224.0,-0.00321333315644147,-0.017799744827694426,-0.014538883288694784,0.005386160241607634
34236.0,-0.003128955649147314,-0.017639787973618926,-0.014455978204185625,0.0052987760159247605
34248.0,-0.0030450339665322413,-0.01747760398451665,-0.014372448185683067,0.005212530531219613
34260.0,-0.0029615616344609934,-0.017313210308337882,-0.01428829386621811,0.005127443386331545
34272.0,-0.002878533153222642,-0.01714662301156614,-0.014203515829183194,0.005043533061234876
34284.0,-0.0027959461552274443,-0.016977855315319854,-0.014118114502185317,0.004960816140891886
34296.0,-0.002713802962659274,-0.016806916758323846,-0.01403209009221554,0.004879306930444144
34308.0,-0.002632111081524376,-0.016633813222233333,-0.01394544258711087,0.004799017451685891
34320.0,-0.002550882414372539,-0.01645854787546715,-0.013858171835374935,0.004719957738577446
34332.0,-0.002470131292260809,-0.016281122889131257,-0.01377027769822901,0.004642136301383683
34344.0,-0.0023898717413750933,-0.016101541596884438,-0.013681760248685502,0.004565560613448865
34356.0,-0.0023101146318721885,-0.015919810651192134,-0.013592619977394707,0.004490237492589639
34368.0,-0.0022308654428230762,-0.015735941700869394,-0.013502857958209248,0.00441617329404957
34380.0,-0.0021521232869487145,-0.015549952189688125,-0.013412475930217469,0.00434337389167472
34392.0,-0.0020738815829984126,-0.015361865041586932,-0.013321476267318043,0.00427184448354286
34404.0,-0.001996130393863768,-0.015171707222721709,-0.013229861828608719,0.004201589303660072
34416.0,-0.0019188600468665585,-0.014979507408106786,-0.01313763570833653,0.004132611342511118
34428.0,-0.0018420653130746822,-0.014785293180229444,-0.01304480092737622,0.004064912172374338
34440.0,-0.0017657492289753782,-0.014589088304472612,-0.012951360123996723,0.003998491941372308
34452.0,-0.001689925649991789,-0.014390910633446169,-0.012857315306424102,0.0039333495520817215
34464.0,-0.001614619840494067,-0.0141907710843319,-0.012762667722175101,0.0038694829886141906
34476.0,-0.0015398667902105072,-0.013988673929731844,-0.012667417880718722,0.0038068897133876614
34488.0,-0.0014657074223926071,-0.013784618384025504,-0.012571565740403263,0.0037455670317758476
34500.0,-0.001392183320965623,-0.013578601207404476,-0.012475111042843686,0.0036855123249438337
34512.0,-0.001319330947765018,-0.013370619843482492,-0.012378053753411571,0.0036267230778204936
34524.0,-0.0012471764657262954,-0.01316067549806551,-0.01228039454948326,0.0035691966738556928
34536.0,-0.0011757321910711898,-0.012948775580302012,-0.012182135291234871,0.003512929980313946
34548.0,-0.0011049953811391358,-0.012734935061040483,-0.012083279413356868,0.0034579187951349847
34560.0,-0.0010349495891463219,-0.012519176528902,-0.01198383218835674,0.0034041572579449385
34572.0,-0.0009655682844167986,-0.012301528994280147,-0.011883800829950743,0.0033516373365967793
34584.0,-0.0008968199628395673,-0.012082025747301961,-0.011783194424716805,0.0033003484850637078
34596.0,-0.0008286736624763467,-0.011860701762570773,-0.011682023698409663,0.003250277532713112
34608.0,-0.0007611037232438221,-0.011637591221015226,-0.011580300637967327,0.0032014088176721208
34620.0,-0.0006940928059667645,-0.01141272567101473,-0.01147803800052643,0.003153724529336489
34632.0,-0.0006276325773454088,-0.01118613318841997,-0.011375248747232192,0.003107205188017485
34644.0,-0.0005617219878802054,-0.01095783865468305,-0.011271945443512078,0.0030618301713963613
34656.0,-0.0004963636046740824,-0.010727865007897637,-0.011168139670008475,0.00301757820131347
34668.0,-0.00043155889175814006,-0.010496235092374847,-0.01106384149009238,0.0029744277285127523
34680.0,-0.000367303561534086,-0.010262973589946585,-0.010959059020322341,0.002932357190529326
34692.0,-0.0003035841008592401,-0.010028108492757199,-0.010853798147899805,0.0028913451590893576
34704.0,-0.00024037630891132284,-0.009791671678661107,-0.010748062432138793,0.0028513704276672083
34716.0,-0.00017764623085137504,-0.009553698354439087,-0.01064185321355172,0.0028124121085931946
34728.0,-0.00011535333256702747,-0.009314225393845039,-0.010535169933854048,0.0027744498076752644
34740.0,-5.3455257381310244e-5,-0.009073288858953817,-0.010428010644318185,0.0027374639231051165
34752.0,8.086852488005836e-6,-0.008830921196214644,-0.01032037265177237,0.0027014360798125713
34764.0,6.930361971838522e-5,-0.008587148697579162,-0.010212253226065119,0.0026663496693715327
34776.0,0.00013021430974228593,-0.00834198978937737,-0.010103650275588742,0.0026321904294316885
34788.0,0.00019082600412488422,-0.008095454562241694,-0.009994562893429874,0.002598946974736759
34800.0,0.0002511352549297584,-0.007847545715748193,-0.009884991688858634,0.0025666111900162956
34812.0,0.000311131870701313,-0.00759826081233869,-0.00977493884712634,0.002535178414509073
34824.0,0.00037080402824378955,-0.007347595475391522,-0.009664407901420502,0.0025046473845705816
34836.0,0.0004301436250677627,-0.0070955469801013285,-0.009553403247767376,0.0024750199465007113
34848.0,0.0004891507438882087,-0.00684211761075022,-0.00944192947820511,0.002446300595874699
34860.0,0.0005478362991734099,-0.00658731720739975,-0.009329990640995007,0.002418495931929596
34872.0,0.0006062223298297696,-0.006331164485850514,-0.009217589551994783,0.0023916141282418427
34884.0,0.0006643399033470819,-0.006073686950777286,-0.00910472727489247,0.0023656645107988554
34896.0,0.0007222250953495814,-0.005814919482674077,-0.008991402860369533,0.0023406573036726533
34908.0,0.0007799138978104291,-0.005554901911024826,-0.008877613390312365,0.0023166035577596887
34920.0,0.0008374371088632819,-0.005293676043981616,-0.008763354321186077,0.002293515229669232
34932.0,0.0008948162300844125,-0.005031282681754893,-0.00864862007055189,0.002271405336993247
34944.0,0.0009520611563109171,-0.004767759092734728,-0.008533404751928136,0.0022502880924269884
34956.0,0.0010091700471846902,-0.004503137296374683,-0.00841770294276839,0.0022301789182499108
34968.0,0.0010661313086941205,-0.004237443310462176,-0.008301510371322488,0.002211094265058402
34980.0,0.0011229271876110234,-0.003970697326088738,-0.008184824429124654,0.002193051199561113
34992.0,0.0011795381806505958,-0.0037029146128080455,-0.0080676444513656,0.0021760667766233003
35004.0,0.0012359473414262623,-0.003434106859234491,-0.007949971749365393,0.002160157259271256
35016.0,0.0012921436477123195,-0.003164283633547335,-0.007831809418996511,0.0021453372860755875
35028.0,0.0013481238413578947,-0.0028934536980857162,-0.007713161978774014,0.002131619100098817
35040.0,0.0014038925101184177,-0.002621626010709298,-0.007594034906937605,0.0021190119439972446
35052.0,0.0014594605616150946,-0.0023488103618962775,-0.007474434147448712,0.002107521693987539
35064.0,0.0015148425611264602,-0.0020750176988383042,-0.007354365643232478,0.002097150758350532
35076.0,0.0015700536015803305,-0.0018002602514183034,-0.007233834936520674,0.002087898214520122
35088.0,0.001625106412147124,-0.0015245515881413775,-0.007112846856940312,0.0020797601142233235
35100.0,0.0016800092946692036,-0.0012479066960104758,-0.006991405303240731,0.0020727298586470763
35112.0,0.001734765242406358,-0.000970342113255985,-0.006869513117098616,0.00206679854138621
35124.0,0.0017893723043971282,-0.0006918760718850109,-0.006747172047113472,0.0020619551768570653
35136.0,0.0018438249804846834,-0.000412528553202178,-0.006624382804996737,0.0020581867712952365
35148.0,0.0018981162279770342,-0.00013232114261271598,-0.00650114521953841,0.002055478243230129
35160.0,0.0019522395707014116,0.00014872340228580338,-0.006377458492693872,0.002053812248803285
35172.0,0.002006190835411755,0.00043058188978426626,-0.006253321553243515,0.002053169002967307
35184.0,0.0020599691801496183,0.000713231669759183,-0.006128733486994944,0.002053526201704305
35196.0,0.0021135772823333964,0.0009966516932157351,-0.006003694001703164,0.0020548591389307033
35208.0,0.0021670207677285313,0.001280823444178359,-0.0058782038656127415,0.002057141076435316
35220.0,0.002220307133731349,0.0015657315206323182,-0.005752265247611207,0.0020603438732003467
35232.0,0.0022734445143640083,0.001851363682548286,-0.005625881890215377,0.002064438822897655
35244.0,0.002326440634746324,0.0021377102733347846,-0.005499059066767875,0.002069397597913388
35256.0,0.002379302218247736,0.002424763038212683,-0.005371803309745681,0.002075193166413494
35268.0,0.0024320349686807736,0.0027125134832337956,-0.0052441219418691565,0.0020818005434724888
35280.0,0.002484644092813783,0.0030009510149120937,-0.0051160224861334785,0.00208919726041726
35292.0,0.0025371351957479897,0.003290061150943691,-0.004987512063982261,0.002097363484482589
35304.0,0.0025895153042354816,0.0035798240860339414,-0.00485859690301475,0.0021062817844642347
35316.0,0.0026417937649424825,0.003870213835289128,-0.004729282061351361,0.0021159366046107657
35328.0,0.002693982820987727,0.004161198075211459,-0.004599571435534111,0.002126313564955138
35340.0,0.0027460977694163803,0.0044527386819626725,-0.004469468059555577,0.002137398740038901
35352.0,0.0027981567136693745,0.004744792854062146,-0.004338974636624728,0.002149178072307712
35364.0,0.002850180017061151,0.005037314624570711,-0.004208094187726875,0.002161637050072995
35376.0,0.0029021896123188756,0.005330256530113563,-0.004076830666341525,0.0021747607278039508
35388.0,0.0029542083189528978,0.00562357121356232,-0.003945189386926106,0.0021885340988623456
35400.0,0.0030062592711487986,0.0059172127854673715,-0.0038131771488595545,0.0022029427610333677
35412.0,0.0030583654838428433,0.006211137839933786,-0.0036808020019306487,0.0022179737572079897
35424.0,0.0031105495105520236,0.006505306093890099,-0.0035480726809047364,0.0022336164388324677
35436.0,0.0031628330991652818,0.006799680677169409,-0.0034149978169323116,0.0022498631950478706
35448.0,0.0032152367482299925,0.007094228133789145,-0.0032815850933615286,0.0022667099165116318
35460.0,0.0032677791092665404,0.007388918200621338,-0.0031478405373252688,0.0022841561142432033
35472.0,0.003320476258137872,0.0076837234153029135,-0.0030137681183723905,0.0023022046799336107
35484.0,0.003373340946347622,0.0079786185835109,-0.0028793697634949588,0.002320861341584064
35496.0,0.0034263820119513518,0.008273580120584269,-0.002744645806361676,0.002340133923525694
35508.0,0.003479604153373683,0.008568585284247487,-0.0026095957873526043,0.0023600315518618365
35520.0,0.003533008232803444,0.008863611336925427,-0.00247421943347136,0.0023805639490183795
35532.0,0.0035865921802839323,0.009158634712212812,-0.0023385175947917888,0.0024017409342630947
35544.0,0.003640352433662558,0.00945363029756746,-0.0022024929110240907,0.002423572196643455
35556.0,0.0036942857052318224,0.009748570967874563,-0.002066150031414557,0.0024460673434449983
35568.0,0.0037483907510361836,0.010043427497599677,-0.0019294953046623826,0.0024692361642127216
35580.0,0.0038026697674470354,0.010338168935163622,-0.0017925359732874429,0.002493089000700693
35592.0,0.0038571290726136975,0.010632763444734461,-0.001655279022775393,0.002517637087124246
35604.0,0.003911778849122956,0.010927179521807901,-0.001517729922989115,0.0025428927282176513
35616.0,0.003966631908625023,0.011221387392348507,-0.0013798915364223075,0.0025688692143229753
35628.0,0.004021701651433158,0.0115153603368205,-0.001241763444266802,0.0025955804266909474
35640.0,0.004076999586612119,0.011809075662534835,-0.0011033418599688443,0.0026230401514592107
35652.0,0.004132532904589569,0.012102515092589557,-0.0009646201773732856,0.002651261184147804
35664.0,0.004188302621165361,0.012395664444761156,-0.0008255900631828936,0.0026802543550647805
35676.0,0.004244302726546546,0.012688512620696422,-0.0006862428820494654,0.0027100276297527936
35688.0,0.004300520588554196,0.01298105008355682,-0.0005465711652173338,0.0027405854324508453
35700.0,0.004356938611656938,0.013273267133646233,-0.00040656981905228445,0.0027719283053383695
35712.0,0.004413536895079646,0.01356515236198779,-0.00026623682295143133,0.002804052958665703
35724.0,0.004470296420384027,0.013856691648438352,-0.00012557327662208458,0.002836952697786056
35736.0,0.004527202179603453,0.014147867969279854,1.541719923751683e-5,0.0028706181458700007
35748.0,0.0045842456575121236,0.014438662105947048,0.00015672955922419105,0.002905038128617911
35760.0,0.004641426207584727,0.014729054137049087,0.000298358662770084,0.002940200559609284
35772.0,0.0046987510848397925,0.015019025397150632,0.00044030051725537804,0.0029760931672316864
35784.0,0.004756234172211326,0.015308560446051899,0.0005825531310553795,0.0030127039358109034
35796.0,0.004813893701080982,0.015597648549314957,0.0007251167587279409,0.0030500211883967374
35808.0,0.004871749463748905,0.015886284242139097,0.0008679934580690908,0.00308803330609077
35820.0,0.004929820103433059,0.016174466726291734,0.0010111860377784697,0.003126728146056549
35832.0,0.004988121027882529,0.016462198100074932,0.001154696619387327,0.0031660922749447333
35844.0,0.005046663336412838,0.016749480691489866,0.0012985251348885027,0.0032061101666132274
35856.0,0.005105453913656844,0.017036313994082022,0.0014426681092194096,0.0032467635174735694
35868.0,0.005164496580616514,0.01732269183828909,0.0015871180268090639,0.003288030809722936
35880.0,0.005223793963795983,0.017608600432044496,0.0017318634634875929,0.0033298872075247605
35892.0,0.005283349596936954,0.017894017764521285,0.0018768900041136218,0.003372304813274286
35904.0,0.005343169737929201,0.018178914609179662,0.002022181797070043,0.0034152532518297593
35916.0,0.005403264470021709,0.01846325703723955,0.0021677234562388565,0.003458700501086595
35928.0,0.005463647838657877,0.018747010028245425,0.002313501940101209,0.0035026138560973912
35940.0,0.005524337008985256,0.019030141511263334,0.002459508034266826,0.0035469609055672887
35952.0,0.00558535065957128,0.019312626046317827,0.002605737139221231,0.0035917104136456777
35964.0,0.0056467070025140766,0.019594447392640275,0.0027521892035117616,0.0036368330316597117
35976.0,0.005708421900657137,0.01987559940587676,0.002898867814556621,0.003682301805697577
35988.0,0.005770507523403508,0.020156085023912074,0.0030457786282962673,0.0037280924872601083
36000.0,0.005832971853745471,0.02043591347656107,0.0031929274494980385,0.0037741836867624602
